"x","y","elev","grad"
-2.5,-2.5,120.63,0.2519312
2.525,-2.5,121.94,0.3093527
7.55,-2.5,123.46,0.3284767
12.575,-2.5,125.07,0.3226355
17.6,-2.5,126.65,0.3047866
22.625,-2.5,127.96,0.2715315
27.65,-2.5,128.88,0.2370618
32.675,-2.5,129.75,0.193929
37.7,-2.5,130.85,0.1602222
42.725,-2.5,131.81,0.134322
47.75,-2.5,132.18,0.1058294
52.775,-2.5,132.31,0.08758083
57.8,-2.5,132.61,0.07657523
62.825,-2.5,132.93,0.06920935
67.85,-2.5,133.2,0.0642526
72.875,-2.5,133.48,0.05894267
77.9,-2.5,133.79,0.05837248
82.925,-2.5,134.12,0.05584217
87.95,-2.5,134.51,0.0496228
92.975,-2.5,134.86,0.04322274
98,-2.5,135.09,0.04042575
103.025,-2.5,135.21,0.03998762
108.05,-2.5,135.17,0.04125035
113.075,-2.5,135.13,0.04305355
118.1,-2.5,135.27,0.0434454
123.125,-2.5,135.53,0.04432492
128.15,-2.5,135.95,0.04769654
133.175,-2.5,136.4,0.05203026
138.2,-2.5,136.73,0.05528773
143.225,-2.5,137,0.05633807
148.25,-2.5,137.2,0.05550316
153.275,-2.5,137.38,0.05392298
158.3,-2.5,137.56,0.05378637
163.325,-2.5,137.76,0.05702495
168.35,-2.5,138.02,0.06447776
173.375,-2.5,138.19,0.07680803
178.4,-2.5,138.13,0.09457263
183.425,-2.5,137.87,0.1146535
188.45,-2.5,137.31,0.1347057
193.475,-2.5,136.74,0.1512347
198.5,-2.5,136.43,0.162879
203.525,-2.5,136.29,0.1719638
208.55,-2.5,136.37,0.1798385
213.575,-2.5,136.5,0.187906
218.6,-2.5,136.46,0.1992743
223.625,-2.5,136.34,0.2109152
228.65,-2.5,136.15,0.2192611
233.675,-2.5,135.9,0.2245354
238.7,-2.5,135.66,0.2254392
243.725,-2.5,135.39,0.2241939
248.75,-2.5,135.07,0.2207017
253.775,-2.5,134.76,0.2178765
258.8,-2.5,134.5,0.217312
263.825,-2.5,134.27,0.2202134
268.85,-2.5,134.09,0.2214491
273.875,-2.5,133.92,0.2175721
278.9,-2.5,133.74,0.2112978
283.925,-2.5,133.57,0.2027032
288.95,-2.5,133.41,0.1903375
293.975,-2.5,133.24,0.1761447
299,-2.5,133.07,0.1649173
304.025,-2.5,132.89,0.159379
309.05,-2.5,132.69,0.1562606
314.075,-2.5,132.5,0.1560751
319.1,-2.5,132.31,0.1602557
324.125,-2.5,132.13,0.1645369
329.15,-2.5,132.02,0.162558
334.175,-2.5,131.83,0.156102
339.2,-2.5,131.47,0.1506155
344.225,-2.5,130.95,0.1501286
349.25,-2.5,130.18,0.1576751
354.275,-2.5,129.41,0.1679361
359.3,-2.5,128.9,0.1739264
364.325,-2.5,128.55,0.1692338
369.35,-2.5,128.4,0.1523623
374.375,-2.5,128.31,0.1349377
379.4,-2.5,128.13,0.1235897
384.425,-2.5,127.9,0.1200802
389.45,-2.5,127.61,0.1178612
394.475,-2.5,127.35,0.1154983
399.5,-2.5,127.22,0.1126165
404.525,-2.5,127.19,0.1095334
409.55,-2.5,127.27,0.1093694
414.575,-2.5,127.4,0.1130379
419.6,-2.5,127.48,0.1180509
424.625,-2.5,127.55,0.1204194
429.65,-2.5,127.63,0.1203849
434.675,-2.5,127.7,0.1178656
439.7,-2.5,127.76,0.1156152
444.725,-2.5,127.82,0.1159918
449.75,-2.5,127.9,0.1201346
454.775,-2.5,127.95,0.1261719
459.8,-2.5,127.96,0.1299998
464.825,-2.5,127.93,0.1301838
469.85,-2.5,127.82,0.1286265
474.875,-2.5,127.73,0.1277005
479.9,-2.5,127.77,0.1272807
484.925,-2.5,127.91,0.1293038
489.95,-2.5,128.16,0.1345877
494.975,-2.5,128.44,0.1398573
500,-2.5,128.68,0.1410237
505.025,-2.5,128.88,0.1356972
510.05,-2.5,129.01,0.1263187
515.075,-2.5,129.2,0.1213493
520.1,-2.5,129.57,0.1215989
525.125,-2.5,130.09,0.1266227
530.15,-2.5,130.8,0.1335451
535.175,-2.5,131.57,0.1437707
540.2,-2.5,132.23,0.1545538
545.225,-2.5,132.85,0.1668653
550.25,-2.5,133.44,0.1824594
555.275,-2.5,134.01,0.191165
560.3,-2.5,134.58,0.1953743
565.325,-2.5,135.16,0.1911089
570.35,-2.5,135.77,0.1812399
575.375,-2.5,136.32,0.172633
580.4,-2.5,136.75,0.1666728
585.425,-2.5,137.06,0.1652781
590.45,-2.5,137.19,0.1653498
595.475,-2.5,137.32,0.1618677
600.5,-2.5,137.62,0.148964
605.525,-2.5,138.04,0.1265666
610.55,-2.5,138.65,0.1036106
615.575,-2.5,139.23,0.08783
620.6,-2.5,139.56,0.07701136
625.625,-2.5,139.7,0.07327028
630.65,-2.5,139.6,0.07528893
635.675,-2.5,139.47,0.07377424
640.7,-2.5,139.45,0.07170188
645.725,-2.5,139.56,0.08850808
650.75,-2.5,140.08,0.1239261
655.775,-2.5,140.26,0.1531517
660.8,-2.5,139.37,0.1691586
665.825,-2.5,138.35,0.1790913
670.85,-2.5,137.54,0.1823732
675.875,-2.5,135.35,0.1663268
680.9,-2.5,133.11,0.1444343
685.925,-2.5,133.03,0.1308314
690.95,-2.5,135.02,0.1307468
695.975,-2.5,135.41,0.1312564
701,-2.5,135.76,0.1333102
706.025,-2.5,136.74,0.1435311
711.05,-2.5,136.84,0.144944
716.075,-2.5,136.57,0.1237308
721.1,-2.5,136.5,0.1078193
726.125,-2.5,136.39,0.1160655
731.15,-2.5,136.13,0.1344537
736.175,-2.5,135.87,0.1459992
741.2,-2.5,135.7,0.1566445
746.225,-2.5,135.59,0.1697809
751.25,-2.5,135.56,0.1850676
756.275,-2.5,135.53,0.1991268
761.3,-2.5,135.39,0.2097028
766.325,-2.5,135.18,0.2168843
771.35,-2.5,134.87,0.2225701
776.375,-2.5,134.55,0.2258849
781.4,-2.5,134.3,0.2298304
786.425,-2.5,134.12,0.2376908
791.45,-2.5,134.1,0.2493245
796.475,-2.5,133.97,0.2567469
801.5,-2.5,133.47,0.255578
806.525,-2.5,132.67,0.2436383
811.55,-2.5,131.39,0.2227354
816.575,-2.5,130.11,0.1957195
821.6,-2.5,129.31,0.1658461
826.625,-2.5,128.81,0.140755
831.65,-2.5,128.69,0.1238905
836.675,-2.5,128.66,0.1184924
841.7,-2.5,128.45,0.1211428
846.725,-2.5,128.16,0.1245765
851.75,-2.5,127.8,0.1230003
856.775,-2.5,127.4,0.1076468
861.8,-2.5,127.03,0.08795075
866.825,-2.5,126.65,0.06582156
871.85,-2.5,126.17,0.04584103
876.875,-2.5,125.79,0.03262418
881.9,-2.5,125.67,0.02784969
886.925,-2.5,125.78,0.03127724
891.95,-2.5,126.26,0.03812439
896.975,-2.5,126.71,0.04841431
902,-2.5,126.71,0.05649049
907.025,-2.5,126.39,0.05824116
912.05,-2.5,125.65,0.06118796
917.075,-2.5,124.84,0.07014427
922.1,-2.5,124.32,0.07893892
927.125,-2.5,123.96,0.08163637
932.15,-2.5,123.8,0.08193137
937.175,-2.5,123.67,0.08514183
942.2,-2.5,123.36,0.09144369
947.225,-2.5,122.94,0.09840736
952.25,-2.5,122.36,0.1037183
957.275,-2.5,121.79,0.1058013
962.3,-2.5,121.41,0.1079818
967.325,-2.5,121.17,0.107762
972.35,-2.5,121.1,0.1064322
977.375,-2.5,121.06,0.1066122
982.4,-2.5,120.91,0.1102912
987.425,-2.5,120.7,0.1133288
992.45,-2.5,120.46,0.1144384
997.475,-2.5,120.16,0.1159579
1002.5,-2.5,119.81,0.1084148
-2.5,2.55,120.87,0.2018099
2.525,2.55,120.88,0.2460413
7.55,2.55,122.65,0.2708957
12.575,2.55,124.18,0.2898227
17.6,2.55,125.45,0.3027185
22.625,2.55,126.89,0.3011043
27.65,2.55,127.99,0.2819381
32.675,2.55,129.1,0.2464982
37.7,2.55,130.49,0.2009607
42.725,2.55,131.62,0.1591875
47.75,2.55,132.26,0.1302566
52.775,2.55,132.44,0.1047478
57.8,2.55,132.67,0.08442998
62.825,2.55,132.94,0.07068229
67.85,2.55,133.24,0.06246796
72.875,2.55,133.53,0.06032658
77.9,2.55,133.83,0.05837957
82.925,2.55,134.16,0.05331061
87.95,2.55,134.56,0.04753174
92.975,2.55,134.94,0.04243205
98,2.55,135.16,0.03830475
103.025,2.55,135.25,0.03626245
108.05,2.55,135.2,0.03617764
113.075,2.55,135.1,0.03734426
118.1,2.55,135.22,0.03981525
123.125,2.55,135.46,0.04369392
128.15,2.55,135.87,0.04866719
133.175,2.55,136.35,0.05350602
138.2,2.55,136.7,0.05701099
143.225,2.55,136.97,0.0582849
148.25,2.55,137.19,0.05674975
153.275,2.55,137.38,0.05308922
158.3,2.55,137.6,0.0484053
163.325,2.55,137.89,0.04666378
168.35,2.55,138.28,0.05195652
173.375,2.55,138.53,0.06488028
178.4,2.55,138.52,0.08245428
183.425,2.55,138.33,0.1004551
188.45,2.55,137.83,0.117494
193.475,2.55,137.37,0.1328994
198.5,2.55,137.16,0.1465312
203.525,2.55,137.15,0.1592509
208.55,2.55,137.35,0.1702956
213.575,2.55,137.42,0.1804491
218.6,2.55,137.3,0.1898253
223.625,2.55,137.2,0.1977539
228.65,2.55,137.03,0.2030264
233.675,2.55,136.82,0.2063739
238.7,2.55,136.62,0.2096561
243.725,2.55,136.42,0.2120917
248.75,2.55,136.16,0.2123024
253.775,2.55,135.85,0.2118867
258.8,2.55,135.58,0.2120792
263.825,2.55,135.35,0.2124781
268.85,2.55,135.15,0.213093
273.875,2.55,134.91,0.2103862
278.9,2.55,134.68,0.2047779
283.925,2.55,134.52,0.1978052
288.95,2.55,134.36,0.189836
293.975,2.55,134.19,0.1808866
299,2.55,134,0.1735835
304.025,2.55,133.81,0.1685029
309.05,2.55,133.58,0.1649784
314.075,2.55,133.37,0.1624988
319.1,2.55,133.12,0.1627846
324.125,2.55,132.94,0.1651125
329.15,2.55,132.84,0.1677337
334.175,2.55,132.69,0.168597
339.2,2.55,132.36,0.1685775
344.225,2.55,131.82,0.1699422
349.25,2.55,130.97,0.1738934
354.275,2.55,130.2,0.1768151
359.3,2.55,129.64,0.177803
364.325,2.55,129.29,0.175239
369.35,2.55,129.18,0.1655598
374.375,2.55,129.12,0.1545708
379.4,2.55,128.97,0.1478205
384.425,2.55,128.7,0.1443417
389.45,2.55,128.36,0.1429183
394.475,2.55,128.15,0.1413921
399.5,2.55,128.09,0.138966
404.525,2.55,128.05,0.1360199
409.55,2.55,128.09,0.1351002
414.575,2.55,128.16,0.1348183
419.6,2.55,128.17,0.1334655
424.625,2.55,128.19,0.130324
429.65,2.55,128.2,0.1265805
434.675,2.55,128.28,0.1226561
439.7,2.55,128.36,0.1200965
444.725,2.55,128.41,0.1208926
449.75,2.55,128.48,0.1239763
454.775,2.55,128.54,0.128227
459.8,2.55,128.56,0.1321153
464.825,2.55,128.53,0.1337592
469.85,2.55,128.43,0.1335254
474.875,2.55,128.41,0.1336344
479.9,2.55,128.51,0.1349449
484.925,2.55,128.66,0.1385643
489.95,2.55,128.9,0.1438729
494.975,2.55,129.14,0.1481797
500,2.55,129.32,0.1491517
505.025,2.55,129.49,0.1457422
510.05,2.55,129.59,0.1388093
515.075,2.55,129.83,0.1329296
520.1,2.55,130.24,0.1319532
525.125,2.55,130.74,0.1352438
530.15,2.55,131.41,0.1414501
535.175,2.55,132.13,0.1487467
540.2,2.55,132.78,0.1558806
545.225,2.55,133.38,0.163206
550.25,2.55,133.96,0.1731738
555.275,2.55,134.55,0.1806907
560.3,2.55,135.15,0.1841472
565.325,2.55,135.78,0.1846587
570.35,2.55,136.5,0.1797937
575.375,2.55,137.12,0.1748337
580.4,2.55,137.62,0.1708621
585.425,2.55,137.87,0.1660766
590.45,2.55,137.93,0.1591279
595.475,2.55,137.98,0.1489647
600.5,2.55,138.22,0.1339282
605.525,2.55,138.6,0.1158989
610.55,2.55,139.18,0.09840108
615.575,2.55,139.65,0.08501483
620.6,2.55,139.86,0.07540378
625.625,2.55,139.91,0.06755731
630.65,2.55,139.74,0.06145825
635.675,2.55,139.71,0.05618668
640.7,2.55,139.78,0.05567895
645.725,2.55,139.98,0.06712597
650.75,2.55,140.64,0.1006535
655.775,2.55,140.83,0.1429834
660.8,2.55,140.12,0.1737859
665.825,2.55,139.23,0.1833815
670.85,2.55,138.29,0.1811169
675.875,2.55,136.09,0.168724
680.9,2.55,133.25,0.1470529
685.925,2.55,133.74,0.1306853
690.95,2.55,135.1,0.1278557
695.975,2.55,135.44,0.1336015
701,2.55,136.46,0.1424838
706.025,2.55,137.6,0.1438387
711.05,2.55,137.65,0.1284674
716.075,2.55,137.19,0.1053963
721.1,2.55,137,0.1002032
726.125,2.55,136.89,0.1035241
731.15,2.55,136.68,0.1136545
736.175,2.55,136.5,0.1290484
741.2,2.55,136.41,0.1436793
746.225,2.55,136.37,0.1577213
751.25,2.55,136.44,0.1725656
756.275,2.55,136.45,0.1875497
761.3,2.55,136.34,0.1997211
766.325,2.55,136.19,0.2070948
771.35,2.55,135.95,0.2110538
776.375,2.55,135.69,0.2147183
781.4,2.55,135.48,0.2189029
786.425,2.55,135.31,0.2277586
791.45,2.55,135.32,0.241036
796.475,2.55,135.08,0.2527238
801.5,2.55,134.49,0.2570009
806.525,2.55,133.6,0.2512225
811.55,2.55,132.23,0.2368489
816.575,2.55,130.99,0.2171271
821.6,2.55,130.23,0.1945651
826.625,2.55,129.63,0.1718475
831.65,2.55,129.34,0.1507796
836.675,2.55,129.04,0.1335108
841.7,2.55,128.54,0.1203228
846.725,2.55,128.14,0.1109542
851.75,2.55,127.79,0.1063095
856.775,2.55,127.58,0.1011839
861.8,2.55,127.47,0.09389665
866.825,2.55,127.13,0.08427291
871.85,2.55,126.69,0.07215252
876.875,2.55,126.34,0.06277582
881.9,2.55,126.27,0.0554666
886.925,2.55,126.1,0.05152371
891.95,2.55,126.3,0.05345223
896.975,2.55,126.66,0.05688076
902,2.55,126.64,0.05936663
907.025,2.55,126.45,0.05986052
912.05,2.55,125.83,0.06157844
917.075,2.55,125.07,0.06582784
922.1,2.55,124.6,0.07163394
927.125,2.55,124.2,0.07579298
932.15,2.55,123.97,0.07980915
937.175,2.55,123.84,0.08539697
942.2,2.55,123.55,0.09071228
947.225,2.55,123.21,0.09392262
952.25,2.55,122.71,0.0948507
957.275,2.55,122.18,0.0954292
962.3,2.55,121.84,0.0984269
967.325,2.55,121.63,0.1026498
972.35,2.55,121.6,0.1058262
977.375,2.55,121.62,0.1090293
982.4,2.55,121.49,0.1141745
987.425,2.55,121.21,0.1179874
992.45,2.55,120.93,0.1212911
997.475,2.55,120.61,0.1245883
1002.5,2.55,120.24,0.1232557
-2.5,7.6,121.12,0.1620656
2.525,7.6,121.35,0.1782444
7.55,7.6,122.38,0.1940591
12.575,7.6,123.52,0.2188861
17.6,7.6,124.62,0.2401806
22.625,7.6,125.8,0.2518106
27.65,7.6,127.19,0.2519275
32.675,7.6,128.8,0.2426417
37.7,7.6,130.72,0.2224134
42.725,7.6,132.07,0.1942549
47.75,7.6,132.62,0.1675102
52.775,7.6,132.46,0.1403843
57.8,7.6,132.86,0.1122024
62.825,7.6,133.2,0.08980021
67.85,7.6,133.27,0.07350237
72.875,7.6,133.6,0.06531772
77.9,7.6,133.92,0.06054048
82.925,7.6,134.27,0.05390889
87.95,7.6,134.66,0.04598275
92.975,7.6,134.99,0.03994534
98,7.6,135.19,0.03564255
103.025,7.6,135.22,0.03294067
108.05,7.6,135.16,0.03278225
113.075,7.6,135.13,0.03443498
118.1,7.6,135.24,0.03828938
123.125,7.6,135.5,0.04374381
128.15,7.6,135.82,0.04942174
133.175,7.6,136.26,0.05456811
138.2,7.6,136.64,0.05796713
143.225,7.6,136.9,0.05914192
148.25,7.6,137.11,0.05856002
153.275,7.6,137.36,0.05602784
158.3,7.6,137.63,0.05202359
163.325,7.6,138.02,0.0480552
168.35,7.6,138.46,0.0479878
173.375,7.6,138.7,0.05522835
178.4,7.6,138.82,0.0680797
183.425,7.6,138.74,0.08247065
188.45,7.6,138.43,0.09678895
193.475,7.6,138.17,0.1108868
198.5,7.6,138.08,0.1244973
203.525,7.6,138.24,0.1372832
208.55,7.6,138.39,0.1486447
213.575,7.6,138.22,0.1585546
218.6,7.6,138.1,0.1668221
223.625,7.6,138.02,0.1737717
228.65,7.6,137.89,0.1796145
233.675,7.6,137.75,0.1846381
238.7,7.6,137.65,0.1897794
243.725,7.6,137.53,0.1941528
248.75,7.6,137.29,0.196842
253.775,7.6,136.98,0.1990899
258.8,7.6,136.74,0.2013969
263.825,7.6,136.53,0.2032479
268.85,7.6,136.26,0.204486
273.875,7.6,135.89,0.2042859
278.9,7.6,135.65,0.2020923
283.925,7.6,135.5,0.1987718
288.95,7.6,135.33,0.1946148
293.975,7.6,135.1,0.1906724
299,7.6,134.91,0.187506
304.025,7.6,134.72,0.1848166
309.05,7.6,134.5,0.1821399
314.075,7.6,134.2,0.1803453
319.1,7.6,133.87,0.1800184
324.125,7.6,133.66,0.1815413
329.15,7.6,133.56,0.1838949
334.175,7.6,133.38,0.1860729
339.2,7.6,133.11,0.1877032
344.225,7.6,132.6,0.189206
349.25,7.6,131.88,0.1909907
354.275,7.6,131.1,0.1920993
359.3,7.6,130.44,0.1919945
364.325,7.6,130.06,0.1909439
369.35,7.6,129.88,0.1871355
374.375,7.6,129.85,0.1823225
379.4,7.6,129.7,0.1794725
384.425,7.6,129.36,0.1781578
389.45,7.6,129.09,0.1769842
394.475,7.6,129.01,0.1754469
399.5,7.6,128.95,0.1725223
404.525,7.6,128.91,0.1683306
409.55,7.6,128.94,0.1640886
414.575,7.6,128.88,0.1597108
419.6,7.6,128.8,0.1539692
424.625,7.6,128.73,0.147196
429.65,7.6,128.75,0.1402505
434.675,7.6,128.86,0.1337507
439.7,7.6,128.92,0.1289378
444.725,7.6,128.95,0.1273881
449.75,7.6,129.03,0.1282523
454.775,7.6,129.1,0.1301828
459.8,7.6,129.12,0.1323807
464.825,7.6,129.09,0.1340167
469.85,7.6,129.06,0.1349283
474.875,7.6,129.19,0.135774
479.9,7.6,129.32,0.1376502
484.925,7.6,129.47,0.1416721
489.95,7.6,129.66,0.1474555
494.975,7.6,129.79,0.152781
500,7.6,129.93,0.1561951
505.025,7.6,130.05,0.1574439
510.05,7.6,130.19,0.1568903
515.075,7.6,130.55,0.1562091
520.1,7.6,130.93,0.1567649
525.125,7.6,131.37,0.1588677
530.15,7.6,131.98,0.1613228
535.175,7.6,132.67,0.1635873
540.2,7.6,133.29,0.1647969
545.225,7.6,133.85,0.1667458
550.25,7.6,134.45,0.1707133
555.275,7.6,135.12,0.173165
560.3,7.6,135.74,0.1730007
565.325,7.6,136.4,0.1709718
570.35,7.6,137.12,0.1663741
575.375,7.6,137.95,0.1604288
580.4,7.6,138.52,0.1546289
585.425,7.6,138.73,0.1481937
590.45,7.6,138.73,0.140961
595.475,7.6,138.78,0.1318131
600.5,7.6,138.94,0.1206088
605.525,7.6,139.25,0.109011
610.55,7.6,139.66,0.09842872
615.575,7.6,139.88,0.08943677
620.6,7.6,139.98,0.08138022
625.625,7.6,139.9,0.07300659
630.65,7.6,139.84,0.0653804
635.675,7.6,140.01,0.0593116
640.7,7.6,140.08,0.05770463
645.725,7.6,140.35,0.06367569
650.75,7.6,140.84,0.08683573
655.775,7.6,140.93,0.1240061
660.8,7.6,140.35,0.1545336
665.825,7.6,139.69,0.1668544
670.85,7.6,138.87,0.1715036
675.875,7.6,137.27,0.1671459
680.9,7.6,135.39,0.1520646
685.925,7.6,135.97,0.1375769
690.95,7.6,136.11,0.1314762
695.975,7.6,136.42,0.1320952
701,7.6,136.49,0.1361873
706.025,7.6,137.5,0.1326322
711.05,7.6,138.09,0.1158941
716.075,7.6,137.67,0.1004614
721.1,7.6,137.41,0.09812539
726.125,7.6,137.34,0.09993495
731.15,7.6,137.23,0.107481
736.175,7.6,137.2,0.1214206
741.2,7.6,137.17,0.1349091
746.225,7.6,137.2,0.1469405
751.25,7.6,137.29,0.1594593
756.275,7.6,137.3,0.1716798
761.3,7.6,137.29,0.1819938
766.325,7.6,137.21,0.1885055
771.35,7.6,137.03,0.1923153
776.375,7.6,136.93,0.1957018
781.4,7.6,136.74,0.2003916
786.425,7.6,136.58,0.2091638
791.45,7.6,136.43,0.2219141
796.475,7.6,135.96,0.2340822
801.5,7.6,135.36,0.2417577
806.525,7.6,134.42,0.2422874
811.55,7.6,133.15,0.2365385
816.575,7.6,132.22,0.2269802
821.6,7.6,131.39,0.2136952
826.625,7.6,130.67,0.1963943
831.65,7.6,130.08,0.176587
836.675,7.6,129.23,0.1563152
841.7,7.6,128.46,0.1372752
846.725,7.6,127.86,0.1213783
851.75,7.6,127.57,0.1097653
856.775,7.6,127.84,0.1011242
861.8,7.6,127.94,0.09574475
866.825,7.6,127.68,0.09085604
871.85,7.6,127.3,0.08472735
876.875,7.6,127.11,0.08030019
881.9,7.6,127.04,0.07572691
886.925,7.6,126.74,0.07254885
891.95,7.6,126.24,0.07248187
896.975,7.6,126.29,0.07314446
902,7.6,126.27,0.07300006
907.025,7.6,126.13,0.07137541
912.05,7.6,125.91,0.06904445
917.075,7.6,125.34,0.06837715
922.1,7.6,124.94,0.07063614
927.125,7.6,124.6,0.07595994
932.15,7.6,124.12,0.08213802
937.175,7.6,123.91,0.08789757
942.2,7.6,123.65,0.09169459
947.225,7.6,123.32,0.09221767
952.25,7.6,123.03,0.09041974
957.275,7.6,122.64,0.08828113
962.3,7.6,122.36,0.08901248
967.325,7.6,122.22,0.09256912
972.35,7.6,122.16,0.09660204
977.375,7.6,122.19,0.100635
982.4,7.6,122.1,0.1059775
987.425,7.6,121.78,0.1108177
992.45,7.6,121.32,0.1169942
997.475,7.6,120.96,0.1247283
1002.5,7.6,120.58,0.1289009
-2.5,12.65,121.36,0.1699737
2.525,12.65,121.29,0.166733
7.55,12.65,121.4,0.166753
12.575,12.65,122,0.1738107
17.6,12.65,124.53,0.180885
22.625,12.65,125.36,0.1901703
27.65,12.65,126.33,0.1991356
32.675,12.65,128.33,0.2029593
37.7,12.65,130.4,0.2013702
42.725,12.65,131.73,0.1937264
47.75,12.65,131.96,0.1823502
52.775,12.65,132.06,0.1671845
57.8,12.65,132.83,0.144592
62.825,12.65,133.48,0.1183144
67.85,12.65,133.49,0.09325757
72.875,12.65,133.59,0.07593965
77.9,12.65,133.95,0.06518057
82.925,12.65,134.29,0.05525543
87.95,12.65,134.73,0.04567538
92.975,12.65,135.05,0.03809232
98,12.65,135.18,0.03276746
103.025,12.65,135.2,0.03026741
108.05,12.65,135.08,0.03086441
113.075,12.65,135.09,0.03360969
118.1,12.65,135.29,0.0380294
123.125,12.65,135.59,0.0440368
128.15,12.65,135.89,0.05017623
133.175,12.65,136.21,0.05538621
138.2,12.65,136.56,0.05880751
143.225,12.65,136.83,0.06024423
148.25,12.65,137.02,0.06043126
153.275,12.65,137.28,0.05947419
158.3,12.65,137.62,0.05706473
163.325,12.65,138.04,0.0531552
168.35,12.65,138.42,0.05003018
173.375,12.65,138.73,0.05116186
178.4,12.65,139,0.05725517
183.425,12.65,139.12,0.0664856
188.45,12.65,139.02,0.07714594
193.475,12.65,138.86,0.08863633
198.5,12.65,138.9,0.1003807
203.525,12.65,139.09,0.1115593
208.55,12.65,139.05,0.1216232
213.575,12.65,138.93,0.1306179
218.6,12.65,138.85,0.1383096
223.625,12.65,138.8,0.1451978
228.65,12.65,138.7,0.1518619
233.675,12.65,138.59,0.1585
238.7,12.65,138.56,0.1652296
243.725,12.65,138.49,0.1715099
248.75,12.65,138.29,0.1768292
253.775,12.65,138.05,0.1815384
258.8,12.65,137.83,0.1860125
263.825,12.65,137.6,0.1903102
268.85,12.65,137.2,0.1939434
273.875,12.65,136.8,0.1963583
278.9,12.65,136.59,0.1973398
283.925,12.65,136.44,0.197412
288.95,12.65,136.23,0.1969568
293.975,12.65,136.01,0.19695
299,12.65,135.84,0.1973584
304.025,12.65,135.68,0.1975552
309.05,12.65,135.41,0.1972271
314.075,12.65,135.03,0.196933
319.1,12.65,134.69,0.1971273
324.125,12.65,134.45,0.1985201
329.15,12.65,134.26,0.2007297
334.175,12.65,134.06,0.2031024
339.2,12.65,133.88,0.2049525
344.225,12.65,133.55,0.2060336
349.25,12.65,132.89,0.2064916
354.275,12.65,131.99,0.2067675
359.3,12.65,131.32,0.2067705
364.325,12.65,130.84,0.2068198
369.35,12.65,130.69,0.2066097
374.375,12.65,130.72,0.2065262
379.4,12.65,130.53,0.2071323
384.425,12.65,130.22,0.2081637
389.45,12.65,130.06,0.2085842
394.475,12.65,129.97,0.207128
399.5,12.65,129.93,0.203342
404.525,12.65,129.91,0.1977539
409.55,12.65,129.84,0.1909911
414.575,12.65,129.66,0.1834832
419.6,12.65,129.52,0.174873
424.625,12.65,129.42,0.1653606
429.65,12.65,129.44,0.1558869
434.675,12.65,129.5,0.1472715
439.7,12.65,129.53,0.1404183
444.725,12.65,129.56,0.1362392
449.75,12.65,129.62,0.1345071
454.775,12.65,129.66,0.1343516
459.8,12.65,129.7,0.1350612
464.825,12.65,129.71,0.135975
469.85,12.65,129.83,0.136913
474.875,12.65,130.02,0.1380924
479.9,12.65,130.15,0.1404841
484.925,12.65,130.27,0.1450763
489.95,12.65,130.37,0.1514739
494.975,12.65,130.46,0.1584349
500,12.65,130.58,0.1649456
505.025,12.65,130.69,0.1709346
510.05,12.65,131,0.175968
515.075,12.65,131.42,0.1801755
520.1,12.65,131.76,0.1832946
525.125,12.65,132.14,0.1849712
530.15,12.65,132.68,0.1846749
535.175,12.65,133.27,0.1815529
540.2,12.65,133.84,0.1765535
545.225,12.65,134.37,0.1721135
550.25,12.65,135.01,0.1694057
555.275,12.65,135.68,0.166681
560.3,12.65,136.28,0.1628383
565.325,12.65,136.9,0.1577451
570.35,12.65,137.8,0.1509999
575.375,12.65,138.78,0.1432071
580.4,12.65,139.28,0.1358049
585.425,12.65,139.47,0.129374
590.45,12.65,139.53,0.1234931
595.475,12.65,139.58,0.117382
600.5,12.65,139.63,0.1108915
605.525,12.65,139.78,0.1049157
610.55,12.65,139.96,0.09970548
615.575,12.65,140.12,0.0945681
620.6,12.65,140.15,0.08877245
625.625,12.65,140.08,0.0816738
630.65,12.65,140.18,0.0743135
635.675,12.65,140.32,0.06808729
640.7,12.65,140.39,0.06517655
645.725,12.65,140.51,0.0677429
650.75,12.65,140.84,0.0828856
655.775,12.65,141.02,0.1113423
660.8,12.65,140.43,0.1363856
665.825,12.65,139.79,0.1497281
670.85,12.65,139.2,0.1577298
675.875,12.65,138.32,0.1590924
680.9,12.65,137.44,0.1509356
685.925,12.65,137.28,0.1398235
690.95,12.65,137.34,0.1321682
695.975,12.65,137.09,0.1286044
701,12.65,136.54,0.1278429
706.025,12.65,137.04,0.1227181
711.05,12.65,137.7,0.1096781
716.075,12.65,137.94,0.09935988
721.1,12.65,137.8,0.0978136
726.125,12.65,137.8,0.09928732
731.15,12.65,137.83,0.1047395
736.175,12.65,137.87,0.1157653
741.2,12.65,137.88,0.1271709
746.225,12.65,137.93,0.1370919
751.25,12.65,137.99,0.1468992
756.275,12.65,138.09,0.1564724
761.3,12.65,138.15,0.1645508
766.325,12.65,138.13,0.1700543
771.35,12.65,138.15,0.1738021
776.375,12.65,138.15,0.1772509
781.4,12.65,137.93,0.182235
786.425,12.65,137.64,0.1910361
791.45,12.65,137.23,0.2030058
796.475,12.65,136.73,0.2152314
801.5,12.65,136.14,0.2253131
806.525,12.65,135.29,0.2304385
811.55,12.65,134.43,0.2310415
816.575,12.65,133.58,0.2287993
821.6,12.65,132.61,0.2230051
826.625,12.65,131.68,0.2124618
831.65,12.65,130.6,0.1968898
836.675,12.65,129.48,0.177911
841.7,12.65,128.55,0.1580943
846.725,12.65,127.83,0.1390567
851.75,12.65,127.84,0.1222143
856.775,12.65,128.24,0.1085489
861.8,12.65,128.37,0.09939404
866.825,12.65,128.21,0.09366102
871.85,12.65,128.04,0.08901674
876.875,12.65,127.93,0.08707161
881.9,12.65,127.83,0.08688532
886.925,12.65,127.53,0.08690663
891.95,12.65,126.77,0.08765154
896.975,12.65,126.14,0.08785905
902,12.65,125.96,0.08698622
907.025,12.65,125.77,0.08465885
912.05,12.65,125.69,0.08102593
917.075,12.65,125.55,0.07858734
922.1,12.65,125.33,0.07903533
927.125,12.65,125.11,0.08268398
932.15,12.65,124.57,0.08779671
937.175,12.65,124.07,0.09193457
942.2,12.65,123.77,0.09384721
947.225,12.65,123.42,0.09259621
952.25,12.65,123.19,0.08889086
957.275,12.65,123.03,0.08489546
962.3,12.65,122.88,0.08296118
967.325,12.65,122.82,0.08399484
972.35,12.65,122.77,0.08657537
977.375,12.65,122.72,0.08985806
982.4,12.65,122.63,0.0944174
987.425,12.65,122.35,0.0998838
992.45,12.65,121.81,0.1074124
997.475,12.65,121.29,0.1169271
1002.5,12.65,120.89,0.1239831
-2.5,17.7,121.29,0.2071247
2.525,17.7,121.56,0.1880415
7.55,17.7,121.07,0.1781976
12.575,17.7,120.98,0.1667844
17.6,17.7,122.21,0.154012
22.625,17.7,123.5,0.1511475
27.65,17.7,124.67,0.1578698
32.675,17.7,127,0.1641241
37.7,17.7,128.71,0.1711134
42.725,17.7,130.05,0.1750988
47.75,17.7,130.68,0.1774789
52.775,17.7,131.3,0.1752137
57.8,17.7,132.35,0.1652156
62.825,17.7,133.18,0.1469965
67.85,17.7,133.46,0.122443
72.875,17.7,133.58,0.0963955
77.9,17.7,133.88,0.07655786
82.925,17.7,134.22,0.05981765
87.95,17.7,134.67,0.04754638
92.975,17.7,135.03,0.03927258
98,17.7,135.15,0.03212582
103.025,17.7,135.17,0.02828473
108.05,17.7,135.07,0.02878661
113.075,17.7,135.04,0.03244548
118.1,17.7,135.28,0.03765827
123.125,17.7,135.6,0.04395352
128.15,17.7,135.9,0.05042377
133.175,17.7,136.2,0.05581661
138.2,17.7,136.5,0.0595002
143.225,17.7,136.78,0.06147356
148.25,17.7,136.98,0.06246973
153.275,17.7,137.22,0.06298952
158.3,17.7,137.59,0.0622625
163.325,17.7,137.99,0.05938898
168.35,17.7,138.4,0.05534609
173.375,17.7,138.78,0.05240503
178.4,17.7,139.14,0.05247207
183.425,17.7,139.38,0.05594757
188.45,17.7,139.36,0.06218973
193.475,17.7,139.3,0.07047741
198.5,17.7,139.43,0.0797918
203.525,17.7,139.58,0.08897092
208.55,17.7,139.63,0.0972986
213.575,17.7,139.62,0.1045738
218.6,17.7,139.6,0.110877
223.625,17.7,139.54,0.1169783
228.65,17.7,139.4,0.1235954
233.675,17.7,139.29,0.1312221
238.7,17.7,139.26,0.1395443
243.725,17.7,139.22,0.1476299
248.75,17.7,139.12,0.1551197
253.775,17.7,138.95,0.1619546
258.8,17.7,138.75,0.1681982
263.825,17.7,138.47,0.1741766
268.85,17.7,138.05,0.1796696
273.875,17.7,137.67,0.1841496
278.9,17.7,137.48,0.1875953
283.925,17.7,137.33,0.1903718
288.95,17.7,137.14,0.1929745
293.975,17.7,136.97,0.1961684
299,17.7,136.83,0.1997929
304.025,17.7,136.66,0.2027799
309.05,17.7,136.36,0.2046249
314.075,17.7,135.99,0.2056853
319.1,17.7,135.66,0.206679
324.125,17.7,135.37,0.2083429
329.15,17.7,135.14,0.2111072
334.175,17.7,134.96,0.2145032
339.2,17.7,134.82,0.2173392
344.225,17.7,134.54,0.2187588
349.25,17.7,133.8,0.218641
354.275,17.7,132.92,0.2180633
359.3,17.7,132.27,0.2180682
364.325,17.7,131.8,0.2187193
369.35,17.7,131.75,0.2201596
374.375,17.7,131.82,0.2226685
379.4,17.7,131.62,0.2255903
384.425,17.7,131.37,0.2284367
389.45,17.7,131.2,0.2303142
394.475,17.7,131.12,0.229772
399.5,17.7,131.08,0.2262142
404.525,17.7,131.03,0.2200473
409.55,17.7,130.85,0.2119522
414.575,17.7,130.61,0.2024313
419.6,17.7,130.42,0.1918204
424.625,17.7,130.3,0.1806143
429.65,17.7,130.25,0.1696526
434.675,17.7,130.24,0.1598546
439.7,17.7,130.24,0.1519958
444.725,17.7,130.25,0.1464429
449.75,17.7,130.26,0.1431341
454.775,17.7,130.29,0.1416178
459.8,17.7,130.33,0.1413737
464.825,17.7,130.42,0.1418299
469.85,17.7,130.6,0.1428837
474.875,17.7,130.8,0.1447163
479.9,17.7,130.93,0.1476313
484.925,17.7,131.03,0.1525422
489.95,17.7,131.1,0.1592903
494.975,17.7,131.18,0.1670032
500,17.7,131.29,0.1750633
505.025,17.7,131.5,0.1835644
510.05,17.7,131.93,0.1917582
515.075,17.7,132.41,0.1988873
520.1,17.7,132.76,0.203667
525.125,17.7,133.09,0.2048484
530.15,17.7,133.49,0.2022486
535.175,17.7,133.94,0.1953465
540.2,17.7,134.43,0.185468
545.225,17.7,134.96,0.175822
550.25,17.7,135.57,0.1673699
555.275,17.7,136.19,0.1598046
560.3,17.7,136.76,0.1530194
565.325,17.7,137.42,0.1460103
570.35,17.7,138.44,0.1384302
575.375,17.7,139.37,0.1306216
580.4,17.7,139.8,0.1233298
585.425,17.7,140,0.1178484
590.45,17.7,140.11,0.1134032
595.475,17.7,140.15,0.1093647
600.5,17.7,140.17,0.1059173
605.525,17.7,140.23,0.1032849
610.55,17.7,140.41,0.1010236
615.575,17.7,140.56,0.09820008
620.6,17.7,140.55,0.09401219
625.625,17.7,140.51,0.08850136
630.65,17.7,140.57,0.08183469
635.675,17.7,140.7,0.07529323
640.7,17.7,140.75,0.07162102
645.725,17.7,140.81,0.0723877
650.75,17.7,141.2,0.0804372
655.775,17.7,141.36,0.09979052
660.8,17.7,140.77,0.1214008
665.825,17.7,139.96,0.1383498
670.85,17.7,139.51,0.147878
675.875,17.7,139.14,0.152738
680.9,17.7,138.59,0.15032
685.925,17.7,138.2,0.1414881
690.95,17.7,137.87,0.1329838
695.975,17.7,137.56,0.1274568
701,17.7,137.37,0.1219514
706.025,17.7,137.37,0.1130357
711.05,17.7,137.71,0.101705
716.075,17.7,138.08,0.0967918
721.1,17.7,138.23,0.09593167
726.125,17.7,138.29,0.09757748
731.15,17.7,138.39,0.1031709
736.175,17.7,138.47,0.1118665
741.2,17.7,138.51,0.1208395
746.225,17.7,138.55,0.1289626
751.25,17.7,138.67,0.136785
756.275,17.7,138.82,0.1442611
761.3,17.7,138.92,0.1508623
766.325,17.7,138.99,0.1560829
771.35,17.7,139.12,0.1602013
776.375,17.7,139.14,0.1639712
781.4,17.7,138.89,0.168992
786.425,17.7,138.49,0.1769401
791.45,17.7,138.03,0.1878985
796.475,17.7,137.52,0.2005106
801.5,17.7,136.91,0.2125705
806.525,17.7,136.23,0.2218037
811.55,17.7,135.51,0.2276327
816.575,17.7,134.66,0.230549
821.6,17.7,133.64,0.2301293
826.625,17.7,132.51,0.2244363
831.65,17.7,131.27,0.2119659
836.675,17.7,130.06,0.1942613
841.7,17.7,129.05,0.1738183
846.725,17.7,128.35,0.1521316
851.75,17.7,128.34,0.1312226
856.775,17.7,128.64,0.1136861
861.8,17.7,128.72,0.1022618
866.825,17.7,128.68,0.09647474
871.85,17.7,128.64,0.09300277
876.875,17.7,128.57,0.09183718
881.9,17.7,128.45,0.09294497
886.925,17.7,128.14,0.0940444
891.95,17.7,127.33,0.09486452
896.975,17.7,126.47,0.0950299
902,17.7,126.03,0.0942904
907.025,17.7,125.82,0.0928691
912.05,17.7,125.75,0.0903534
917.075,17.7,125.75,0.08832972
922.1,17.7,125.72,0.08862238
927.125,17.7,125.56,0.09094605
932.15,17.7,125.05,0.09403811
937.175,17.7,124.44,0.09614676
942.2,17.7,124.02,0.09622976
947.225,17.7,123.67,0.09386423
952.25,17.7,123.44,0.08930567
957.275,17.7,123.35,0.08415829
962.3,17.7,123.31,0.08072107
967.325,17.7,123.28,0.07981037
972.35,17.7,123.24,0.08073213
977.375,17.7,123.15,0.08256667
982.4,17.7,123.01,0.08491631
987.425,17.7,122.75,0.08942482
992.45,17.7,122.27,0.0967707
997.475,17.7,121.7,0.1062447
1002.5,17.7,121.24,0.1143738
-2.5,22.75,123.45,0.2338413
2.525,22.75,123.56,0.2168131
7.55,22.75,123.93,0.2005855
12.575,22.75,124.27,0.1788466
17.6,22.75,124.63,0.1534175
22.625,22.75,124.02,0.1360482
27.65,22.75,123.94,0.1289525
32.675,22.75,124.9,0.1296237
37.7,22.75,125.92,0.1352428
42.725,22.75,127.62,0.142433
47.75,22.75,129.98,0.1540784
52.775,22.75,131.34,0.1653726
57.8,22.75,131.93,0.1684923
62.825,22.75,132.7,0.1634275
67.85,22.75,133.36,0.1498654
72.875,22.75,133.63,0.1256671
77.9,22.75,133.96,0.09775024
82.925,22.75,134.17,0.07046489
87.95,22.75,134.57,0.05247916
92.975,22.75,134.96,0.04247274
98,22.75,135.1,0.03366479
103.025,22.75,135.1,0.0277735
108.05,22.75,135.01,0.0268383
113.075,22.75,134.97,0.0306274
118.1,22.75,135.2,0.03639559
123.125,22.75,135.54,0.04283809
128.15,22.75,135.83,0.04931843
133.175,22.75,136.12,0.0549643
138.2,22.75,136.43,0.0590082
143.225,22.75,136.71,0.06168412
148.25,22.75,136.93,0.06367128
153.275,22.75,137.18,0.06574502
158.3,22.75,137.56,0.06692759
163.325,22.75,137.99,0.06562828
168.35,22.75,138.42,0.06197372
173.375,22.75,138.87,0.05727418
178.4,22.75,139.28,0.05299087
183.425,22.75,139.56,0.05082042
188.45,22.75,139.66,0.05197493
193.475,22.75,139.68,0.05656828
198.5,22.75,139.84,0.06296445
203.525,22.75,139.99,0.06967871
208.55,22.75,140.09,0.07595037
213.575,22.75,140.19,0.08132145
218.6,22.75,140.24,0.08625887
223.625,22.75,140.23,0.09145276
228.65,22.75,140.08,0.09770717
233.675,22.75,139.94,0.1054588
238.7,22.75,139.9,0.1140892
243.725,22.75,139.91,0.1228058
248.75,22.75,139.87,0.1314051
253.775,22.75,139.78,0.1393674
258.8,22.75,139.63,0.1467506
263.825,22.75,139.31,0.1538023
268.85,22.75,138.95,0.1605497
273.875,22.75,138.58,0.1667082
278.9,22.75,138.42,0.172083
283.925,22.75,138.31,0.1769931
288.95,22.75,138.22,0.1820728
293.975,22.75,138.06,0.1876834
299,22.75,137.91,0.193726
304.025,22.75,137.74,0.1991019
309.05,22.75,137.51,0.2032168
314.075,22.75,137.12,0.2060797
319.1,22.75,136.79,0.2083315
324.125,22.75,136.49,0.2108862
329.15,22.75,136.29,0.2146235
334.175,22.75,136.07,0.2192758
339.2,22.75,135.88,0.2236323
344.225,22.75,135.57,0.2259551
349.25,22.75,134.91,0.2262421
354.275,22.75,133.96,0.2259435
359.3,22.75,133.25,0.2260809
364.325,22.75,132.9,0.2270059
369.35,22.75,132.91,0.2288198
374.375,22.75,133.06,0.2314468
379.4,22.75,132.94,0.2348751
384.425,22.75,132.7,0.2380691
389.45,22.75,132.6,0.2407396
394.475,22.75,132.47,0.2413807
399.5,22.75,132.37,0.2386184
404.525,22.75,132.25,0.232788
409.55,22.75,132.06,0.2245755
414.575,22.75,131.7,0.21462
419.6,22.75,131.42,0.2036686
424.625,22.75,131.24,0.1923362
429.65,22.75,131.13,0.1814778
434.675,22.75,131.04,0.1720723
439.7,22.75,130.97,0.1645184
444.725,22.75,130.93,0.1588134
449.75,22.75,130.9,0.1551165
454.775,22.75,130.91,0.1530817
459.8,22.75,130.96,0.1525398
464.825,22.75,131.09,0.1530655
469.85,22.75,131.27,0.1541004
474.875,22.75,131.51,0.1562399
479.9,22.75,131.66,0.1597218
484.925,22.75,131.75,0.1647821
489.95,22.75,131.79,0.1714062
494.975,22.75,131.87,0.1788316
500,22.75,132.01,0.1870468
505.025,22.75,132.37,0.195931
510.05,22.75,132.88,0.2044813
515.075,22.75,133.44,0.2115049
520.1,22.75,133.86,0.2158233
525.125,22.75,134.31,0.2157084
530.15,22.75,134.74,0.2110397
535.175,22.75,134.97,0.2018109
540.2,22.75,135.27,0.1897341
545.225,22.75,135.53,0.1774964
550.25,22.75,136.07,0.1660269
555.275,22.75,136.65,0.1550008
560.3,22.75,137.14,0.1452637
565.325,22.75,137.78,0.1369308
570.35,22.75,138.68,0.1290299
575.375,22.75,139.68,0.1221319
580.4,22.75,140.16,0.1162441
585.425,22.75,140.33,0.1121079
590.45,22.75,140.4,0.1093452
595.475,22.75,140.5,0.106955
600.5,22.75,140.59,0.1055631
605.525,22.75,140.8,0.1050395
610.55,22.75,140.99,0.1037672
615.575,22.75,141.13,0.1012664
620.6,22.75,141.1,0.09774039
625.625,22.75,141,0.09331132
630.65,22.75,141.04,0.0884149
635.675,22.75,141.12,0.08328509
640.7,22.75,141.15,0.07894647
645.725,22.75,141.07,0.07753547
650.75,22.75,141.31,0.08077246
655.775,22.75,141.61,0.09094189
660.8,22.75,141.23,0.1073047
665.825,22.75,140.55,0.1244898
670.85,22.75,140.15,0.1378148
675.875,22.75,139.96,0.1459521
680.9,22.75,139.48,0.1472273
685.925,22.75,138.98,0.141733
690.95,22.75,138.73,0.1337088
695.975,22.75,138.6,0.1255428
701,22.75,138.34,0.1160474
706.025,22.75,138.11,0.1053936
711.05,22.75,138.27,0.09786904
716.075,22.75,138.52,0.09452295
721.1,22.75,138.71,0.09380965
726.125,22.75,138.78,0.09686614
731.15,22.75,138.9,0.1022957
736.175,22.75,139.03,0.1092137
741.2,22.75,139.11,0.116308
746.225,22.75,139.18,0.122964
751.25,22.75,139.31,0.1293408
756.275,22.75,139.51,0.1353296
761.3,22.75,139.64,0.140792
766.325,22.75,139.66,0.1458005
771.35,22.75,139.75,0.1502043
776.375,22.75,139.86,0.1545407
781.4,22.75,139.7,0.1597031
786.425,22.75,139.28,0.1669899
791.45,22.75,138.76,0.1767964
796.475,22.75,138.24,0.1890824
801.5,22.75,137.63,0.202258
806.525,22.75,136.94,0.2143844
811.55,22.75,136.21,0.224109
816.575,22.75,135.46,0.2307975
821.6,22.75,134.53,0.2342714
826.625,22.75,133.48,0.2325395
831.65,22.75,132.23,0.2232144
836.675,22.75,130.87,0.2073459
841.7,22.75,129.76,0.1870072
846.725,22.75,128.83,0.1636981
851.75,22.75,128.66,0.1391905
856.775,22.75,128.95,0.1172943
861.8,22.75,129.07,0.1017122
866.825,22.75,129.09,0.09363104
871.85,22.75,129.12,0.09036232
876.875,22.75,129.11,0.08971129
881.9,22.75,129.03,0.09185819
886.925,22.75,128.72,0.09422519
891.95,22.75,127.95,0.09541624
896.975,22.75,126.92,0.09601497
902,22.75,126.39,0.09595593
907.025,22.75,126.16,0.09585228
912.05,22.75,126.16,0.09513967
917.075,22.75,126.2,0.0944072
922.1,22.75,126.16,0.095257
927.125,22.75,126,0.0970651
932.15,22.75,125.52,0.09881077
937.175,22.75,124.82,0.09974378
942.2,22.75,124.34,0.09923218
947.225,22.75,123.97,0.09678586
952.25,22.75,123.74,0.09245296
957.275,22.75,123.68,0.08710315
962.3,22.75,123.65,0.08252412
967.325,22.75,123.6,0.07983507
972.35,22.75,123.51,0.07854887
977.375,22.75,123.43,0.07831982
982.4,22.75,123.28,0.07884289
987.425,22.75,123.09,0.08145584
992.45,22.75,122.67,0.08756874
997.475,22.75,122.11,0.09588395
1002.5,22.75,121.65,0.1046114
-2.5,27.8,125.34,0.2055868
2.525,27.8,125.52,0.2217307
7.55,27.8,126.11,0.2143531
12.575,27.8,126.59,0.1931502
17.6,27.8,127.02,0.1657388
22.625,27.8,126.76,0.1396166
27.65,27.8,125.72,0.1221786
32.675,27.8,124.67,0.1110884
37.7,27.8,124.53,0.1073944
42.725,27.8,125.95,0.1119428
47.75,27.8,128.83,0.1255955
52.775,27.8,130.87,0.1429081
57.8,27.8,132.07,0.1568387
62.825,27.8,132.82,0.1644235
67.85,27.8,133.13,0.161695
72.875,27.8,133.85,0.1463561
77.9,27.8,134.27,0.1212824
82.925,27.8,134.49,0.0907036
87.95,27.8,134.54,0.06276341
92.975,27.8,134.86,0.04651475
98,27.8,135,0.03634597
103.025,27.8,134.96,0.02930968
108.05,27.8,134.86,0.027235
113.075,27.8,134.83,0.02973066
118.1,27.8,135.01,0.03537676
123.125,27.8,135.37,0.04139208
128.15,27.8,135.72,0.04717046
133.175,27.8,136.01,0.05259823
138.2,27.8,136.34,0.05709673
143.225,27.8,136.61,0.06066696
148.25,27.8,136.81,0.06411935
153.275,27.8,137.09,0.06761534
158.3,27.8,137.48,0.07041765
163.325,27.8,137.94,0.07069241
168.35,27.8,138.39,0.06786963
173.375,27.8,138.86,0.06301056
178.4,27.8,139.33,0.05673527
183.425,27.8,139.64,0.05057672
188.45,27.8,139.75,0.04700394
193.475,27.8,139.84,0.04693763
198.5,27.8,140.01,0.04939445
203.525,27.8,140.18,0.05317987
208.55,27.8,140.25,0.05730708
213.575,27.8,140.34,0.0613551
218.6,27.8,140.47,0.06541102
223.625,27.8,140.55,0.06999286
228.65,27.8,140.54,0.07588419
233.675,27.8,140.41,0.08310085
238.7,27.8,140.38,0.09082735
243.725,27.8,140.44,0.09892626
248.75,27.8,140.53,0.1073156
253.775,27.8,140.52,0.1156836
258.8,27.8,140.44,0.1236574
263.825,27.8,140.11,0.1314532
268.85,27.8,139.7,0.1390024
273.875,27.8,139.48,0.1464693
278.9,27.8,139.4,0.1534931
283.925,27.8,139.37,0.1600758
288.95,27.8,139.36,0.1669808
293.975,27.8,139.3,0.1744251
299,27.8,139.16,0.1820796
304.025,27.8,138.92,0.1894293
309.05,27.8,138.72,0.1956057
314.075,27.8,138.49,0.2004241
319.1,27.8,138.18,0.2042932
324.125,27.8,137.86,0.2082089
329.15,27.8,137.6,0.2131617
334.175,27.8,137.4,0.2191567
339.2,27.8,137.13,0.2248662
344.225,27.8,136.66,0.2284535
349.25,27.8,135.96,0.2298354
354.275,27.8,135.12,0.230453
359.3,27.8,134.32,0.2310744
364.325,27.8,134.07,0.2321848
369.35,27.8,134.42,0.2340858
374.375,27.8,134.64,0.2365797
379.4,27.8,134.61,0.2393427
384.425,27.8,134.37,0.2418724
389.45,27.8,134.23,0.2439202
394.475,27.8,134.15,0.2450399
399.5,27.8,133.94,0.2435635
404.525,27.8,133.64,0.2387966
409.55,27.8,133.34,0.2313444
414.575,27.8,133.01,0.2222235
419.6,27.8,132.64,0.212346
424.625,27.8,132.36,0.2020854
429.65,27.8,132.11,0.1922718
434.675,27.8,131.94,0.183887
439.7,27.8,131.76,0.1772748
444.725,27.8,131.63,0.1721343
449.75,27.8,131.55,0.1684993
454.775,27.8,131.5,0.1663835
459.8,27.8,131.55,0.1657719
464.825,27.8,131.74,0.1665277
469.85,27.8,131.97,0.1680511
474.875,27.8,132.16,0.1702787
479.9,27.8,132.31,0.1736993
484.925,27.8,132.41,0.1785732
489.95,27.8,132.46,0.1848443
494.975,27.8,132.54,0.1919435
500,27.8,132.73,0.1995761
505.025,27.8,133.23,0.2075905
510.05,27.8,134.06,0.2150076
515.075,27.8,134.73,0.2203468
520.1,27.8,135.25,0.2223034
525.125,27.8,135.75,0.2199789
530.15,27.8,136.45,0.213135
535.175,27.8,136.8,0.2028732
540.2,27.8,136.89,0.1907237
545.225,27.8,136.79,0.1781843
550.25,27.8,136.63,0.1654806
555.275,27.8,137.01,0.15259
560.3,27.8,137.32,0.1405264
565.325,27.8,137.95,0.1305832
570.35,27.8,138.89,0.1225325
575.375,27.8,139.69,0.1167836
580.4,27.8,140.22,0.1132717
585.425,27.8,140.42,0.1109133
590.45,27.8,140.5,0.1093522
595.475,27.8,140.6,0.1075257
600.5,27.8,140.81,0.1069811
605.525,27.8,141.26,0.1076722
610.55,27.8,141.8,0.1070735
615.575,27.8,141.95,0.1047917
620.6,27.8,141.9,0.1016865
625.625,27.8,141.72,0.0978244
630.65,27.8,141.59,0.09364167
635.675,27.8,141.62,0.08966663
640.7,27.8,141.59,0.08595353
645.725,27.8,141.5,0.08345184
650.75,27.8,141.39,0.08294799
655.775,27.8,141.58,0.08722375
660.8,27.8,141.47,0.09862868
665.825,27.8,141.12,0.1126903
670.85,27.8,140.8,0.1249213
675.875,27.8,140.6,0.1353848
680.9,27.8,140.27,0.1420302
685.925,27.8,139.75,0.1399577
690.95,27.8,139.28,0.1311243
695.975,27.8,139.07,0.123088
701,27.8,138.84,0.1134852
706.025,27.8,138.51,0.1035314
711.05,27.8,138.56,0.09764887
716.075,27.8,138.93,0.09452525
721.1,27.8,139.21,0.09435956
726.125,27.8,139.29,0.0969034
731.15,27.8,139.39,0.1015112
736.175,27.8,139.53,0.107338
741.2,27.8,139.64,0.1130495
746.225,27.8,139.77,0.1183858
751.25,27.8,139.94,0.12351
756.275,27.8,140.1,0.1283634
761.3,27.8,140.22,0.1330694
766.325,27.8,140.26,0.1377008
771.35,27.8,140.23,0.1421522
776.375,27.8,140.3,0.1466593
781.4,27.8,140.29,0.1522238
786.425,27.8,139.98,0.1595934
791.45,27.8,139.36,0.1691095
796.475,27.8,138.75,0.1810627
801.5,27.8,138.15,0.1942932
806.525,27.8,137.51,0.2072732
811.55,27.8,136.81,0.2190775
816.575,27.8,136.09,0.2284306
821.6,27.8,135.31,0.2352462
826.625,27.8,134.37,0.2374926
831.65,27.8,133.34,0.2323118
836.675,27.8,132.1,0.2193337
841.7,27.8,130.91,0.1999262
846.725,27.8,129.8,0.1755354
851.75,27.8,129,0.148511
856.775,27.8,129.16,0.1225629
861.8,27.8,129.37,0.1018948
866.825,27.8,129.45,0.0887392
871.85,27.8,129.56,0.08326006
876.875,27.8,129.61,0.08286309
881.9,27.8,129.57,0.08616238
886.925,27.8,129.19,0.09083722
891.95,27.8,128.52,0.09334568
896.975,27.8,127.71,0.09464267
902,27.8,127.13,0.09531796
907.025,27.8,126.87,0.09553961
912.05,27.8,126.74,0.0960335
917.075,27.8,126.78,0.096232
922.1,27.8,126.69,0.09767674
927.125,27.8,126.4,0.1002135
932.15,27.8,125.95,0.1018441
937.175,27.8,125.33,0.1023687
942.2,27.8,124.76,0.1018532
947.225,27.8,124.38,0.09979647
952.25,27.8,124.09,0.09621112
957.275,27.8,123.95,0.09107548
962.3,27.8,123.86,0.0856367
967.325,27.8,123.78,0.08155387
972.35,27.8,123.66,0.07876734
977.375,27.8,123.51,0.07699196
982.4,27.8,123.38,0.07615606
987.425,27.8,123.22,0.07745728
992.45,27.8,123,0.08224912
997.475,27.8,122.56,0.0896091
1002.5,27.8,122.12,0.09636881
-2.5,32.85,126.53,0.1671114
2.525,32.85,126.77,0.2136651
7.55,32.85,127.21,0.2191648
12.575,32.85,127.77,0.2033372
17.6,32.85,128.57,0.1798403
22.625,32.85,129.31,0.154914
27.65,32.85,128.87,0.1323243
32.675,32.85,127.16,0.109541
37.7,32.85,125.3,0.09123654
42.725,32.85,124.85,0.0857707
47.75,32.85,127.47,0.09489141
52.775,32.85,129.61,0.1135823
57.8,32.85,131.69,0.1356834
62.825,32.85,133.16,0.1535277
67.85,32.85,133.13,0.1603558
72.875,32.85,133.32,0.1549274
77.9,32.85,134.11,0.1378411
82.925,32.85,134.66,0.1145112
87.95,32.85,134.77,0.0833265
92.975,32.85,134.78,0.0560943
98,32.85,134.88,0.04158702
103.025,32.85,134.85,0.03406141
108.05,32.85,134.76,0.0306455
113.075,32.85,134.74,0.03195723
118.1,32.85,134.89,0.03571569
123.125,32.85,135.19,0.04057861
128.15,32.85,135.58,0.04505625
133.175,32.85,135.93,0.04961525
138.2,32.85,136.27,0.05412509
143.225,32.85,136.57,0.05853403
148.25,32.85,136.73,0.06332433
153.275,32.85,136.97,0.06838494
158.3,32.85,137.39,0.07246931
163.325,32.85,137.86,0.07402444
168.35,32.85,138.36,0.07226825
173.375,32.85,138.84,0.06770652
178.4,32.85,139.32,0.0609726
183.425,32.85,139.69,0.05305081
188.45,32.85,139.8,0.0461458
193.475,32.85,139.86,0.04151924
198.5,32.85,140.02,0.03961951
203.525,32.85,140.16,0.04004199
208.55,32.85,140.27,0.04194237
213.575,32.85,140.34,0.04492369
218.6,32.85,140.45,0.04831072
223.625,32.85,140.55,0.05225486
228.65,32.85,140.67,0.05749501
233.675,32.85,140.7,0.06338043
238.7,32.85,140.69,0.06971139
243.725,32.85,140.76,0.07651296
248.75,32.85,140.94,0.08397005
253.775,32.85,141.07,0.09190832
258.8,32.85,141.06,0.1000574
263.825,32.85,140.85,0.1081785
268.85,32.85,140.37,0.1162137
273.875,32.85,140.15,0.1242841
278.9,32.85,140.24,0.1325413
283.925,32.85,140.35,0.1404329
288.95,32.85,140.37,0.1485319
293.975,32.85,140.38,0.157018
299,32.85,140.31,0.1657988
304.025,32.85,140.12,0.1744982
309.05,32.85,139.84,0.1824084
314.075,32.85,139.68,0.1889696
319.1,32.85,139.52,0.1947304
324.125,32.85,139.29,0.2003041
329.15,32.85,138.96,0.2066986
334.175,32.85,138.68,0.2142043
339.2,32.85,138.38,0.2212784
344.225,32.85,137.89,0.2260518
349.25,32.85,137.04,0.228492
354.275,32.85,136.2,0.2297642
359.3,32.85,135.45,0.230918
364.325,32.85,135.1,0.2322504
369.35,32.85,135.65,0.2342622
374.375,32.85,136.24,0.2369025
379.4,32.85,136.29,0.2390798
384.425,32.85,136.14,0.2408472
389.45,32.85,135.92,0.2421839
394.475,32.85,135.75,0.2428841
399.5,32.85,135.51,0.2423691
404.525,32.85,135.16,0.2391849
409.55,32.85,134.66,0.2335455
414.575,32.85,134.26,0.2263563
419.6,32.85,133.92,0.2183729
424.625,32.85,133.6,0.2101016
429.65,32.85,133.24,0.2022043
434.675,32.85,132.92,0.1951831
439.7,32.85,132.64,0.1894774
444.725,32.85,132.41,0.184808
449.75,32.85,132.31,0.1814345
454.775,32.85,132.26,0.1795099
459.8,32.85,132.26,0.1788926
464.825,32.85,132.42,0.1798143
469.85,32.85,132.71,0.1817087
474.875,32.85,132.92,0.1842112
479.9,32.85,133.02,0.1873796
484.925,32.85,133.1,0.1915674
489.95,32.85,133.21,0.1968975
494.975,32.85,133.34,0.203331
500,32.85,133.56,0.2100163
505.025,32.85,134.06,0.2164199
510.05,32.85,135.04,0.2217913
515.075,32.85,136.02,0.2247155
520.1,32.85,136.65,0.2241739
525.125,32.85,137.23,0.2197006
530.15,32.85,137.89,0.2113168
535.175,32.85,138.47,0.2009843
540.2,32.85,138.6,0.1897327
545.225,32.85,138.47,0.1776397
550.25,32.85,137.91,0.1648147
555.275,32.85,137.57,0.1510901
560.3,32.85,137.61,0.1380292
565.325,32.85,137.92,0.1271627
570.35,32.85,138.96,0.118983
575.375,32.85,139.81,0.1141744
580.4,32.85,140.2,0.112694
585.425,32.85,140.41,0.1127047
590.45,32.85,140.59,0.1123081
595.475,32.85,140.76,0.1109348
600.5,32.85,141.04,0.1103192
605.525,32.85,141.55,0.1109495
610.55,32.85,142.33,0.1106098
615.575,32.85,142.78,0.1089295
620.6,32.85,142.73,0.1063422
625.625,32.85,142.56,0.1030294
630.65,32.85,142.33,0.09909697
635.675,32.85,142.17,0.09504496
640.7,32.85,142.07,0.09197557
645.725,32.85,141.94,0.0894909
650.75,32.85,141.82,0.08760639
655.775,32.85,141.71,0.08894343
660.8,32.85,141.66,0.09521329
665.825,32.85,141.49,0.1048709
670.85,32.85,141.43,0.1137072
675.875,32.85,141.24,0.1231101
680.9,32.85,140.94,0.1314504
685.925,32.85,140.47,0.1324063
690.95,32.85,139.96,0.1276169
695.975,32.85,139.47,0.1209935
701,32.85,139.13,0.11266
706.025,32.85,138.8,0.1050879
711.05,32.85,138.98,0.1002005
716.075,32.85,139.45,0.09792989
721.1,32.85,139.7,0.09696679
726.125,32.85,139.8,0.09821265
731.15,32.85,139.9,0.1019342
736.175,32.85,140,0.1063432
741.2,32.85,140.1,0.1108548
746.225,32.85,140.24,0.1151208
751.25,32.85,140.53,0.1193188
756.275,32.85,140.71,0.1235674
761.3,32.85,140.77,0.1276431
766.325,32.85,140.78,0.1318714
771.35,32.85,140.79,0.1363833
776.375,32.85,140.77,0.1412367
781.4,32.85,140.8,0.1473706
786.425,32.85,140.62,0.1551938
791.45,32.85,140.04,0.1645214
796.475,32.85,139.29,0.1760007
801.5,32.85,138.64,0.1887052
806.525,32.85,137.99,0.2012296
811.55,32.85,137.37,0.213212
816.575,32.85,136.72,0.223485
821.6,32.85,136.05,0.2325706
826.625,32.85,135.26,0.2389414
831.65,32.85,134.27,0.2383594
836.675,32.85,133.26,0.2293533
841.7,32.85,132.19,0.2120912
846.725,32.85,131.1,0.187973
851.75,32.85,129.94,0.1593955
856.775,32.85,129.44,0.1299175
861.8,32.85,129.61,0.1042681
866.825,32.85,129.73,0.08563647
871.85,32.85,129.87,0.07546956
876.875,32.85,129.97,0.07363556
881.9,32.85,129.98,0.07734627
886.925,32.85,129.69,0.08377724
891.95,32.85,128.91,0.08887026
896.975,32.85,128.27,0.09139229
902,32.85,127.92,0.09282891
907.025,32.85,127.74,0.0931997
912.05,32.85,127.5,0.0936974
917.075,32.85,127.34,0.09469054
922.1,32.85,127.18,0.09636202
927.125,32.85,126.85,0.09955077
932.15,32.85,126.31,0.1022734
937.175,32.85,125.76,0.1034771
942.2,32.85,125.23,0.1034088
947.225,32.85,124.83,0.101934
952.25,32.85,124.57,0.0990317
957.275,32.85,124.33,0.09472003
962.3,32.85,124.12,0.08908674
967.325,32.85,123.92,0.08396397
972.35,32.85,123.79,0.08009191
977.375,32.85,123.61,0.07756396
982.4,32.85,123.43,0.07580873
987.425,32.85,123.24,0.07565008
992.45,32.85,123.09,0.07814882
997.475,32.85,122.87,0.0843274
1002.5,32.85,122.54,0.0911535
-2.5,37.9,127.2,0.1580456
2.525,37.9,127.32,0.2048159
7.55,37.9,127.73,0.2160829
12.575,37.9,128.36,0.2070597
17.6,37.9,128.91,0.1903656
22.625,37.9,129.21,0.1704378
27.65,37.9,129,0.1499263
32.675,37.9,128.49,0.1251797
37.7,37.9,127.65,0.09990662
42.725,37.9,126,0.07896651
47.75,37.9,125.54,0.07235883
52.775,37.9,127.44,0.08520472
57.8,37.9,129.61,0.1123954
62.825,37.9,131.87,0.1358322
67.85,37.9,132.47,0.1469083
72.875,37.9,132.45,0.1487937
77.9,37.9,133.22,0.145985
82.925,37.9,134.17,0.131893
87.95,37.9,134.65,0.1071713
92.975,37.9,134.76,0.0765517
98,37.9,134.79,0.05374976
103.025,37.9,134.8,0.04202443
108.05,37.9,134.77,0.03642267
113.075,37.9,134.81,0.03708635
118.1,37.9,134.98,0.03885448
123.125,37.9,135.23,0.04114671
128.15,37.9,135.55,0.04356564
133.175,37.9,135.92,0.04686917
138.2,37.9,136.28,0.05101139
143.225,37.9,136.59,0.05585566
148.25,37.9,136.75,0.06169445
153.275,37.9,136.95,0.068078
158.3,37.9,137.35,0.07352764
163.325,37.9,137.83,0.07618336
168.35,37.9,138.34,0.07534735
173.375,37.9,138.84,0.07130897
178.4,37.9,139.34,0.06448671
183.425,37.9,139.75,0.05592717
188.45,37.9,139.9,0.04731865
193.475,37.9,139.94,0.04007958
198.5,37.9,140.07,0.03507904
203.525,37.9,140.19,0.03263161
208.55,37.9,140.28,0.03251374
213.575,37.9,140.37,0.03414045
218.6,37.9,140.48,0.03644541
223.625,37.9,140.6,0.03948218
228.65,37.9,140.75,0.04336872
233.675,37.9,140.87,0.04784799
238.7,37.9,140.93,0.05250042
243.725,37.9,141,0.05756626
248.75,37.9,141.22,0.06360767
253.775,37.9,141.43,0.07064938
258.8,37.9,141.48,0.07817173
263.825,37.9,141.36,0.08582246
268.85,37.9,140.99,0.09370084
273.875,37.9,140.72,0.1020382
278.9,37.9,140.84,0.1106472
283.925,37.9,141.03,0.1191766
288.95,37.9,141.16,0.1276253
293.975,37.9,141.19,0.1363987
299,37.9,141.14,0.1454865
304.025,37.9,141.01,0.1546987
309.05,37.9,140.81,0.16346
314.075,37.9,140.64,0.1714306
319.1,37.9,140.52,0.1788854
324.125,37.9,140.36,0.1861666
329.15,37.9,140.1,0.1940591
334.175,37.9,139.78,0.203048
339.2,37.9,139.43,0.2117918
344.225,37.9,138.96,0.2179564
349.25,37.9,138.18,0.2211653
354.275,37.9,137.31,0.22293
359.3,37.9,136.57,0.224536
364.325,37.9,136.15,0.2263954
369.35,37.9,136.65,0.2286794
374.375,37.9,137.41,0.2309176
379.4,37.9,137.6,0.2327725
384.425,37.9,137.52,0.2339299
389.45,37.9,137.35,0.2346796
394.475,37.9,137.1,0.235458
399.5,37.9,136.8,0.2358458
404.525,37.9,136.42,0.2344541
409.55,37.9,135.91,0.231245
414.575,37.9,135.41,0.2269698
419.6,37.9,135.05,0.2217764
424.625,37.9,134.71,0.2161474
429.65,37.9,134.32,0.21047
434.675,37.9,133.92,0.2051444
439.7,37.9,133.58,0.2005667
444.725,37.9,133.32,0.1963013
449.75,37.9,133.2,0.1924617
454.775,37.9,133.18,0.1902129
459.8,37.9,133.2,0.1894062
464.825,37.9,133.31,0.1903887
469.85,37.9,133.55,0.1926353
474.875,37.9,133.78,0.1950953
479.9,37.9,133.89,0.1981027
484.925,37.9,133.98,0.201583
489.95,37.9,134.12,0.205848
494.975,37.9,134.31,0.2108257
500,37.9,134.59,0.2157687
505.025,37.9,135.05,0.2199956
510.05,37.9,135.98,0.2227709
515.075,37.9,137.02,0.2229687
520.1,37.9,137.76,0.2202197
525.125,37.9,138.36,0.2141723
530.15,37.9,138.99,0.2053516
535.175,37.9,139.46,0.1956376
540.2,37.9,139.64,0.1860004
545.225,37.9,139.55,0.1754945
550.25,37.9,139.06,0.1635464
555.275,37.9,138.51,0.1503719
560.3,37.9,138.25,0.1375659
565.325,37.9,138.32,0.1271266
570.35,37.9,139.06,0.1200708
575.375,37.9,139.95,0.1161909
580.4,37.9,140.36,0.1156805
585.425,37.9,140.6,0.1168752
590.45,37.9,140.84,0.117518
595.475,37.9,141.13,0.1166421
600.5,37.9,141.5,0.115188
605.525,37.9,142.01,0.1145437
610.55,37.9,142.76,0.1138311
615.575,37.9,143.32,0.1122194
620.6,37.9,143.36,0.1098556
625.625,37.9,143.21,0.1070691
630.65,37.9,142.98,0.1034094
635.675,37.9,142.74,0.09949372
640.7,37.9,142.56,0.09668773
645.725,37.9,142.4,0.09452756
650.75,37.9,142.23,0.09273799
655.775,37.9,142.09,0.09271672
660.8,37.9,141.98,0.09575234
665.825,37.9,141.9,0.1010546
670.85,37.9,141.9,0.107412
675.875,37.9,141.82,0.1148269
680.9,37.9,141.51,0.1219135
685.925,37.9,141.1,0.124622
690.95,37.9,140.61,0.1241167
695.975,37.9,140.1,0.1201542
701,37.9,139.64,0.1150717
706.025,37.9,139.36,0.109026
711.05,37.9,139.57,0.1043687
716.075,37.9,139.97,0.1018171
721.1,37.9,140.17,0.0999165
726.125,37.9,140.28,0.1003111
731.15,37.9,140.39,0.1029927
736.175,37.9,140.49,0.1063513
741.2,37.9,140.57,0.1100761
746.225,37.9,140.71,0.1140115
751.25,37.9,141.04,0.1178414
756.275,37.9,141.33,0.121655
761.3,37.9,141.39,0.1252432
766.325,37.9,141.38,0.1290893
771.35,37.9,141.38,0.133739
776.375,37.9,141.39,0.1392335
781.4,37.9,141.42,0.1462109
786.425,37.9,141.32,0.1543713
791.45,37.9,140.78,0.1636144
796.475,37.9,139.99,0.1742353
801.5,37.9,139.27,0.185454
806.525,37.9,138.62,0.1969978
811.55,37.9,138.01,0.2080764
816.575,37.9,137.41,0.2180077
821.6,37.9,136.8,0.2282649
826.625,37.9,136.1,0.2376777
831.65,37.9,135.19,0.2415324
836.675,37.9,134.17,0.2365259
841.7,37.9,133.19,0.2220943
846.725,37.9,132.08,0.1994734
851.75,37.9,130.8,0.1709516
856.775,37.9,129.94,0.1393853
861.8,37.9,129.84,0.1100196
866.825,37.9,129.97,0.08674374
871.85,37.9,130.11,0.07161246
876.875,37.9,130.21,0.06588894
881.9,37.9,130.22,0.06810739
886.925,37.9,130.02,0.0746788
891.95,37.9,129.35,0.08152576
896.975,37.9,128.67,0.0857215
902,37.9,128.41,0.08786157
907.025,37.9,128.28,0.08859511
912.05,37.9,128.08,0.0886396
917.075,37.9,127.82,0.08955628
922.1,37.9,127.55,0.0915625
927.125,37.9,127.21,0.09486469
932.15,37.9,126.71,0.09856282
937.175,37.9,126.16,0.1009243
942.2,37.9,125.68,0.1020886
947.225,37.9,125.26,0.1019946
952.25,37.9,125.01,0.1002146
957.275,37.9,124.81,0.09685215
962.3,37.9,124.53,0.09201474
967.325,37.9,124.24,0.08680586
972.35,37.9,124,0.08262906
977.375,37.9,123.79,0.07954907
982.4,37.9,123.57,0.07702882
987.425,37.9,123.36,0.0750494
992.45,37.9,123.21,0.07408626
997.475,37.9,123.04,0.0770697
1002.5,37.9,122.8,0.08357034
-2.5,42.95,127.69,0.148374
2.525,42.95,127.93,0.1925288
7.55,42.95,128.35,0.2059337
12.575,42.95,129.04,0.1993925
17.6,42.95,129.65,0.1868688
22.625,42.95,130.83,0.1770003
27.65,42.95,131,0.1655053
32.675,42.95,130.18,0.1472122
37.7,42.95,128.98,0.1245026
42.725,42.95,128.03,0.0993124
47.75,42.95,126.99,0.07764182
52.775,42.95,126.16,0.06943292
57.8,42.95,126.63,0.08898641
62.825,42.95,129.25,0.1109694
67.85,42.95,131.47,0.1256235
72.875,42.95,132.35,0.1344262
77.9,42.95,132.53,0.1408573
82.925,42.95,133.94,0.139458
87.95,42.95,134.79,0.1253877
92.975,42.95,134.92,0.1015683
98,42.95,134.85,0.07210595
103.025,42.95,134.91,0.05216465
108.05,42.95,134.99,0.0429235
113.075,42.95,135.04,0.04237592
118.1,42.95,135.2,0.0429679
123.125,42.95,135.39,0.04291426
128.15,42.95,135.69,0.04283491
133.175,42.95,136,0.04455983
138.2,42.95,136.31,0.04810495
143.225,42.95,136.59,0.05318716
148.25,42.95,136.78,0.05973267
153.275,42.95,136.95,0.06722616
158.3,42.95,137.33,0.07389335
163.325,42.95,137.82,0.07760076
168.35,42.95,138.33,0.07752434
173.375,42.95,138.86,0.07386899
178.4,42.95,139.37,0.06699779
183.425,42.95,139.78,0.05807036
188.45,42.95,139.97,0.04872532
193.475,42.95,140.02,0.04042062
198.5,42.95,140.14,0.03406643
203.525,42.95,140.27,0.0301986
208.55,42.95,140.36,0.02881195
213.575,42.95,140.45,0.02914914
218.6,42.95,140.56,0.03019811
223.625,42.95,140.66,0.03200226
228.65,42.95,140.83,0.03462899
233.675,42.95,141.04,0.03774268
238.7,42.95,141.14,0.04074093
243.725,42.95,141.19,0.04376434
248.75,42.95,141.38,0.04776102
253.775,42.95,141.68,0.05305743
258.8,42.95,141.8,0.05923943
263.825,42.95,141.71,0.06584319
268.85,42.95,141.41,0.07298257
273.875,42.95,141.18,0.08075254
278.9,42.95,141.31,0.08899226
283.925,42.95,141.53,0.09739887
288.95,42.95,141.68,0.1056165
293.975,42.95,141.81,0.1138417
299,42.95,141.83,0.1222043
304.025,42.95,141.72,0.1309085
309.05,42.95,141.56,0.1397658
314.075,42.95,141.46,0.1485047
319.1,42.95,141.39,0.1570093
324.125,42.95,141.25,0.1656639
329.15,42.95,141.02,0.1749862
334.175,42.95,140.73,0.1856191
339.2,42.95,140.4,0.1961134
344.225,42.95,139.99,0.2035591
349.25,42.95,139.34,0.2078792
354.275,42.95,138.48,0.2105427
359.3,42.95,137.75,0.2125929
364.325,42.95,137.24,0.2150112
369.35,42.95,137.59,0.2174719
374.375,42.95,138.46,0.219577
379.4,42.95,138.74,0.22118
384.425,42.95,138.63,0.221913
389.45,42.95,138.43,0.2223369
394.475,42.95,138.2,0.2236243
399.5,42.95,137.92,0.2253084
404.525,42.95,137.52,0.22617
409.55,42.95,136.99,0.2257799
414.575,42.95,136.46,0.2247947
419.6,42.95,136.08,0.223016
424.625,42.95,135.72,0.2205109
429.65,42.95,135.29,0.2172796
434.675,42.95,134.86,0.2137127
439.7,42.95,134.53,0.2100931
444.725,42.95,134.4,0.2061361
449.75,42.95,134.35,0.2015592
454.775,42.95,134.32,0.1977809
459.8,42.95,134.31,0.1958567
464.825,42.95,134.32,0.1959163
469.85,42.95,134.56,0.1978757
474.875,42.95,134.78,0.2004357
479.9,42.95,134.93,0.2033079
484.925,42.95,135.11,0.2063184
489.95,42.95,135.36,0.2096053
494.975,42.95,135.55,0.2129194
500,42.95,135.8,0.2158128
505.025,42.95,136.1,0.2176919
510.05,42.95,136.91,0.2176002
515.075,42.95,137.95,0.2153057
520.1,42.95,138.69,0.210604
525.125,42.95,139.22,0.2035371
530.15,42.95,139.73,0.1949549
535.175,42.95,140.18,0.1863057
540.2,42.95,140.37,0.1786592
545.225,42.95,140.42,0.1705849
550.25,42.95,140.06,0.1608071
555.275,42.95,139.45,0.1496671
560.3,42.95,139.14,0.1388807
565.325,42.95,138.86,0.1302824
570.35,42.95,139.3,0.1245564
575.375,42.95,140.12,0.122012
580.4,42.95,140.59,0.122263
585.425,42.95,140.99,0.1238321
590.45,42.95,141.37,0.1244893
595.475,42.95,141.73,0.1232296
600.5,42.95,142.16,0.1204896
605.525,42.95,142.56,0.1178533
610.55,42.95,143.21,0.1157465
615.575,42.95,143.8,0.1134563
620.6,42.95,143.88,0.1110078
625.625,42.95,143.76,0.1087668
630.65,42.95,143.52,0.1061937
635.675,42.95,143.25,0.1031991
640.7,42.95,143.04,0.1008396
645.725,42.95,142.87,0.09910787
650.75,42.95,142.67,0.09749433
655.775,42.95,142.48,0.09651559
660.8,42.95,142.36,0.09758177
665.825,42.95,142.27,0.1005386
670.85,42.95,142.27,0.1049124
675.875,42.95,142.27,0.1105496
680.9,42.95,142.02,0.1163484
685.925,42.95,141.65,0.1198027
690.95,42.95,141.19,0.1206381
695.975,42.95,140.72,0.1194387
701,42.95,140.29,0.1170119
706.025,42.95,139.93,0.1127992
711.05,42.95,140,0.1082619
716.075,42.95,140.39,0.1048501
721.1,42.95,140.61,0.1029815
726.125,42.95,140.71,0.1028933
731.15,42.95,140.8,0.1049354
736.175,42.95,140.92,0.1078577
741.2,42.95,141.02,0.1111661
746.225,42.95,141.25,0.1150734
751.25,42.95,141.6,0.1190557
756.275,42.95,141.96,0.1226637
761.3,42.95,142.06,0.1260676
766.325,42.95,142.03,0.1295864
771.35,42.95,142.03,0.1341647
776.375,42.95,142.06,0.1403028
781.4,42.95,142.1,0.1480505
786.425,42.95,142.04,0.1568415
791.45,42.95,141.55,0.1660619
796.475,42.95,140.73,0.1756112
801.5,42.95,139.98,0.1853188
806.525,42.95,139.34,0.1949886
811.55,42.95,138.75,0.2041856
816.575,42.95,138.18,0.2129954
821.6,42.95,137.58,0.2230202
826.625,42.95,136.88,0.2345727
831.65,42.95,136.02,0.2422369
836.675,42.95,135.03,0.2410251
841.7,42.95,134.05,0.2299263
846.725,42.95,132.78,0.2098355
851.75,42.95,131.36,0.1822554
856.775,42.95,130.25,0.15065
861.8,42.95,129.99,0.1198474
866.825,42.95,130.09,0.09390462
871.85,42.95,130.16,0.0742184
876.875,42.95,130.29,0.06327898
881.9,42.95,130.34,0.0619721
886.925,42.95,130.22,0.06682086
891.95,42.95,129.66,0.07335221
896.975,42.95,129,0.07824489
902,42.95,128.73,0.08088417
907.025,42.95,128.61,0.08206724
912.05,42.95,128.39,0.08191373
917.075,42.95,128.12,0.08212029
922.1,42.95,127.84,0.08376588
927.125,42.95,127.55,0.08674353
932.15,42.95,127.13,0.09079456
937.175,42.95,126.61,0.09439265
942.2,42.95,126.15,0.09693877
947.225,42.95,125.8,0.09856665
952.25,42.95,125.58,0.09878993
957.275,42.95,125.37,0.09717463
962.3,42.95,125.05,0.09385927
967.325,42.95,124.65,0.08940437
972.35,42.95,124.35,0.08553667
977.375,42.95,124.05,0.08272096
982.4,42.95,123.73,0.07944777
987.425,42.95,123.48,0.07528995
992.45,42.95,123.32,0.07021226
997.475,42.95,123.2,0.06862483
1002.5,42.95,122.98,0.07282725
-2.5,48,127.77,0.157342
2.525,48,128.34,0.1835357
7.55,48,129.01,0.1890777
12.575,48,129.73,0.1784026
17.6,48,130.46,0.1694622
22.625,48,131.88,0.167516
27.65,48,131.96,0.1672993
32.675,48,131.28,0.1601666
37.7,48,130.06,0.1460472
42.725,48,129.43,0.1255418
47.75,48,129.36,0.1010702
52.775,48,128,0.07963242
57.8,48,126.25,0.07217265
62.825,48,126.39,0.0827301
67.85,48,129.44,0.1009636
72.875,48,132.05,0.1167829
77.9,48,132.26,0.1298797
82.925,48,134.41,0.137599
87.95,48,134.95,0.1353498
92.975,48,135.32,0.1201698
98,48,135.13,0.09360668
103.025,48,135.25,0.06593245
108.05,48,135.39,0.05089528
113.075,48,135.54,0.04666037
118.1,48,135.65,0.04614491
123.125,48,135.77,0.04453083
128.15,48,135.93,0.04241463
133.175,48,136.19,0.04243765
138.2,48,136.4,0.04551639
143.225,48,136.57,0.05058807
148.25,48,136.75,0.05764298
153.275,48,136.97,0.06596416
158.3,48,137.33,0.07373778
163.325,48,137.82,0.07843808
168.35,48,138.32,0.07897251
173.375,48,138.85,0.07568527
178.4,48,139.38,0.06880565
183.425,48,139.75,0.05958753
188.45,48,139.9,0.04990672
193.475,48,140,0.0411382
198.5,48,140.13,0.03421989
203.525,48,140.31,0.02985975
208.55,48,140.44,0.02806735
213.575,48,140.53,0.02803119
218.6,48,140.64,0.02845528
223.625,48,140.74,0.02929265
228.65,48,140.84,0.03097262
233.675,48,141.03,0.03283372
238.7,48,141.19,0.03428966
243.725,48,141.3,0.03516251
248.75,48,141.41,0.03670355
253.775,48,141.65,0.03978539
258.8,48,141.86,0.04410632
263.825,48,141.8,0.04932475
268.85,48,141.55,0.05525506
273.875,48,141.39,0.06185772
278.9,48,141.53,0.06909335
283.925,48,141.8,0.07673902
288.95,48,141.99,0.08424828
293.975,48,142.15,0.09125793
299,48,142.28,0.09810602
304.025,48,142.25,0.1054657
309.05,48,142.11,0.1136526
314.075,48,142.05,0.1222678
319.1,48,142.05,0.1310824
324.125,48,141.97,0.1405401
329.15,48,141.82,0.1510184
334.175,48,141.58,0.1627077
339.2,48,141.31,0.1749001
344.225,48,140.92,0.1842883
349.25,48,140.44,0.1898646
354.275,48,139.76,0.1934999
359.3,48,139.06,0.1962335
364.325,48,138.64,0.1990879
369.35,48,138.67,0.2018277
374.375,48,139.29,0.2039291
379.4,48,139.65,0.2053534
384.425,48,139.55,0.2060258
389.45,48,139.33,0.2067404
394.475,48,139.08,0.2087311
399.5,48,138.85,0.2118775
404.525,48,138.48,0.2149971
409.55,48,137.95,0.2178369
414.575,48,137.42,0.2200772
419.6,48,137.04,0.2214674
424.625,48,136.66,0.2218205
429.65,48,136.23,0.2212012
434.675,48,135.83,0.2195076
439.7,48,135.54,0.2166908
444.725,48,135.52,0.2126269
449.75,48,135.75,0.2075204
454.775,48,135.81,0.2023448
459.8,48,135.77,0.1985073
464.825,48,135.62,0.196638
469.85,48,135.61,0.1970127
474.875,48,135.95,0.1992347
479.9,48,136.21,0.2020864
484.925,48,136.46,0.2049813
489.95,48,136.82,0.2074721
494.975,48,137.14,0.2094349
500,48,137.34,0.210535
505.025,48,137.53,0.2102302
510.05,48,137.87,0.2075712
515.075,48,138.72,0.2027894
520.1,48,139.43,0.1963822
525.125,48,139.93,0.188507
530.15,48,140.34,0.1804686
535.175,48,140.7,0.1732875
540.2,48,140.94,0.1677005
545.225,48,141.06,0.1625429
550.25,48,141.13,0.1560891
555.275,48,140.77,0.1486465
560.3,48,140.45,0.141256
565.325,48,140.03,0.1352727
570.35,48,139.61,0.1313549
575.375,48,140.21,0.1300585
580.4,48,140.8,0.1306945
585.425,48,141.36,0.1314603
590.45,48,142.04,0.1312292
595.475,48,142.57,0.1291092
600.5,48,143.06,0.1252474
605.525,48,143.45,0.1204437
610.55,48,143.7,0.115949
615.575,48,144.15,0.1122354
620.6,48,144.28,0.1095679
625.625,48,144.19,0.1079482
630.65,48,144.06,0.1072729
635.675,48,143.79,0.1063132
640.7,48,143.55,0.1051685
645.725,48,143.35,0.1041108
650.75,48,143.15,0.1025245
655.775,48,142.94,0.1010165
660.8,48,142.78,0.1006839
665.825,48,142.68,0.1018908
670.85,48,142.58,0.1046839
675.875,48,142.54,0.10868
680.9,48,142.37,0.1133112
685.925,48,142.08,0.1168235
690.95,48,141.72,0.1187259
695.975,48,141.32,0.1189693
701,48,140.97,0.117565
706.025,48,140.69,0.1152143
711.05,48,140.54,0.112057
716.075,48,140.76,0.1088546
721.1,48,141,0.1067726
726.125,48,141.1,0.1062757
731.15,48,141.17,0.1078537
736.175,48,141.26,0.1105432
741.2,48,141.39,0.1140084
746.225,48,141.75,0.1181148
751.25,48,142.3,0.1223227
756.275,48,142.64,0.1262695
761.3,48,142.79,0.129885
766.325,48,142.75,0.1332491
771.35,48,142.7,0.1373933
776.375,48,142.73,0.1438375
781.4,48,142.78,0.1523981
786.425,48,142.71,0.1617215
791.45,48,142.29,0.1710752
796.475,48,141.54,0.1800751
801.5,48,140.76,0.1885146
806.525,48,140.12,0.1961342
811.55,48,139.53,0.2027518
816.575,48,138.96,0.2093216
821.6,48,138.35,0.2180618
826.625,48,137.61,0.2300831
831.65,48,136.74,0.2411836
836.675,48,135.79,0.2437781
841.7,48,134.82,0.236155
846.725,48,133.39,0.2189718
851.75,48,131.61,0.1935043
856.775,48,130.43,0.1629542
861.8,48,129.99,0.1318398
866.825,48,130.04,0.1043715
871.85,48,130.06,0.08230426
876.875,48,130.1,0.0667838
881.9,48,130.18,0.06062586
886.925,48,130.1,0.06235758
891.95,48,129.74,0.06718048
896.975,48,129.16,0.07144465
902,48,128.84,0.0737282
907.025,48,128.74,0.07481569
912.05,48,128.58,0.07473456
917.075,48,128.31,0.07413257
922.1,48,128.04,0.07487812
927.125,48,127.78,0.07695966
932.15,48,127.52,0.0802832
937.175,48,127.11,0.0844459
942.2,48,126.68,0.08843547
947.225,48,126.42,0.09181434
952.25,48,126.36,0.09412344
957.275,48,126.16,0.09493344
962.3,48,125.79,0.09412665
967.325,48,125.27,0.09174182
972.35,48,124.77,0.08856654
977.375,48,124.37,0.08594982
982.4,48,123.93,0.0822375
987.425,48,123.59,0.07587764
992.45,48,123.39,0.06676147
997.475,48,123.22,0.05958879
1002.5,48,123.01,0.06109348
-2.5,53.05,127.71,0.1566474
2.525,53.05,128.53,0.1799331
7.55,53.05,129.45,0.181018
12.575,53.05,130.34,0.1655607
17.6,53.05,131.16,0.1522809
22.625,53.05,132.08,0.1517266
27.65,53.05,132.3,0.1589597
32.675,53.05,131.95,0.162494
37.7,53.05,131.16,0.1592408
42.725,53.05,130.89,0.1461926
47.75,53.05,130.71,0.1251144
52.775,53.05,129.97,0.100711
57.8,53.05,129.01,0.07530752
62.825,53.05,127.22,0.06355089
67.85,53.05,127.35,0.07648023
72.875,53.05,130.47,0.09615203
77.9,53.05,132.08,0.1170293
82.925,53.05,135.16,0.1328923
87.95,53.05,135.15,0.137789
92.975,53.05,134.93,0.1306198
98,53.05,135.1,0.1104263
103.025,53.05,135.61,0.08306232
108.05,53.05,135.89,0.06126883
113.075,53.05,135.99,0.05082088
118.1,53.05,136.13,0.04796205
123.125,53.05,136.24,0.04556617
128.15,53.05,136.3,0.04177781
133.175,53.05,136.41,0.04053631
138.2,53.05,136.53,0.04321784
143.225,53.05,136.63,0.04870977
148.25,53.05,136.73,0.05610607
153.275,53.05,136.97,0.06505257
158.3,53.05,137.37,0.07349974
163.325,53.05,137.85,0.07896079
168.35,53.05,138.35,0.08005267
173.375,53.05,138.86,0.07693454
178.4,53.05,139.39,0.07018761
183.425,53.05,139.8,0.06089556
188.45,53.05,139.88,0.05099183
193.475,53.05,139.94,0.04204877
198.5,53.05,140.11,0.03503974
203.525,53.05,140.29,0.03056301
208.55,53.05,140.48,0.02879957
213.575,53.05,140.61,0.02878255
218.6,53.05,140.71,0.02925062
223.625,53.05,140.81,0.02964067
228.65,53.05,140.92,0.03057438
233.675,53.05,141.03,0.03162142
238.7,53.05,141.18,0.03187671
243.725,53.05,141.31,0.03106757
248.75,53.05,141.47,0.0304335
253.775,53.05,141.61,0.03141012
258.8,53.05,141.8,0.03388953
263.825,53.05,141.81,0.03758833
268.85,53.05,141.58,0.04219926
273.875,53.05,141.44,0.04754632
278.9,53.05,141.62,0.0534838
283.925,53.05,141.9,0.05976202
288.95,53.05,142.16,0.0659074
293.975,53.05,142.36,0.07151098
299,53.05,142.55,0.07649757
304.025,53.05,142.62,0.08181597
309.05,53.05,142.54,0.08842556
314.075,53.05,142.47,0.09623361
319.1,53.05,142.51,0.1046984
324.125,53.05,142.5,0.1139385
329.15,53.05,142.41,0.1247204
334.175,53.05,142.26,0.1371848
339.2,53.05,142.06,0.150379
344.225,53.05,141.76,0.1616905
349.25,53.05,141.31,0.1689455
354.275,53.05,140.83,0.1735844
359.3,53.05,140.27,0.177135
364.325,53.05,139.89,0.1801384
369.35,53.05,139.99,0.1829426
374.375,53.05,140.24,0.1851467
379.4,53.05,140.41,0.1864025
384.425,53.05,140.29,0.1871192
389.45,53.05,140.11,0.1885103
394.475,53.05,139.88,0.1917886
399.5,53.05,139.67,0.1967006
404.525,53.05,139.36,0.2019188
409.55,53.05,138.85,0.2070547
414.575,53.05,138.33,0.2122019
419.6,53.05,137.96,0.216303
424.625,53.05,137.61,0.2187961
429.65,53.05,137.19,0.2199147
434.675,53.05,136.84,0.2196612
439.7,53.05,136.64,0.2178669
444.725,53.05,136.65,0.2141679
449.75,53.05,136.95,0.2086487
454.775,53.05,137.22,0.2025054
459.8,53.05,137.22,0.1971273
464.825,53.05,137.09,0.1933003
469.85,53.05,136.85,0.1918465
474.875,53.05,137.01,0.1927567
479.9,53.05,137.45,0.1954357
484.925,53.05,137.86,0.1983972
489.95,53.05,138.21,0.2008453
494.975,53.05,138.59,0.2017643
500,53.05,138.85,0.2012909
505.025,53.05,139.03,0.1990161
510.05,53.05,139.18,0.1945411
515.075,53.05,139.53,0.1878234
520.1,53.05,140.07,0.1799073
525.125,53.05,140.48,0.1712411
530.15,53.05,140.89,0.1633899
535.175,53.05,141.2,0.1576938
540.2,53.05,141.44,0.1541426
545.225,53.05,141.61,0.1523363
550.25,53.05,141.79,0.1498681
555.275,53.05,141.9,0.1465832
560.3,53.05,141.79,0.143323
565.325,53.05,141.52,0.1404902
570.35,53.05,140.78,0.1385128
575.375,53.05,140.57,0.1378411
580.4,53.05,141.15,0.1382641
585.425,53.05,141.77,0.1380532
590.45,53.05,142.57,0.1365974
595.475,53.05,143.35,0.1332448
600.5,53.05,143.96,0.1280688
605.525,53.05,144.43,0.1215628
610.55,53.05,144.55,0.1148263
615.575,53.05,144.57,0.1094537
620.6,53.05,144.62,0.1062415
625.625,53.05,144.53,0.1052565
630.65,53.05,144.48,0.1060538
635.675,53.05,144.34,0.1075168
640.7,53.05,144.08,0.1083806
645.725,53.05,143.86,0.1088519
650.75,53.05,143.65,0.1080209
655.775,53.05,143.45,0.1063899
660.8,53.05,143.26,0.1052345
665.825,53.05,143.13,0.1050724
670.85,53.05,143,0.1060948
675.875,53.05,142.85,0.1088258
680.9,53.05,142.68,0.1127933
685.925,53.05,142.44,0.1164578
690.95,53.05,142.19,0.1187561
695.975,53.05,141.92,0.1197816
701,53.05,141.67,0.1196528
706.025,53.05,141.47,0.1186728
711.05,53.05,141.31,0.1166042
716.075,53.05,141.27,0.1140646
721.1,53.05,141.4,0.1117908
726.125,53.05,141.49,0.1108005
731.15,53.05,141.57,0.1117404
736.175,53.05,141.66,0.1144768
741.2,53.05,141.79,0.1183803
746.225,53.05,142.13,0.1228923
751.25,53.05,142.85,0.1274773
756.275,53.05,143.38,0.1319589
761.3,53.05,143.5,0.1359213
766.325,53.05,143.5,0.1393396
771.35,53.05,143.46,0.1430989
776.375,53.05,143.45,0.1490613
781.4,53.05,143.51,0.1578939
786.425,53.05,143.46,0.1680953
791.45,53.05,143,0.177866
796.475,53.05,142.32,0.1866414
801.5,53.05,141.59,0.1943153
806.525,53.05,140.94,0.200336
811.55,53.05,140.33,0.2047535
816.575,53.05,139.72,0.2083564
821.6,53.05,139.09,0.2148043
826.625,53.05,138.34,0.2260208
831.65,53.05,137.42,0.2385087
836.675,53.05,136.45,0.2448358
841.7,53.05,135.49,0.2406102
846.725,53.05,134.15,0.2265452
851.75,53.05,132.11,0.2037679
856.775,53.05,130.59,0.1750918
861.8,53.05,130.1,0.1446045
866.825,53.05,130,0.1161916
871.85,53.05,130.02,0.09250159
876.875,53.05,130,0.07487884
881.9,53.05,130.02,0.0647749
886.925,53.05,129.95,0.06250809
891.95,53.05,129.64,0.06453992
896.975,53.05,129.22,0.06738224
902,53.05,128.9,0.06891855
907.025,53.05,128.74,0.06923304
912.05,53.05,128.62,0.0688418
917.075,53.05,128.42,0.06781754
922.1,53.05,128.17,0.0672327
927.125,53.05,127.93,0.06776818
932.15,53.05,127.73,0.06950238
937.175,53.05,127.49,0.07297254
942.2,53.05,127.15,0.07755423
947.225,53.05,126.93,0.08246149
952.25,53.05,126.95,0.08689422
957.275,53.05,126.89,0.09030314
962.3,53.05,126.5,0.09228831
967.325,53.05,125.96,0.09262301
972.35,53.05,125.31,0.09140339
977.375,53.05,124.71,0.08918288
982.4,53.05,124.15,0.08502021
987.425,53.05,123.67,0.07685563
992.45,53.05,123.46,0.06448459
997.475,53.05,123.26,0.0516115
1002.5,53.05,122.98,0.0476356
-2.5,58.1,127.87,0.151841
2.525,58.1,128.81,0.1770711
7.55,58.1,129.81,0.1802737
12.575,58.1,130.78,0.1650254
17.6,58.1,131.67,0.1470936
22.625,58.1,132.43,0.1389971
27.65,58.1,132.87,0.144754
32.675,58.1,132.86,0.1549428
37.7,58.1,132.41,0.1627356
42.725,58.1,131.77,0.1606332
47.75,58.1,131.61,0.1462904
52.775,58.1,131.67,0.1250075
57.8,58.1,131.07,0.0953945
62.825,58.1,129.47,0.06839729
67.85,58.1,127.44,0.06213139
72.875,58.1,128.06,0.07570579
77.9,58.1,131.43,0.102898
82.925,58.1,134.28,0.1268841
87.95,58.1,134.34,0.1392579
92.975,58.1,133.95,0.1373428
98,58.1,134.64,0.1223101
103.025,58.1,135.92,0.09815126
108.05,58.1,136.45,0.07161437
113.075,58.1,136.39,0.05608722
118.1,58.1,136.42,0.04968999
123.125,58.1,136.53,0.04552169
128.15,58.1,136.57,0.04010046
133.175,58.1,136.6,0.03847442
138.2,58.1,136.65,0.04145344
143.225,58.1,136.7,0.04784064
148.25,58.1,136.79,0.05596381
153.275,58.1,137.02,0.06528066
158.3,58.1,137.44,0.07399234
163.325,58.1,137.92,0.07961856
168.35,58.1,138.42,0.08094127
173.375,58.1,138.93,0.07789819
178.4,58.1,139.46,0.0711439
183.425,58.1,139.89,0.06190737
188.45,58.1,140,0.05209547
193.475,58.1,140,0.04319335
198.5,58.1,140.16,0.03622697
203.525,58.1,140.34,0.03190047
208.55,58.1,140.52,0.03027806
213.575,58.1,140.68,0.0304088
218.6,58.1,140.8,0.03083816
223.625,58.1,140.9,0.03102452
228.65,58.1,141.01,0.03133787
233.675,58.1,141.12,0.03185069
238.7,58.1,141.24,0.03151246
243.725,58.1,141.37,0.02986415
248.75,58.1,141.52,0.02795579
253.775,58.1,141.69,0.02748809
258.8,58.1,141.84,0.02860077
263.825,58.1,141.9,0.0310929
268.85,58.1,141.73,0.03461632
273.875,58.1,141.61,0.03883662
278.9,58.1,141.78,0.04355556
283.925,58.1,142.05,0.04844165
288.95,58.1,142.33,0.05291245
293.975,58.1,142.59,0.05675269
299,58.1,142.79,0.059809
304.025,58.1,142.91,0.06304424
309.05,58.1,142.9,0.0674898
314.075,58.1,142.86,0.07355798
319.1,58.1,142.89,0.08095365
324.125,58.1,142.91,0.08945306
329.15,58.1,142.88,0.09947166
334.175,58.1,142.8,0.1115721
339.2,58.1,142.64,0.1249842
344.225,58.1,142.41,0.1374619
349.25,58.1,142.09,0.1464351
354.275,58.1,141.68,0.1522245
359.3,58.1,141.21,0.1566958
364.325,58.1,140.84,0.1602709
369.35,58.1,140.92,0.1628143
374.375,58.1,141.17,0.1649319
379.4,58.1,141.17,0.1663192
384.425,58.1,141.04,0.1673604
389.45,58.1,140.88,0.169482
394.475,58.1,140.7,0.1739108
399.5,58.1,140.5,0.180369
404.525,58.1,140.23,0.1875203
409.55,58.1,139.77,0.1944574
414.575,58.1,139.29,0.2011675
419.6,58.1,138.93,0.2070237
424.625,58.1,138.61,0.2110877
429.65,58.1,138.24,0.2134585
434.675,58.1,137.93,0.214188
439.7,58.1,137.79,0.2131905
444.725,58.1,137.8,0.2101836
449.75,58.1,138.03,0.2050285
454.775,58.1,138.27,0.1985572
459.8,58.1,138.3,0.1920573
464.825,58.1,138.19,0.1865449
469.85,58.1,137.98,0.1832374
474.875,58.1,137.98,0.1831212
479.9,58.1,138.4,0.1853954
484.925,58.1,138.91,0.1884503
489.95,58.1,139.35,0.1908115
494.975,58.1,139.71,0.1914453
500,58.1,139.97,0.1898055
505.025,58.1,140.14,0.1860629
510.05,58.1,140.25,0.1802079
515.075,58.1,140.43,0.1729523
520.1,58.1,140.74,0.1647294
525.125,58.1,141.08,0.156256
530.15,58.1,141.43,0.1485298
535.175,58.1,141.75,0.1435276
540.2,58.1,141.98,0.141277
545.225,58.1,142.19,0.1417623
550.25,58.1,142.44,0.1433901
555.275,58.1,142.66,0.1439168
560.3,58.1,142.76,0.1440369
565.325,58.1,142.59,0.1437431
570.35,58.1,141.9,0.1431922
575.375,58.1,141.39,0.1428416
580.4,58.1,141.7,0.1426149
585.425,58.1,142.35,0.1414576
590.45,58.1,143.14,0.1392796
595.475,58.1,143.94,0.1353726
600.5,58.1,144.62,0.1290157
605.525,58.1,145.13,0.1209565
610.55,58.1,145.26,0.1125903
615.575,58.1,145.14,0.1060395
620.6,58.1,145.02,0.1025039
625.625,58.1,144.94,0.1020359
630.65,58.1,144.91,0.1039981
635.675,58.1,144.85,0.1069406
640.7,58.1,144.65,0.1097033
645.725,58.1,144.41,0.1117959
650.75,58.1,144.18,0.1127322
655.775,58.1,143.97,0.1117719
660.8,58.1,143.79,0.110336
665.825,58.1,143.62,0.1092022
670.85,58.1,143.46,0.1090863
675.875,58.1,143.28,0.1103901
680.9,58.1,143.07,0.1133547
685.925,58.1,142.88,0.1168541
690.95,58.1,142.69,0.1195303
695.975,58.1,142.52,0.1209918
701,58.1,142.36,0.1215218
706.025,58.1,142.21,0.1216516
711.05,58.1,142.02,0.1209059
716.075,58.1,141.89,0.1189702
721.1,58.1,141.9,0.1168938
726.125,58.1,141.97,0.1158554
731.15,58.1,142.05,0.1169134
736.175,58.1,142.16,0.120057
741.2,58.1,142.31,0.1243837
746.225,58.1,142.62,0.1292566
751.25,58.1,143.32,0.1342874
756.275,58.1,143.96,0.139318
761.3,58.1,144.17,0.1436791
766.325,58.1,144.21,0.1468499
771.35,58.1,144.22,0.1502732
776.375,58.1,144.25,0.1558279
781.4,58.1,144.32,0.1643444
786.425,58.1,144.3,0.1748413
791.45,58.1,143.85,0.1856497
796.475,58.1,143.12,0.1948286
801.5,58.1,142.41,0.2022001
806.525,58.1,141.75,0.2071396
811.55,58.1,141.11,0.2093357
816.575,58.1,140.46,0.210392
821.6,58.1,139.78,0.21423
826.625,58.1,139.03,0.2240787
831.65,58.1,138.1,0.2366584
836.675,58.1,137.09,0.2447017
841.7,58.1,136.11,0.2435458
846.725,58.1,134.84,0.2323045
851.75,58.1,132.85,0.2123259
856.775,58.1,131.14,0.1859659
861.8,58.1,130.51,0.1568325
866.825,58.1,130.29,0.1285081
871.85,58.1,130.17,0.1036909
876.875,58.1,130.13,0.08474083
881.9,58.1,130.11,0.07278926
886.925,58.1,130.04,0.06762548
891.95,58.1,129.75,0.06664332
896.975,58.1,129.37,0.06711649
902,58.1,129.09,0.06744037
907.025,58.1,128.87,0.06687245
912.05,58.1,128.69,0.0658467
917.075,58.1,128.5,0.06433342
922.1,58.1,128.28,0.06247982
927.125,58.1,128.06,0.06103105
932.15,58.1,127.9,0.06067362
937.175,58.1,127.72,0.06237363
942.2,58.1,127.46,0.0663561
947.225,58.1,127.25,0.07184476
952.25,58.1,127.3,0.07804045
957.275,58.1,127.28,0.08397278
962.3,58.1,126.91,0.08881195
967.325,58.1,126.37,0.09173902
972.35,58.1,125.71,0.09274473
977.375,58.1,125.01,0.09193958
982.4,58.1,124.34,0.08798767
987.425,58.1,123.78,0.07904943
992.45,58.1,123.49,0.06532411
997.475,58.1,123.31,0.04873486
1002.5,58.1,123.01,0.03828735
-2.5,63.15,128.16,0.1615814
2.525,63.15,129.06,0.183084
7.55,63.15,130.07,0.1842395
12.575,63.15,131.14,0.1689658
17.6,63.15,132.09,0.1502904
22.625,63.15,132.82,0.1367911
27.65,63.15,133.42,0.1335304
32.675,63.15,133.8,0.1414392
37.7,63.15,133.65,0.156185
42.725,63.15,133.1,0.1667953
47.75,63.15,132.85,0.1624685
52.775,63.15,133.15,0.148903
57.8,63.15,132.76,0.1226504
62.825,63.15,131.26,0.09125188
67.85,63.15,129.92,0.06808167
72.875,63.15,127.84,0.06520528
77.9,63.15,130.18,0.0881453
82.925,63.15,131.3,0.1170901
87.95,63.15,132.48,0.1380422
92.975,63.15,134.14,0.1422816
98,63.15,134.43,0.1304823
103.025,63.15,136.46,0.1094152
108.05,63.15,137.17,0.08064792
113.075,63.15,136.8,0.06229503
118.1,63.15,136.6,0.0509593
123.125,63.15,136.7,0.04274768
128.15,63.15,136.73,0.03682155
133.175,63.15,136.72,0.0360375
138.2,63.15,136.74,0.04065685
143.225,63.15,136.77,0.04845792
148.25,63.15,136.86,0.05756826
153.275,63.15,137.08,0.06719117
158.3,63.15,137.5,0.07563361
163.325,63.15,138.02,0.08067728
168.35,63.15,138.53,0.08151438
173.375,63.15,139.03,0.07825605
178.4,63.15,139.56,0.07146408
183.425,63.15,140,0.06247993
188.45,63.15,140.16,0.05295509
193.475,63.15,140.13,0.0443288
198.5,63.15,140.25,0.03763176
203.525,63.15,140.42,0.03351967
208.55,63.15,140.59,0.03201073
213.575,63.15,140.77,0.0322343
218.6,63.15,140.89,0.03260705
223.625,63.15,141,0.03255333
228.65,63.15,141.11,0.03236363
233.675,63.15,141.23,0.03232474
238.7,63.15,141.35,0.03173552
243.725,63.15,141.47,0.02993785
248.75,63.15,141.61,0.02771828
253.775,63.15,141.77,0.02661285
258.8,63.15,141.92,0.02707307
263.825,63.15,142.01,0.02874381
268.85,63.15,141.93,0.03157501
273.875,63.15,141.82,0.03502535
278.9,63.15,141.97,0.03875334
283.925,63.15,142.22,0.04241079
288.95,63.15,142.5,0.04555396
293.975,63.15,142.8,0.04764676
299,63.15,143.03,0.04870519
304.025,63.15,143.15,0.04972018
309.05,63.15,143.18,0.05204094
314.075,63.15,143.18,0.05593136
319.1,63.15,143.23,0.06146805
324.125,63.15,143.25,0.06850235
329.15,63.15,143.25,0.07721482
334.175,63.15,143.25,0.0879349
339.2,63.15,143.15,0.1002586
344.225,63.15,142.96,0.1124979
349.25,63.15,142.72,0.1226391
354.275,63.15,142.44,0.1295334
359.3,63.15,142.06,0.1347037
364.325,63.15,141.67,0.1390439
369.35,63.15,141.67,0.1420414
374.375,63.15,141.94,0.1440695
379.4,63.15,141.97,0.1456748
384.425,63.15,141.85,0.1470982
389.45,63.15,141.73,0.1500518
394.475,63.15,141.58,0.1554851
399.5,63.15,141.37,0.1628227
404.525,63.15,141.09,0.1709359
409.55,63.15,140.75,0.1791871
414.575,63.15,140.32,0.1869864
419.6,63.15,140.01,0.1937851
424.625,63.15,139.82,0.198752
429.65,63.15,139.61,0.2020154
434.675,63.15,139.27,0.2037633
439.7,63.15,139.07,0.2038186
444.725,63.15,138.85,0.201942
449.75,63.15,138.94,0.1976083
454.775,63.15,139.12,0.1914322
459.8,63.15,139.11,0.1845956
464.825,63.15,139,0.1782502
469.85,63.15,138.78,0.1736425
474.875,63.15,138.77,0.1723109
479.9,63.15,139.17,0.1741366
484.925,63.15,139.68,0.1771362
489.95,63.15,140.11,0.1792477
494.975,63.15,140.55,0.1793589
500,63.15,140.87,0.1770028
505.025,63.15,141.04,0.1725528
510.05,63.15,141.07,0.1663223
515.075,63.15,141.15,0.159193
520.1,63.15,141.4,0.1519787
525.125,63.15,141.72,0.1447909
530.15,63.15,142.04,0.1383498
535.175,63.15,142.35,0.1340712
540.2,63.15,142.58,0.1322689
545.225,63.15,142.76,0.1332604
550.25,63.15,143.04,0.1368871
555.275,63.15,143.36,0.140444
560.3,63.15,143.54,0.1429128
565.325,63.15,143.52,0.1442924
570.35,63.15,142.93,0.1441914
575.375,63.15,142.25,0.1435973
580.4,63.15,142.41,0.1427133
585.425,63.15,142.97,0.1410815
590.45,63.15,143.7,0.138311
595.475,63.15,144.49,0.1343417
600.5,63.15,145.13,0.127604
605.525,63.15,145.64,0.1187879
610.55,63.15,145.75,0.1097084
615.575,63.15,145.59,0.1025888
620.6,63.15,145.46,0.09908408
625.625,63.15,145.43,0.09913656
630.65,63.15,145.44,0.101851
635.675,63.15,145.42,0.1058826
640.7,63.15,145.25,0.1097468
645.725,63.15,145.01,0.1130524
650.75,63.15,144.79,0.1153936
655.775,63.15,144.55,0.1160552
660.8,63.15,144.35,0.1152059
665.825,63.15,144.14,0.1139534
670.85,63.15,143.94,0.1130162
675.875,63.15,143.73,0.1133085
680.9,63.15,143.52,0.1149504
685.925,63.15,143.42,0.1176995
690.95,63.15,143.32,0.1202333
695.975,63.15,143.21,0.1217978
701,63.15,143.08,0.1226513
706.025,63.15,142.93,0.1232613
711.05,63.15,142.72,0.1235529
716.075,63.15,142.51,0.1230372
721.1,63.15,142.44,0.1220966
726.125,63.15,142.52,0.121757
731.15,63.15,142.62,0.1234487
736.175,63.15,142.74,0.1272179
741.2,63.15,142.9,0.1320882
746.225,63.15,143.17,0.1373758
751.25,63.15,143.78,0.1426871
756.275,63.15,144.51,0.148004
761.3,63.15,144.81,0.1526915
766.325,63.15,144.93,0.1557633
771.35,63.15,145,0.1585388
776.375,63.15,145.08,0.16377
781.4,63.15,145.21,0.1721211
786.425,63.15,145.17,0.182689
791.45,63.15,144.72,0.1940662
796.475,63.15,143.93,0.2042717
801.5,63.15,143.16,0.2119887
806.525,63.15,142.52,0.2168777
811.55,63.15,141.84,0.2174384
816.575,63.15,141.15,0.215407
821.6,63.15,140.43,0.2161693
826.625,63.15,139.63,0.2239674
831.65,63.15,138.69,0.2360513
836.675,63.15,137.67,0.2449051
841.7,63.15,136.68,0.2455514
846.725,63.15,135.54,0.237005
851.75,63.15,133.75,0.2195396
856.775,63.15,131.87,0.1954124
861.8,63.15,131.09,0.167773
866.825,63.15,130.79,0.1398998
871.85,63.15,130.62,0.1149878
876.875,63.15,130.44,0.09547546
881.9,63.15,130.3,0.08266923
886.925,63.15,130.24,0.07568216
891.95,63.15,130.02,0.07254382
896.975,63.15,129.64,0.0708288
902,63.15,129.32,0.06958228
907.025,63.15,129.02,0.06775512
912.05,63.15,128.77,0.06576314
917.075,63.15,128.57,0.06373334
922.1,63.15,128.34,0.06089636
927.125,63.15,128.13,0.05743428
932.15,63.15,127.97,0.05483915
937.175,63.15,127.88,0.05433508
942.2,63.15,127.68,0.05677744
947.225,63.15,127.46,0.0618921
952.25,63.15,127.42,0.06899442
957.275,63.15,127.46,0.07706039
962.3,63.15,127.13,0.0845013
967.325,63.15,126.61,0.08998354
972.35,63.15,125.93,0.09308381
977.375,63.15,125.2,0.09384157
982.4,63.15,124.51,0.09072743
987.425,63.15,123.92,0.08205217
992.45,63.15,123.57,0.06860133
997.475,63.15,123.38,0.05082111
1002.5,63.15,123.06,0.03624892
-2.5,68.2,128.52,0.1883964
2.525,68.2,129.39,0.1988507
7.55,68.2,130.25,0.1930252
12.575,68.2,131.28,0.1753114
17.6,68.2,132.29,0.1548733
22.625,68.2,133.02,0.1375676
27.65,68.2,133.4,0.1276536
32.675,68.2,133.91,0.125258
37.7,68.2,134.19,0.1351984
42.725,68.2,134.13,0.1552058
47.75,68.2,133.78,0.168455
52.775,68.2,133.71,0.1634867
57.8,68.2,133.48,0.1422681
62.825,68.2,132.66,0.1118024
67.85,68.2,131.35,0.08165254
72.875,68.2,130.37,0.06339094
77.9,68.2,128.67,0.07582864
82.925,68.2,129.2,0.1052332
87.95,68.2,132.34,0.1309638
92.975,68.2,134.55,0.1436845
98,68.2,134.24,0.138128
103.025,68.2,136.25,0.1168015
108.05,68.2,137.28,0.09061048
113.075,68.2,137.01,0.06714855
118.1,68.2,136.66,0.04959092
123.125,68.2,136.78,0.03874183
128.15,68.2,136.85,0.03312827
133.175,68.2,136.84,0.03432276
138.2,68.2,136.86,0.0415452
143.225,68.2,136.87,0.05104554
148.25,68.2,136.93,0.06108748
153.275,68.2,137.15,0.07074209
158.3,68.2,137.55,0.07855313
163.325,68.2,138.09,0.0824385
168.35,68.2,138.67,0.08181222
173.375,68.2,139.18,0.07780217
178.4,68.2,139.7,0.07088608
183.425,68.2,140.08,0.06228126
188.45,68.2,140.26,0.05344327
193.475,68.2,140.31,0.04533775
198.5,68.2,140.39,0.0390754
203.525,68.2,140.55,0.03531199
208.55,68.2,140.69,0.03390003
213.575,68.2,140.85,0.03412224
218.6,68.2,140.98,0.0343929
223.625,68.2,141.1,0.03405937
228.65,68.2,141.23,0.03358397
233.675,68.2,141.35,0.03307958
238.7,68.2,141.47,0.03232384
243.725,68.2,141.59,0.03071051
248.75,68.2,141.7,0.02867057
253.775,68.2,141.85,0.02752166
258.8,68.2,142,0.02772542
263.825,68.2,142.06,0.02892991
268.85,68.2,142.04,0.0311536
273.875,68.2,142,0.03409443
278.9,68.2,142.13,0.03710871
283.925,68.2,142.37,0.0397765
288.95,68.2,142.61,0.04166586
293.975,68.2,142.89,0.04250152
299,68.2,143.14,0.04200241
304.025,68.2,143.27,0.04103513
309.05,68.2,143.3,0.04108172
314.075,68.2,143.32,0.04279895
319.1,68.2,143.4,0.04620181
324.125,68.2,143.46,0.05136883
329.15,68.2,143.47,0.05817465
334.175,68.2,143.49,0.06689747
339.2,68.2,143.48,0.07741982
344.225,68.2,143.36,0.0881853
349.25,68.2,143.18,0.09795026
354.275,68.2,142.99,0.1056407
359.3,68.2,142.73,0.1113313
364.325,68.2,142.49,0.1161069
369.35,68.2,142.45,0.1195464
374.375,68.2,142.65,0.1220333
379.4,68.2,142.78,0.1240922
384.425,68.2,142.68,0.1260377
389.45,68.2,142.58,0.1294182
394.475,68.2,142.48,0.1354845
399.5,68.2,142.28,0.1433008
404.525,68.2,141.95,0.151679
409.55,68.2,141.67,0.1602113
414.575,68.2,141.44,0.1685416
419.6,68.2,141.24,0.1762339
424.625,68.2,141.12,0.1823129
429.65,68.2,141.13,0.1863435
434.675,68.2,140.96,0.1889019
439.7,68.2,140.64,0.1900186
444.725,68.2,140.2,0.1895756
449.75,68.2,139.71,0.1869893
454.775,68.2,139.68,0.1818373
459.8,68.2,139.59,0.1753532
464.825,68.2,139.43,0.1691339
469.85,68.2,139.34,0.1644174
474.875,68.2,139.31,0.1624802
479.9,68.2,139.66,0.1636465
484.925,68.2,140.2,0.1659694
489.95,68.2,140.64,0.1676251
494.975,68.2,141.04,0.1671403
500,68.2,141.48,0.1641234
505.025,68.2,141.72,0.1593642
510.05,68.2,141.76,0.1535136
515.075,68.2,141.81,0.1473644
520.1,68.2,142.02,0.1415294
525.125,68.2,142.34,0.1360055
530.15,68.2,142.66,0.1311802
535.175,68.2,142.96,0.1279281
540.2,68.2,143.19,0.1264508
545.225,68.2,143.36,0.1268004
550.25,68.2,143.53,0.1304256
555.275,68.2,143.82,0.1352621
560.3,68.2,144.08,0.1392097
565.325,68.2,144.09,0.1417603
570.35,68.2,143.91,0.1421139
575.375,68.2,143.42,0.1410568
580.4,68.2,143.4,0.139633
585.425,68.2,143.81,0.1374804
590.45,68.2,144.26,0.1346552
595.475,68.2,144.89,0.1304488
600.5,68.2,145.45,0.1236876
605.525,68.2,145.87,0.1148006
610.55,68.2,146.1,0.1060256
615.575,68.2,146,0.09927292
620.6,68.2,145.9,0.0961158
625.625,68.2,145.96,0.09654405
630.65,68.2,146.07,0.09976338
635.675,68.2,146.08,0.104318
640.7,68.2,145.94,0.1089362
645.725,68.2,145.69,0.1129565
650.75,68.2,145.45,0.1163404
655.775,68.2,145.22,0.1185378
660.8,68.2,144.99,0.1190589
665.825,68.2,144.73,0.1184882
670.85,68.2,144.43,0.1176389
675.875,68.2,144.2,0.1173124
680.9,68.2,143.96,0.1179938
685.925,68.2,143.92,0.1195027
690.95,68.2,144.04,0.1215217
695.975,68.2,143.98,0.123108
701,68.2,143.85,0.1240729
706.025,68.2,143.66,0.1248522
711.05,68.2,143.44,0.1255593
716.075,68.2,143.2,0.1265883
721.1,68.2,143.04,0.1275667
726.125,68.2,143.08,0.1286487
731.15,68.2,143.27,0.1311734
736.175,68.2,143.39,0.1356
741.2,68.2,143.56,0.1410689
746.225,68.2,143.88,0.1468581
751.25,68.2,144.34,0.1524213
756.275,68.2,144.96,0.1576595
761.3,68.2,145.38,0.1622926
766.325,68.2,145.59,0.1653086
771.35,68.2,145.82,0.1677577
776.375,68.2,145.99,0.1723614
781.4,68.2,146.2,0.1803164
786.425,68.2,146.15,0.1908481
791.45,68.2,145.55,0.2027934
796.475,68.2,144.71,0.2140357
801.5,68.2,143.84,0.2227839
806.525,68.2,143.17,0.2283075
811.55,68.2,142.55,0.2289547
816.575,68.2,141.8,0.2247762
821.6,68.2,141.03,0.2215067
826.625,68.2,140.16,0.2255131
831.65,68.2,139.16,0.2356431
836.675,68.2,138.13,0.2442854
841.7,68.2,137.14,0.2462693
846.725,68.2,135.92,0.2400031
851.75,68.2,134.53,0.2255068
856.775,68.2,132.97,0.2037208
861.8,68.2,132.02,0.1775725
866.825,68.2,131.59,0.1501338
871.85,68.2,131.24,0.1249985
876.875,68.2,130.98,0.1053801
881.9,68.2,130.66,0.0925838
886.925,68.2,130.45,0.08516236
891.95,68.2,130.33,0.08064964
896.975,68.2,129.99,0.07729965
902,68.2,129.59,0.07450956
907.025,68.2,129.22,0.07172916
912.05,68.2,128.82,0.06860438
917.075,68.2,128.53,0.06558388
922.1,68.2,128.27,0.06214178
927.125,68.2,128.09,0.05743127
932.15,68.2,127.97,0.05277224
937.175,68.2,127.86,0.0501623
942.2,68.2,127.74,0.05055438
947.225,68.2,127.63,0.05455917
952.25,68.2,127.49,0.0617449
957.275,68.2,127.38,0.07107252
962.3,68.2,127.11,0.08063343
967.325,68.2,126.63,0.08827512
972.35,68.2,126.08,0.09317882
977.375,68.2,125.38,0.09536302
982.4,68.2,124.71,0.09332824
987.425,68.2,124.16,0.0854915
992.45,68.2,123.74,0.07313533
997.475,68.2,123.47,0.05592576
1002.5,68.2,123.14,0.03762337
-2.5,73.25,128.9,0.2099705
2.525,73.25,129.77,0.2143908
7.55,73.25,130.6,0.2017153
12.575,73.25,131.46,0.1811992
17.6,73.25,132.44,0.1595647
22.625,73.25,133.21,0.1392121
27.65,73.25,133.58,0.1248351
32.675,73.25,133.86,0.1155674
37.7,73.25,134.33,0.1168555
42.725,73.25,134.57,0.1328575
47.75,73.25,134.63,0.1541618
52.775,73.25,134.27,0.1623765
57.8,73.25,133.77,0.1526006
62.825,73.25,133.05,0.1272892
67.85,73.25,132.12,0.09492694
72.875,73.25,131.1,0.06718557
77.9,73.25,129.6,0.06484798
82.925,73.25,129.52,0.0923949
87.95,73.25,132.27,0.1209645
92.975,73.25,133.87,0.1388698
98,73.25,134.19,0.1421376
103.025,73.25,135.82,0.1261907
108.05,73.25,136.67,0.09913966
113.075,73.25,136.83,0.07088165
118.1,73.25,136.67,0.04842999
123.125,73.25,136.77,0.03585428
128.15,73.25,136.86,0.02985171
133.175,73.25,136.93,0.03398172
138.2,73.25,136.97,0.04424534
143.225,73.25,137.01,0.05522614
148.25,73.25,137.1,0.06561662
153.275,73.25,137.32,0.07511452
158.3,73.25,137.69,0.08182867
163.325,73.25,138.18,0.08426656
168.35,73.25,138.78,0.08195545
173.375,73.25,139.35,0.07653351
178.4,73.25,139.87,0.06939358
183.425,73.25,140.26,0.06128813
188.45,73.25,140.35,0.05334414
193.475,73.25,140.42,0.04616576
198.5,73.25,140.54,0.04051188
203.525,73.25,140.69,0.03705582
208.55,73.25,140.83,0.03578277
213.575,73.25,140.97,0.03589889
218.6,73.25,141.09,0.03612262
223.625,73.25,141.21,0.03566692
228.65,73.25,141.34,0.03494079
233.675,73.25,141.47,0.03419636
238.7,73.25,141.6,0.0333258
243.725,73.25,141.73,0.0320452
248.75,73.25,141.83,0.03039278
253.775,73.25,141.94,0.02936508
258.8,73.25,142.07,0.02944645
263.825,73.25,142.14,0.03041853
268.85,73.25,142.11,0.03215512
273.875,73.25,142.13,0.03445477
278.9,73.25,142.28,0.03672766
283.925,73.25,142.5,0.03857045
288.95,73.25,142.73,0.03952077
293.975,73.25,142.95,0.03929477
299,73.25,143.18,0.03777854
304.025,73.25,143.33,0.03552941
309.05,73.25,143.37,0.03392718
314.075,73.25,143.38,0.03359529
319.1,73.25,143.47,0.03487191
324.125,73.25,143.55,0.0379231
329.15,73.25,143.61,0.0427785
334.175,73.25,143.64,0.04933254
339.2,73.25,143.66,0.05759627
344.225,73.25,143.61,0.06644912
349.25,73.25,143.51,0.07457763
354.275,73.25,143.37,0.08178983
359.3,73.25,143.2,0.08769513
364.325,73.25,143.03,0.0926285
369.35,73.25,143.11,0.09634006
374.375,73.25,143.28,0.09898324
379.4,73.25,143.43,0.1016471
384.425,73.25,143.42,0.1044005
389.45,73.25,143.32,0.1081765
394.475,73.25,143.21,0.1141323
399.5,73.25,143.04,0.1217856
404.525,73.25,142.75,0.1298303
409.55,73.25,142.44,0.1380791
414.575,73.25,142.34,0.146333
419.6,73.25,142.33,0.1544065
424.625,73.25,142.34,0.161655
429.65,73.25,142.29,0.1670964
434.675,73.25,142.24,0.1707445
439.7,73.25,141.97,0.1729774
444.725,73.25,141.53,0.1735959
449.75,73.25,140.84,0.1726922
454.775,73.25,140.28,0.1697676
459.8,73.25,140,0.1648106
464.825,73.25,139.72,0.1595129
469.85,73.25,139.68,0.1554541
474.875,73.25,139.8,0.1538138
479.9,73.25,140.11,0.154682
484.925,73.25,140.56,0.1563397
489.95,73.25,141.07,0.1568257
494.975,73.25,141.5,0.1556956
500,73.25,141.95,0.15238
505.025,73.25,142.27,0.1475882
510.05,73.25,142.33,0.1422983
515.075,73.25,142.39,0.1371862
520.1,73.25,142.62,0.1329365
525.125,73.25,142.93,0.1292778
530.15,73.25,143.26,0.1260738
535.175,73.25,143.55,0.1236891
540.2,73.25,143.77,0.1221578
545.225,73.25,143.95,0.1215647
550.25,73.25,144.11,0.123598
555.275,73.25,144.27,0.1283776
560.3,73.25,144.5,0.1328161
565.325,73.25,144.56,0.1361899
570.35,73.25,144.44,0.1372841
575.375,73.25,144.38,0.1362325
580.4,73.25,144.45,0.1345666
585.425,73.25,144.77,0.1322335
590.45,73.25,145.04,0.1289542
595.475,73.25,145.35,0.1247067
600.5,73.25,145.74,0.1180681
605.525,73.25,146.03,0.1096833
610.55,73.25,146.26,0.1017429
615.575,73.25,146.35,0.09585909
620.6,73.25,146.34,0.09337788
625.625,73.25,146.44,0.0942954
630.65,73.25,146.63,0.0977468
635.675,73.25,146.72,0.1024834
640.7,73.25,146.6,0.107281
645.725,73.25,146.39,0.111775
650.75,73.25,146.13,0.1159094
655.775,73.25,145.89,0.1194171
660.8,73.25,145.66,0.1215357
665.825,73.25,145.39,0.1222204
670.85,73.25,145.04,0.1221991
675.875,73.25,144.71,0.1218875
680.9,73.25,144.46,0.1220418
685.925,73.25,144.37,0.1227337
690.95,73.25,144.58,0.1239194
695.975,73.25,144.71,0.1252497
701,73.25,144.58,0.1262977
706.025,73.25,144.39,0.1272931
711.05,73.25,144.14,0.1285089
716.075,73.25,143.89,0.1302641
721.1,73.25,143.68,0.1328435
726.125,73.25,143.64,0.1358649
731.15,73.25,143.86,0.1397729
736.175,73.25,144.12,0.1448618
741.2,73.25,144.29,0.1507533
746.225,73.25,144.61,0.1567797
751.25,73.25,145.11,0.1624162
756.275,73.25,145.57,0.1674181
761.3,73.25,145.96,0.1716413
766.325,73.25,146.24,0.1744294
771.35,73.25,146.57,0.1764848
776.375,73.25,146.9,0.1804203
781.4,73.25,147.22,0.1876427
786.425,73.25,147.3,0.1977603
791.45,73.25,146.64,0.2099967
796.475,73.25,145.62,0.222632
801.5,73.25,144.65,0.233092
806.525,73.25,143.84,0.2400663
811.55,73.25,143.17,0.2416334
816.575,73.25,142.45,0.2370335
821.6,73.25,141.61,0.2310098
826.625,73.25,140.7,0.2304019
831.65,73.25,139.64,0.2365335
836.675,73.25,138.57,0.2432229
841.7,73.25,137.57,0.2451084
846.725,73.25,136.39,0.2405288
851.75,73.25,134.91,0.2288969
856.775,73.25,133.75,0.2101785
861.8,73.25,133.01,0.1858957
866.825,73.25,132.56,0.1591929
871.85,73.25,132.02,0.1338105
876.875,73.25,131.56,0.1137398
881.9,73.25,131.11,0.1007343
886.925,73.25,130.73,0.09344266
891.95,73.25,130.55,0.08875366
896.975,73.25,130.33,0.08476843
902,73.25,129.9,0.08085274
907.025,73.25,129.47,0.07728232
912.05,73.25,129.01,0.07369598
917.075,73.25,128.59,0.06995152
922.1,73.25,128.26,0.06567641
927.125,73.25,128.01,0.0603639
932.15,73.25,127.95,0.05458147
937.175,73.25,127.86,0.05040479
942.2,73.25,127.73,0.04918853
947.225,73.25,127.64,0.05173083
952.25,73.25,127.59,0.05826408
957.275,73.25,127.36,0.06780095
962.3,73.25,126.99,0.07835711
967.325,73.25,126.5,0.08741857
972.35,73.25,126.02,0.0935076
977.375,73.25,125.48,0.09655667
982.4,73.25,124.87,0.09557258
987.425,73.25,124.35,0.08882412
992.45,73.25,123.95,0.0782751
997.475,73.25,123.59,0.06298683
1002.5,73.25,123.19,0.043742
-2.5,78.3,129.24,0.2230389
2.525,78.3,130.12,0.2235697
7.55,78.3,130.97,0.2074335
12.575,78.3,131.83,0.1851879
17.6,78.3,132.75,0.1628365
22.625,78.3,133.56,0.1417114
27.65,78.3,133.98,0.1245506
32.675,78.3,134.26,0.1101781
37.7,78.3,134.68,0.1043976
42.725,78.3,135.04,0.1096402
47.75,78.3,135.21,0.1269079
52.775,78.3,135.01,0.1473699
57.8,78.3,134.35,0.153511
62.825,78.3,133.64,0.1386737
67.85,78.3,133.11,0.1064149
72.875,78.3,131.83,0.07352724
77.9,78.3,130.12,0.05860524
82.925,78.3,130.92,0.08004812
87.95,78.3,132.6,0.1100814
92.975,78.3,133.63,0.1307131
98,78.3,134.66,0.1400668
103.025,78.3,135.99,0.1334972
108.05,78.3,136.55,0.1079468
113.075,78.3,136.63,0.07395703
118.1,78.3,136.69,0.0472891
123.125,78.3,136.79,0.03333573
128.15,78.3,136.88,0.0277994
133.175,78.3,136.97,0.03474368
138.2,78.3,137.04,0.04767924
143.225,78.3,137.13,0.06003561
148.25,78.3,137.31,0.07025501
153.275,78.3,137.61,0.07883213
158.3,78.3,137.99,0.0842114
163.325,78.3,138.43,0.08510471
168.35,78.3,138.95,0.08138577
173.375,78.3,139.5,0.07464117
178.4,78.3,140.01,0.0671286
183.425,78.3,140.41,0.05961446
188.45,78.3,140.53,0.05256326
193.475,78.3,140.55,0.04637732
198.5,78.3,140.68,0.04156068
203.525,78.3,140.82,0.03859143
208.55,78.3,140.96,0.03743569
213.575,78.3,141.1,0.03742221
218.6,78.3,141.22,0.03745732
223.625,78.3,141.34,0.03693719
228.65,78.3,141.47,0.03614496
233.675,78.3,141.6,0.03529084
238.7,78.3,141.74,0.03434134
243.725,78.3,141.87,0.03318056
248.75,78.3,141.96,0.03193713
253.775,78.3,142.06,0.0311145
258.8,78.3,142.17,0.03106857
263.825,78.3,142.25,0.03177778
268.85,78.3,142.25,0.03311382
273.875,78.3,142.28,0.03476866
278.9,78.3,142.44,0.03636131
283.925,78.3,142.65,0.03743299
288.95,78.3,142.86,0.03763405
293.975,78.3,143.06,0.0366841
299,78.3,143.26,0.03453813
304.025,78.3,143.42,0.03165821
309.05,78.3,143.47,0.02909913
314.075,78.3,143.49,0.02743841
319.1,78.3,143.56,0.02701794
324.125,78.3,143.65,0.02818188
329.15,78.3,143.73,0.03090934
334.175,78.3,143.79,0.03533462
339.2,78.3,143.82,0.0413773
344.225,78.3,143.81,0.04836323
349.25,78.3,143.78,0.05481172
354.275,78.3,143.7,0.06045441
359.3,78.3,143.55,0.06559867
364.325,78.3,143.42,0.07007717
369.35,78.3,143.52,0.07378735
374.375,78.3,143.73,0.07657491
379.4,78.3,143.86,0.07931047
384.425,78.3,143.9,0.08241668
389.45,78.3,143.87,0.08641108
394.475,78.3,143.75,0.09195423
399.5,78.3,143.56,0.09874786
404.525,78.3,143.31,0.1059634
409.55,78.3,143.1,0.1134583
414.575,78.3,143.03,0.1212424
419.6,78.3,143.1,0.1292959
424.625,78.3,143.14,0.1373156
429.65,78.3,143.09,0.1442146
434.675,78.3,142.93,0.1495151
439.7,78.3,142.66,0.1534572
444.725,78.3,142.28,0.1558051
449.75,78.3,141.71,0.1563136
454.775,78.3,141.11,0.1554903
459.8,78.3,140.64,0.1531557
464.825,78.3,140.28,0.1501246
469.85,78.3,140.2,0.1477817
474.875,78.3,140.41,0.1469504
479.9,78.3,140.76,0.1478806
484.925,78.3,141.15,0.1491721
489.95,78.3,141.6,0.1488124
494.975,78.3,142.08,0.1464651
500,78.3,142.54,0.1427084
505.025,78.3,142.89,0.1378713
510.05,78.3,142.96,0.1330238
515.075,78.3,142.99,0.1288282
520.1,78.3,143.21,0.1256374
525.125,78.3,143.5,0.1234342
530.15,78.3,143.82,0.1218207
535.175,78.3,144.11,0.1204992
540.2,78.3,144.32,0.1191284
545.225,78.3,144.5,0.117829
550.25,78.3,144.67,0.1179984
555.275,78.3,144.83,0.1210684
560.3,78.3,145,0.1251172
565.325,78.3,145.11,0.1285665
570.35,78.3,145.07,0.1306653
575.375,78.3,145.08,0.1300774
580.4,78.3,145.3,0.1283093
585.425,78.3,145.55,0.1260072
590.45,78.3,145.74,0.1225743
595.475,78.3,145.92,0.1178734
600.5,78.3,146.13,0.1116657
605.525,78.3,146.35,0.1042152
610.55,78.3,146.55,0.0976889
615.575,78.3,146.7,0.09303617
620.6,78.3,146.8,0.09119024
625.625,78.3,146.91,0.09244563
630.65,78.3,147.1,0.09601766
635.675,78.3,147.23,0.1007635
640.7,78.3,147.14,0.1055856
645.725,78.3,146.96,0.1102279
650.75,78.3,146.74,0.1149912
655.775,78.3,146.5,0.1196792
660.8,78.3,146.27,0.123349
665.825,78.3,146.01,0.1254175
670.85,78.3,145.67,0.1264898
675.875,78.3,145.33,0.1269267
680.9,78.3,145.06,0.1270706
685.925,78.3,144.93,0.1273538
690.95,78.3,145.09,0.1280597
695.975,78.3,145.29,0.1291822
701,78.3,145.22,0.1302984
706.025,78.3,145.04,0.1313214
711.05,78.3,144.81,0.1328345
716.075,78.3,144.56,0.1352497
721.1,78.3,144.36,0.13875
726.125,78.3,144.28,0.1433294
731.15,78.3,144.49,0.1487137
736.175,78.3,144.82,0.1545892
741.2,78.3,145.07,0.1606851
746.225,78.3,145.38,0.1665854
751.25,78.3,145.85,0.1718623
756.275,78.3,146.32,0.1763572
761.3,78.3,146.67,0.1798678
766.325,78.3,147.01,0.1820366
771.35,78.3,147.4,0.1833637
776.375,78.3,147.81,0.1861847
781.4,78.3,148.2,0.1922138
786.425,78.3,148.38,0.2018622
791.45,78.3,147.82,0.2145965
796.475,78.3,146.76,0.228761
801.5,78.3,145.69,0.2417982
806.525,78.3,144.73,0.2510852
811.55,78.3,143.88,0.2544266
816.575,78.3,143.06,0.250292
821.6,78.3,142.18,0.2427432
826.625,78.3,141.23,0.2386059
831.65,78.3,140.18,0.2400334
836.675,78.3,139.1,0.243159
841.7,78.3,138.08,0.2432861
846.725,78.3,136.95,0.2388113
851.75,78.3,135.51,0.2294182
856.775,78.3,134.29,0.2136663
861.8,78.3,133.68,0.191835
866.825,78.3,133.22,0.1662027
871.85,78.3,132.66,0.140666
876.875,78.3,132.06,0.1200135
881.9,78.3,131.5,0.1066045
886.925,78.3,131.03,0.09923102
891.95,78.3,130.79,0.09468802
896.975,78.3,130.58,0.0907088
902,78.3,130.2,0.0867746
907.025,78.3,129.74,0.08297674
912.05,78.3,129.26,0.07941941
917.075,78.3,128.8,0.07573985
922.1,78.3,128.42,0.07123948
927.125,78.3,128.13,0.0656186
932.15,78.3,128,0.05954255
937.175,78.3,127.93,0.05462442
942.2,78.3,127.81,0.05242651
947.225,78.3,127.7,0.05381927
952.25,78.3,127.62,0.05922786
957.275,78.3,127.4,0.06809102
962.3,78.3,126.96,0.0783671
967.325,78.3,126.46,0.08767206
972.35,78.3,125.98,0.09425395
977.375,78.3,125.48,0.0975683
982.4,78.3,124.95,0.09704838
987.425,78.3,124.43,0.09127319
992.45,78.3,124.03,0.08225047
997.475,78.3,123.65,0.06901608
1002.5,78.3,123.21,0.05087111
-2.5,83.35,129.55,0.2265253
2.525,83.35,130.5,0.2269786
7.55,83.35,131.41,0.2096292
12.575,83.35,132.27,0.1864045
17.6,83.35,133.19,0.1638109
22.625,83.35,133.99,0.1428367
27.65,83.35,134.5,0.1235451
32.675,83.35,134.78,0.1053492
37.7,83.35,135.17,0.0928488
42.725,83.35,135.58,0.0906631
47.75,83.35,135.73,0.1018948
52.775,83.35,135.62,0.1273245
57.8,83.35,134.98,0.1438689
62.825,83.35,134.76,0.1398615
67.85,83.35,133.76,0.1171098
72.875,83.35,132.52,0.08428613
77.9,83.35,130.26,0.0595127
82.925,83.35,131.21,0.06953654
87.95,83.35,133.38,0.09857426
92.975,83.35,134.57,0.1223512
98,83.35,135.47,0.1365991
103.025,83.35,136.72,0.1358227
108.05,83.35,137.01,0.1118967
113.075,83.35,136.8,0.07650067
118.1,83.35,136.71,0.04778055
123.125,83.35,136.82,0.03146812
128.15,83.35,136.91,0.02790678
133.175,83.35,137.01,0.03703529
138.2,83.35,137.1,0.05136374
143.225,83.35,137.38,0.06414364
148.25,83.35,137.7,0.0740217
153.275,83.35,138.05,0.08130883
158.3,83.35,138.42,0.08503624
163.325,83.35,138.75,0.08442517
168.35,83.35,139.22,0.07954153
173.375,83.35,139.68,0.07178822
178.4,83.35,140.11,0.06405611
183.425,83.35,140.51,0.05719525
188.45,83.35,140.68,0.05126099
193.475,83.35,140.68,0.04613768
198.5,83.35,140.8,0.04210375
203.525,83.35,140.96,0.03971709
208.55,83.35,141.11,0.03874937
213.575,83.35,141.24,0.03855651
218.6,83.35,141.37,0.03836343
223.625,83.35,141.48,0.03774094
228.65,83.35,141.62,0.03681549
233.675,83.35,141.75,0.03595405
238.7,83.35,141.88,0.03501492
243.725,83.35,142,0.03390359
248.75,83.35,142.1,0.03277007
253.775,83.35,142.18,0.03208226
258.8,83.35,142.28,0.03190965
263.825,83.35,142.38,0.03231176
268.85,83.35,142.43,0.03320519
273.875,83.35,142.46,0.03436681
278.9,83.35,142.6,0.03530068
283.925,83.35,142.79,0.03577176
288.95,83.35,142.98,0.03539745
293.975,83.35,143.16,0.0339988
299,83.35,143.34,0.03151929
304.025,83.35,143.5,0.02845912
309.05,83.35,143.57,0.025544
314.075,83.35,143.6,0.02328109
319.1,83.35,143.67,0.02179532
324.125,83.35,143.74,0.02144298
329.15,83.35,143.83,0.02237726
334.175,83.35,143.93,0.02463124
339.2,83.35,143.98,0.02843585
344.225,83.35,143.97,0.03342104
349.25,83.35,143.96,0.0385099
354.275,83.35,143.96,0.04273046
359.3,83.35,143.87,0.0465766
364.325,83.35,143.72,0.05013257
369.35,83.35,143.76,0.05304318
374.375,83.35,144.02,0.05563469
379.4,83.35,144.17,0.0581906
384.425,83.35,144.19,0.06107804
389.45,83.35,144.15,0.06455846
394.475,83.35,144.1,0.0693213
399.5,83.35,143.96,0.07503635
404.525,83.35,143.73,0.08108363
409.55,83.35,143.56,0.08742092
414.575,83.35,143.56,0.09432432
419.6,83.35,143.67,0.101816
424.625,83.35,143.68,0.1100998
429.65,83.35,143.58,0.1181206
434.675,83.35,143.39,0.1251107
439.7,83.35,143.16,0.1310504
444.725,83.35,142.89,0.1356461
449.75,83.35,142.5,0.1385141
454.775,83.35,141.96,0.1398629
459.8,83.35,141.5,0.1402451
464.825,83.35,141.1,0.1400184
469.85,83.35,141.05,0.1402821
474.875,83.35,141.24,0.1413174
479.9,83.35,141.57,0.1428327
484.925,83.35,141.89,0.1439036
489.95,83.35,142.34,0.1431816
494.975,83.35,142.78,0.1398444
500,83.35,143.2,0.1353266
505.025,83.35,143.52,0.1304177
510.05,83.35,143.64,0.125593
515.075,83.35,143.63,0.1217831
520.1,83.35,143.81,0.1192481
525.125,83.35,144.06,0.1178821
530.15,83.35,144.35,0.1174396
535.175,83.35,144.64,0.1170987
540.2,83.35,144.86,0.1161817
545.225,83.35,145.05,0.1147916
550.25,83.35,145.23,0.1140383
555.275,83.35,145.4,0.115271
560.3,83.35,145.56,0.1179648
565.325,83.35,145.7,0.1207006
570.35,83.35,145.77,0.1229842
575.375,83.35,145.82,0.1233128
580.4,83.35,146.02,0.121668
585.425,83.35,146.23,0.1193203
590.45,83.35,146.35,0.1160356
595.475,83.35,146.42,0.1113092
600.5,83.35,146.55,0.1054549
605.525,83.35,146.77,0.09929035
610.55,83.35,147,0.09430257
615.575,83.35,147.17,0.09118127
620.6,83.35,147.28,0.09002941
625.625,83.35,147.34,0.09138968
630.65,83.35,147.49,0.09473118
635.675,83.35,147.66,0.09926246
640.7,83.35,147.61,0.1041554
645.725,83.35,147.48,0.1091625
650.75,83.35,147.29,0.1145478
655.775,83.35,147.08,0.1203023
660.8,83.35,146.87,0.1255727
665.825,83.35,146.63,0.1292522
670.85,83.35,146.31,0.1313948
675.875,83.35,145.97,0.1326659
680.9,83.35,145.72,0.133336
685.925,83.35,145.5,0.1338822
690.95,83.35,145.56,0.1345437
695.975,83.35,145.79,0.1356519
701,83.35,145.77,0.1369692
706.025,83.35,145.63,0.1381792
711.05,83.35,145.41,0.1397364
716.075,83.35,145.2,0.1423753
721.1,83.35,145.05,0.1463639
726.125,83.35,145.01,0.1516549
731.15,83.35,145.22,0.1578594
736.175,83.35,145.6,0.1641808
741.2,83.35,145.89,0.1702912
746.225,83.35,146.19,0.1758376
751.25,83.35,146.63,0.1802957
756.275,83.35,147.1,0.1837261
761.3,83.35,147.49,0.1862015
766.325,83.35,147.88,0.1873113
771.35,83.35,148.35,0.1873647
776.375,83.35,148.81,0.1884175
781.4,83.35,149.22,0.1926742
786.425,83.35,149.58,0.2014005
791.45,83.35,149.21,0.215207
796.475,83.35,148.07,0.2317651
801.5,83.35,146.86,0.2480467
806.525,83.35,145.67,0.2604829
811.55,83.35,144.65,0.2661617
816.575,83.35,143.67,0.2638689
821.6,83.35,142.64,0.2561231
826.625,83.35,141.75,0.2495074
831.65,83.35,140.75,0.2466132
836.675,83.35,139.68,0.2452083
841.7,83.35,138.66,0.2423269
846.725,83.35,137.43,0.2363374
851.75,83.35,136.04,0.2274648
856.775,83.35,134.79,0.2143747
861.8,83.35,134.13,0.1951218
866.825,83.35,133.69,0.1712526
871.85,83.35,133.09,0.1458208
876.875,83.35,132.43,0.1240665
881.9,83.35,131.83,0.1099966
886.925,83.35,131.32,0.1023114
891.95,83.35,131.03,0.09787436
896.975,83.35,130.84,0.09424268
902,83.35,130.49,0.09076439
907.025,83.35,130.06,0.08754316
912.05,83.35,129.59,0.0846347
917.075,83.35,129.1,0.0816231
922.1,83.35,128.69,0.07765385
927.125,83.35,128.34,0.07241644
932.15,83.35,128.15,0.06675911
937.175,83.35,128.06,0.06191283
942.2,83.35,127.91,0.05929386
947.225,83.35,127.79,0.05975349
952.25,83.35,127.65,0.06383056
957.275,83.35,127.41,0.0713064
962.3,83.35,126.96,0.0805048
967.325,83.35,126.44,0.08907794
972.35,83.35,125.95,0.0953587
977.375,83.35,125.49,0.09851326
982.4,83.35,124.98,0.09792066
987.425,83.35,124.45,0.09271501
992.45,83.35,123.99,0.08488925
997.475,83.35,123.62,0.0734099
1002.5,83.35,123.19,0.05735747
-2.5,88.4,129.81,0.222227
2.525,88.4,130.83,0.2250851
7.55,88.4,131.9,0.2086822
12.575,88.4,132.85,0.1848283
17.6,88.4,133.77,0.1625956
22.625,88.4,134.48,0.1417237
27.65,88.4,134.91,0.1209756
32.675,88.4,135.28,0.09993854
37.7,88.4,135.62,0.08368744
42.725,88.4,136.12,0.07679164
47.75,88.4,136.31,0.08500863
52.775,88.4,135.98,0.1065328
57.8,88.4,135.29,0.1296491
62.825,88.4,135.48,0.1353637
67.85,88.4,135.5,0.1236093
72.875,88.4,133.14,0.09552963
77.9,88.4,130.37,0.06194516
82.925,88.4,131.43,0.06038288
87.95,88.4,132.77,0.09047078
92.975,88.4,133.85,0.1145678
98,88.4,135.68,0.1313677
103.025,88.4,137.11,0.1315084
108.05,88.4,137.21,0.1096284
113.075,88.4,136.88,0.07731686
118.1,88.4,136.69,0.05114782
123.125,88.4,136.81,0.03395576
128.15,88.4,136.93,0.03037444
133.175,88.4,137.03,0.04108838
138.2,88.4,137.12,0.05562437
143.225,88.4,137.54,0.06782887
148.25,88.4,138.34,0.07671024
153.275,88.4,138.8,0.08248169
158.3,88.4,139.12,0.08466002
163.325,88.4,139.33,0.08273564
168.35,88.4,139.54,0.07677464
173.375,88.4,139.91,0.06825798
178.4,88.4,140.21,0.06014196
183.425,88.4,140.49,0.0541209
188.45,88.4,140.75,0.04940285
193.475,88.4,140.82,0.04555384
198.5,88.4,140.92,0.04250597
203.525,88.4,141.11,0.04060419
208.55,88.4,141.28,0.03978695
213.575,88.4,141.42,0.03943497
218.6,88.4,141.54,0.03894817
223.625,88.4,141.66,0.03809152
228.65,88.4,141.78,0.03707572
233.675,88.4,141.91,0.03610598
238.7,88.4,142.03,0.03518547
243.725,88.4,142.14,0.03416805
248.75,88.4,142.24,0.03314068
253.775,88.4,142.32,0.03240467
258.8,88.4,142.41,0.03213371
263.825,88.4,142.5,0.0322334
268.85,88.4,142.59,0.03274978
273.875,88.4,142.66,0.03338643
278.9,88.4,142.78,0.03380781
283.925,88.4,142.93,0.0337882
288.95,88.4,143.08,0.03300419
293.975,88.4,143.25,0.03127452
299,88.4,143.4,0.02863243
304.025,88.4,143.53,0.02557699
309.05,88.4,143.62,0.02270975
314.075,88.4,143.67,0.02033683
319.1,88.4,143.74,0.01839142
324.125,88.4,143.81,0.01706161
329.15,88.4,143.87,0.01656419
334.175,88.4,143.96,0.01700918
339.2,88.4,144.04,0.01870975
344.225,88.4,144.05,0.02164693
349.25,88.4,144.02,0.0250279
354.275,88.4,144.03,0.02809693
359.3,88.4,144.01,0.03071524
364.325,88.4,143.94,0.03318736
369.35,88.4,143.91,0.03518095
374.375,88.4,144.06,0.03694499
379.4,88.4,144.24,0.03896187
384.425,88.4,144.29,0.04126101
389.45,88.4,144.24,0.04409392
394.475,88.4,144.18,0.04780181
399.5,88.4,144.12,0.05230149
404.525,88.4,143.98,0.05725403
409.55,88.4,143.83,0.06236164
414.575,88.4,143.82,0.06789977
419.6,88.4,143.95,0.0741866
424.625,88.4,143.98,0.08156454
429.65,88.4,143.89,0.09001793
434.675,88.4,143.76,0.09832942
439.7,88.4,143.63,0.1061725
444.725,88.4,143.48,0.1130932
449.75,88.4,143.33,0.1184323
454.775,88.4,143.02,0.1225177
459.8,88.4,142.62,0.1258305
464.825,88.4,142.19,0.1284244
469.85,88.4,142.02,0.1311609
474.875,88.4,142.27,0.1343335
479.9,88.4,142.6,0.1371257
484.925,88.4,142.85,0.1384342
489.95,88.4,143.13,0.1372851
494.975,88.4,143.54,0.1336107
500,88.4,143.89,0.1286051
505.025,88.4,144.09,0.1236328
510.05,88.4,144.2,0.1189524
515.075,88.4,144.28,0.1152021
520.1,88.4,144.44,0.1129884
525.125,88.4,144.67,0.1120462
530.15,88.4,144.87,0.1122812
535.175,88.4,145.15,0.1128027
540.2,88.4,145.38,0.1124223
545.225,88.4,145.58,0.1112926
550.25,88.4,145.78,0.1102253
555.275,88.4,145.96,0.1103201
560.3,88.4,146.12,0.1116299
565.325,88.4,146.26,0.113226
570.35,88.4,146.41,0.1149421
575.375,88.4,146.51,0.1155727
580.4,88.4,146.68,0.1143407
585.425,88.4,146.84,0.1122317
590.45,88.4,146.94,0.1091652
595.475,88.4,146.97,0.1050413
600.5,88.4,147.02,0.100131
605.525,88.4,147.2,0.09532285
610.55,88.4,147.49,0.09182441
615.575,88.4,147.69,0.08993344
620.6,88.4,147.79,0.0894924
625.625,88.4,147.83,0.09081266
630.65,88.4,147.86,0.09373272
635.675,88.4,147.96,0.09783755
640.7,88.4,147.97,0.1027122
645.725,88.4,147.89,0.1081342
650.75,88.4,147.8,0.1144073
655.775,88.4,147.63,0.1212089
660.8,88.4,147.46,0.1279262
665.825,88.4,147.24,0.1333495
670.85,88.4,146.97,0.1368947
675.875,88.4,146.69,0.1391235
680.9,88.4,146.46,0.1404606
685.925,88.4,146.26,0.1414962
690.95,88.4,146.04,0.1426651
695.975,88.4,146.12,0.1440199
701,88.4,146.15,0.1455246
706.025,88.4,146.08,0.1469753
711.05,88.4,145.99,0.1487795
716.075,88.4,145.83,0.1515611
721.1,88.4,145.75,0.1554941
726.125,88.4,145.83,0.1606172
731.15,88.4,146.09,0.166765
736.175,88.4,146.45,0.1730249
741.2,88.4,146.79,0.1786207
746.225,88.4,147.1,0.1834096
751.25,88.4,147.5,0.1867037
756.275,88.4,147.99,0.1886045
761.3,88.4,148.42,0.1895197
766.325,88.4,148.86,0.1891257
771.35,88.4,149.38,0.1874853
776.375,88.4,149.89,0.1862295
781.4,88.4,150.31,0.1883918
786.425,88.4,150.69,0.1962398
791.45,88.4,150.78,0.2110516
796.475,88.4,149.8,0.2308467
801.5,88.4,148.39,0.250936
806.525,88.4,146.93,0.2671854
811.55,88.4,145.44,0.2757799
816.575,88.4,144.22,0.2756827
821.6,88.4,142.98,0.2694528
826.625,88.4,142.03,0.2621963
831.65,88.4,141.35,0.256618
836.675,88.4,140.34,0.2507634
841.7,88.4,139.32,0.2436808
846.725,88.4,137.95,0.2351401
851.75,88.4,136.27,0.2251694
856.775,88.4,135.06,0.2131469
861.8,88.4,134.34,0.1964345
866.825,88.4,133.92,0.1745766
871.85,88.4,133.45,0.15036
876.875,88.4,132.79,0.1277139
881.9,88.4,132.17,0.1119698
886.925,88.4,131.67,0.1034426
891.95,88.4,131.31,0.09854855
896.975,88.4,131.09,0.09515911
902,88.4,130.8,0.09252663
907.025,88.4,130.39,0.09039498
912.05,88.4,130,0.08866285
917.075,88.4,129.56,0.08680947
922.1,88.4,129.14,0.08391483
927.125,88.4,128.74,0.07957107
932.15,88.4,128.37,0.07483089
937.175,88.4,128.18,0.07077254
942.2,88.4,127.99,0.06841176
947.225,88.4,127.85,0.06850892
952.25,88.4,127.71,0.07138887
957.275,88.4,127.39,0.07712328
962.3,88.4,126.93,0.08459009
967.325,88.4,126.41,0.09179075
972.35,88.4,125.89,0.09706923
977.375,88.4,125.4,0.0996984
982.4,88.4,124.9,0.0987179
987.425,88.4,124.41,0.09358652
992.45,88.4,123.94,0.08649064
997.475,88.4,123.52,0.07658906
1002.5,88.4,123.1,0.06296477
-2.5,93.45,130.1,0.2124512
2.525,93.45,131.14,0.2202278
7.55,93.45,132.26,0.20483
12.575,93.45,133.36,0.1810451
17.6,93.45,134.34,0.1597117
22.625,93.45,135.12,0.1394336
27.65,93.45,135.38,0.1180373
32.675,93.45,135.62,0.09516738
37.7,93.45,135.98,0.07671365
42.725,93.45,136.41,0.06750071
47.75,93.45,136.81,0.07345505
52.775,93.45,136.47,0.09558036
57.8,93.45,135.54,0.1178881
62.825,93.45,135.54,0.1296155
67.85,93.45,135.5,0.1248813
72.875,93.45,133.54,0.1019531
77.9,93.45,130.99,0.06747243
82.925,93.45,131.07,0.05968491
87.95,93.45,132,0.07973143
92.975,93.45,133.32,0.1043739
98,93.45,135.3,0.1225224
103.025,93.45,137.1,0.1244067
108.05,93.45,137.32,0.1058229
113.075,93.45,136.8,0.07857718
118.1,93.45,136.68,0.05433509
123.125,93.45,136.79,0.03610877
128.15,93.45,136.92,0.03407845
133.175,93.45,137.04,0.04472668
138.2,93.45,137.13,0.05933575
143.225,93.45,137.5,0.07106806
148.25,93.45,138.54,0.07863684
153.275,93.45,139.45,0.08300539
158.3,93.45,139.79,0.08380036
163.325,93.45,139.98,0.08071
168.35,93.45,140.03,0.07361836
173.375,93.45,140.14,0.06458632
178.4,93.45,140.31,0.05646029
183.425,93.45,140.47,0.05099698
188.45,93.45,140.7,0.04752121
193.475,93.45,140.9,0.04483105
198.5,93.45,141.04,0.04277617
203.525,93.45,141.24,0.04142348
208.55,93.45,141.44,0.04063843
213.575,93.45,141.6,0.03999915
218.6,93.45,141.73,0.03922095
223.625,93.45,141.84,0.03809699
228.65,93.45,141.95,0.03692182
233.675,93.45,142.07,0.03585115
238.7,93.45,142.18,0.03487409
243.725,93.45,142.28,0.03390137
248.75,93.45,142.37,0.03298311
253.775,93.45,142.46,0.03227697
258.8,93.45,142.55,0.03188682
263.825,93.45,142.64,0.03174426
268.85,93.45,142.72,0.03187791
273.875,93.45,142.82,0.03214152
278.9,93.45,142.94,0.03212443
283.925,93.45,143.08,0.03164126
288.95,93.45,143.21,0.03050765
293.975,93.45,143.33,0.02853875
299,93.45,143.46,0.025931
304.025,93.45,143.57,0.02299346
309.05,93.45,143.64,0.02031415
314.075,93.45,143.7,0.0180241
319.1,93.45,143.78,0.01603405
324.125,93.45,143.85,0.0143268
329.15,93.45,143.93,0.01300626
334.175,93.45,143.98,0.01207013
339.2,93.45,144.04,0.01199856
344.225,93.45,144.06,0.01321789
349.25,93.45,144.06,0.01496811
354.275,93.45,144.03,0.01664726
359.3,93.45,144.02,0.01815955
364.325,93.45,143.99,0.01961029
369.35,93.45,144.03,0.02076407
374.375,93.45,144.08,0.02165657
379.4,93.45,144.19,0.02278776
384.425,93.45,144.22,0.0243125
389.45,93.45,144.22,0.02647624
394.475,93.45,144.17,0.02933388
399.5,93.45,144.13,0.03281135
404.525,93.45,144.05,0.0366282
409.55,93.45,143.99,0.04070647
414.575,93.45,143.97,0.04502596
419.6,93.45,144.06,0.04987841
424.625,93.45,144.1,0.05554095
429.65,93.45,144.03,0.06265911
434.675,93.45,143.98,0.07127049
439.7,93.45,143.99,0.08040511
444.725,93.45,143.98,0.08941614
449.75,93.45,143.93,0.09705242
454.775,93.45,143.86,0.1033759
459.8,93.45,143.63,0.1093226
464.825,93.45,143.32,0.1148062
469.85,93.45,143.07,0.1198159
474.875,93.45,143.2,0.1248008
479.9,93.45,143.57,0.1287394
484.925,93.45,143.87,0.1303632
489.95,93.45,144.05,0.1292365
494.975,93.45,144.28,0.1253668
500,93.45,144.55,0.1203865
505.025,93.45,144.7,0.1157662
510.05,93.45,144.68,0.1115628
515.075,93.45,144.78,0.1081127
520.1,93.45,145.01,0.1061386
525.125,93.45,145.26,0.1054631
530.15,93.45,145.44,0.1060343
535.175,93.45,145.64,0.1071
540.2,93.45,145.88,0.1073696
545.225,93.45,146.09,0.1066851
550.25,93.45,146.29,0.1058091
555.275,93.45,146.48,0.1053372
560.3,93.45,146.66,0.1055614
565.325,93.45,146.81,0.1059731
570.35,93.45,146.96,0.1066479
575.375,93.45,147.11,0.1071212
580.4,93.45,147.25,0.1060825
585.425,93.45,147.37,0.104206
590.45,93.45,147.44,0.1018529
595.475,93.45,147.49,0.09859732
600.5,93.45,147.51,0.0951543
605.525,93.45,147.64,0.09194832
610.55,93.45,147.94,0.0898763
615.575,93.45,148.2,0.08900122
620.6,93.45,148.28,0.08894916
625.625,93.45,148.31,0.09000986
630.65,93.45,148.33,0.0924355
635.675,93.45,148.32,0.0961325
640.7,93.45,148.3,0.1009494
645.725,93.45,148.24,0.1066854
650.75,93.45,148.21,0.1134765
655.775,93.45,148.14,0.1212654
660.8,93.45,148.02,0.1291373
665.825,93.45,147.86,0.1361715
670.85,93.45,147.63,0.141302
675.875,93.45,147.43,0.1448536
680.9,93.45,147.27,0.1473007
685.925,93.45,147.11,0.1490296
690.95,93.45,146.85,0.1506778
695.975,93.45,146.63,0.1524767
701,93.45,146.58,0.1542462
706.025,93.45,146.51,0.1559259
711.05,93.45,146.52,0.157937
716.075,93.45,146.51,0.1608002
721.1,93.45,146.52,0.1645663
726.125,93.45,146.65,0.1690823
731.15,93.45,147,0.1742755
736.175,93.45,147.39,0.1797667
741.2,93.45,147.73,0.1844319
746.225,93.45,148.05,0.1878633
751.25,93.45,148.44,0.1897292
756.275,93.45,148.9,0.1897081
761.3,93.45,149.39,0.188684
766.325,93.45,149.87,0.1864603
771.35,93.45,150.38,0.1827235
776.375,93.45,150.9,0.1790282
781.4,93.45,151.32,0.1787668
786.425,93.45,151.68,0.1859795
791.45,93.45,151.86,0.202308
796.475,93.45,151.31,0.2256526
801.5,93.45,149.9,0.2500811
806.525,93.45,148.34,0.2700523
811.55,93.45,146.57,0.2821351
816.575,93.45,144.9,0.2845869
821.6,93.45,143.42,0.2801315
826.625,93.45,142.2,0.2735129
831.65,93.45,141.6,0.2671399
836.675,93.45,140.96,0.2590072
841.7,93.45,139.96,0.248335
846.725,93.45,138.7,0.2365116
851.75,93.45,136.79,0.2246612
856.775,93.45,135.26,0.2122102
861.8,93.45,134.53,0.1967474
866.825,93.45,134.04,0.176845
871.85,93.45,133.61,0.1539959
876.875,93.45,133.11,0.131827
881.9,93.45,132.52,0.1145292
886.925,93.45,132.02,0.104152
891.95,93.45,131.66,0.09804044
896.975,93.45,131.38,0.09410454
902,93.45,131.09,0.09180849
907.025,93.45,130.74,0.0909568
912.05,93.45,130.37,0.09076935
917.075,93.45,130.02,0.09043886
922.1,93.45,129.63,0.08898761
927.125,93.45,129.25,0.08608955
932.15,93.45,128.81,0.08246858
937.175,93.45,128.42,0.07947868
942.2,93.45,128.14,0.07789624
947.225,93.45,127.9,0.07827014
952.25,93.45,127.76,0.08064981
957.275,93.45,127.45,0.0850611
962.3,93.45,126.93,0.09074918
967.325,93.45,126.38,0.09612851
972.35,93.45,125.86,0.09986376
977.375,93.45,125.33,0.1012678
982.4,93.45,124.81,0.09971968
987.425,93.45,124.3,0.09431798
992.45,93.45,123.88,0.08724957
997.475,93.45,123.45,0.07830225
1002.5,93.45,123.02,0.06674303
-2.5,98.5,130.48,0.2041777
2.525,98.5,131.53,0.214704
7.55,98.5,132.63,0.1998565
12.575,98.5,133.72,0.1764928
17.6,98.5,134.74,0.155787
22.625,98.5,135.56,0.1359681
27.65,98.5,135.87,0.1144116
32.675,98.5,136,0.0901634
37.7,98.5,136.29,0.06998056
42.725,98.5,136.64,0.05974148
47.75,98.5,136.98,0.06490786
52.775,98.5,136.79,0.0867585
57.8,98.5,135.87,0.1107904
62.825,98.5,134.96,0.1243456
67.85,98.5,134.33,0.123283
72.875,98.5,133.76,0.1020655
77.9,98.5,132.99,0.07154717
82.925,98.5,131.65,0.05587112
87.95,98.5,132.2,0.06716747
92.975,98.5,132.82,0.09168306
98,98.5,134.81,0.1132309
103.025,98.5,136.84,0.1176191
108.05,98.5,137.39,0.1025864
113.075,98.5,136.88,0.07811493
118.1,98.5,136.71,0.05543099
123.125,98.5,136.81,0.03878436
128.15,98.5,136.92,0.03570864
133.175,98.5,137.04,0.04769657
138.2,98.5,137.14,0.0620047
143.225,98.5,137.48,0.07358204
148.25,98.5,138.52,0.0802021
153.275,98.5,139.62,0.0834049
158.3,98.5,140.1,0.08309435
163.325,98.5,140.29,0.07892027
168.35,98.5,140.35,0.07077625
173.375,98.5,140.36,0.06102716
178.4,98.5,140.41,0.05324039
183.425,98.5,140.51,0.04866217
188.45,98.5,140.72,0.04626179
193.475,98.5,140.96,0.04456847
198.5,98.5,141.17,0.04324193
203.525,98.5,141.38,0.04225395
208.55,98.5,141.58,0.04134792
213.575,98.5,141.75,0.04031426
218.6,98.5,141.88,0.03911247
223.625,98.5,142,0.03771159
228.65,98.5,142.11,0.03629371
233.675,98.5,142.22,0.03512776
238.7,98.5,142.32,0.03412848
243.725,98.5,142.42,0.03316134
248.75,98.5,142.51,0.03227744
253.775,98.5,142.59,0.03152698
258.8,98.5,142.68,0.03100373
263.825,98.5,142.77,0.03071381
268.85,98.5,142.85,0.03054646
273.875,98.5,142.96,0.03038689
278.9,98.5,143.08,0.02999839
283.925,98.5,143.2,0.02915609
288.95,98.5,143.31,0.02770862
293.975,98.5,143.41,0.02565329
299,98.5,143.52,0.02309408
304.025,98.5,143.62,0.02038654
309.05,98.5,143.68,0.01794167
314.075,98.5,143.74,0.01588207
319.1,98.5,143.81,0.01400511
324.125,98.5,143.89,0.0122938
329.15,98.5,143.96,0.01070695
334.175,98.5,144.03,0.009115204
339.2,98.5,144.07,0.007738735
344.225,98.5,144.09,0.007384415
349.25,98.5,144.09,0.00795625
354.275,98.5,144.08,0.008575486
359.3,98.5,144.05,0.009196354
364.325,98.5,144.02,0.009841402
369.35,98.5,144.06,0.01040526
374.375,98.5,144.14,0.01076094
379.4,98.5,144.18,0.01105127
384.425,98.5,144.2,0.01170607
389.45,98.5,144.21,0.01306046
394.475,98.5,144.2,0.015177
399.5,98.5,144.17,0.0178431
404.525,98.5,144.12,0.02088351
409.55,98.5,144.1,0.02399782
414.575,98.5,144.12,0.02736397
419.6,98.5,144.18,0.03111699
424.625,98.5,144.22,0.03539101
429.65,98.5,144.18,0.04054512
434.675,98.5,144.15,0.04759621
439.7,98.5,144.22,0.05646417
444.725,98.5,144.31,0.06618938
449.75,98.5,144.38,0.07540036
454.775,98.5,144.38,0.08315986
459.8,98.5,144.25,0.09058213
464.825,98.5,144.04,0.0979315
469.85,98.5,143.86,0.1048096
474.875,98.5,143.92,0.1111853
479.9,98.5,144.24,0.1162057
484.925,98.5,144.57,0.118182
489.95,98.5,144.79,0.1171513
494.975,98.5,144.96,0.11374
500,98.5,145.14,0.1091633
505.025,98.5,145.25,0.1051548
510.05,98.5,145.21,0.1020466
515.075,98.5,145.22,0.0993746
520.1,98.5,145.45,0.09791815
525.125,98.5,145.72,0.09770731
530.15,98.5,145.94,0.09855122
535.175,98.5,146.14,0.09986534
540.2,98.5,146.35,0.1004749
545.225,98.5,146.56,0.1002104
550.25,98.5,146.77,0.09977387
555.275,98.5,146.97,0.09939434
560.3,98.5,147.14,0.09907776
565.325,98.5,147.3,0.0988489
570.35,98.5,147.47,0.0984696
575.375,98.5,147.63,0.09821982
580.4,98.5,147.76,0.09734305
585.425,98.5,147.85,0.09579087
590.45,98.5,147.9,0.0940573
595.475,98.5,147.93,0.09192376
600.5,98.5,147.96,0.0898268
605.525,98.5,148.05,0.0883213
610.55,98.5,148.33,0.08745486
615.575,98.5,148.62,0.08736604
620.6,98.5,148.72,0.08773875
625.625,98.5,148.74,0.08863464
630.65,98.5,148.77,0.09054108
635.675,98.5,148.77,0.09387553
640.7,98.5,148.72,0.0986352
645.725,98.5,148.66,0.104618
650.75,98.5,148.65,0.1116321
655.775,98.5,148.63,0.1196155
660.8,98.5,148.57,0.1280542
665.825,98.5,148.47,0.1361845
670.85,98.5,148.33,0.1429748
675.875,98.5,148.18,0.1480264
680.9,98.5,148.08,0.1519212
685.925,98.5,147.94,0.154835
690.95,98.5,147.68,0.1571904
695.975,98.5,147.41,0.1595108
701,98.5,147.26,0.1616469
706.025,98.5,147.19,0.1636101
711.05,98.5,147.21,0.1658679
716.075,98.5,147.28,0.1687315
721.1,98.5,147.37,0.1721033
726.125,98.5,147.53,0.1758402
731.15,98.5,147.88,0.1796775
736.175,98.5,148.29,0.1835695
741.2,98.5,148.63,0.1867331
746.225,98.5,148.97,0.1883551
751.25,98.5,149.36,0.1882622
756.275,98.5,149.8,0.1863144
761.3,98.5,150.28,0.183141
766.325,98.5,150.77,0.1789549
771.35,98.5,151.28,0.1730363
776.375,98.5,151.75,0.1666177
781.4,98.5,152.13,0.16389
786.425,98.5,152.48,0.1705059
791.45,98.5,152.71,0.1888916
796.475,98.5,152.29,0.2159038
801.5,98.5,151,0.2448825
806.525,98.5,149.38,0.268947
811.55,98.5,147.58,0.2846256
816.575,98.5,145.75,0.2903312
821.6,98.5,144.07,0.2879761
826.625,98.5,142.66,0.2822604
831.65,98.5,141.9,0.2755185
836.675,98.5,141.34,0.2664361
841.7,98.5,140.47,0.2539981
846.725,98.5,139.29,0.2401115
851.75,98.5,137.48,0.2265749
856.775,98.5,135.78,0.2132906
861.8,98.5,134.91,0.1981396
866.825,98.5,134.35,0.1792402
871.85,98.5,133.85,0.1575159
876.875,98.5,133.35,0.1358991
881.9,98.5,132.82,0.1178976
886.925,98.5,132.31,0.1056669
891.95,98.5,131.94,0.09774545
896.975,98.5,131.66,0.09249453
902,98.5,131.36,0.08977575
907.025,98.5,131.04,0.08928967
912.05,98.5,130.72,0.09037814
917.075,98.5,130.38,0.09158638
922.1,98.5,130.04,0.09171168
927.125,98.5,129.66,0.09046713
932.15,98.5,129.22,0.0885084
937.175,98.5,128.77,0.08683512
942.2,98.5,128.39,0.08637192
947.225,98.5,128.08,0.08737781
952.25,98.5,127.85,0.08988519
957.275,98.5,127.52,0.0936474
962.3,98.5,126.99,0.09801684
967.325,98.5,126.41,0.1017683
972.35,98.5,125.85,0.1037956
977.375,98.5,125.31,0.103689
982.4,98.5,124.77,0.1009911
987.425,98.5,124.25,0.09500457
992.45,98.5,123.81,0.08723774
997.475,98.5,123.41,0.07805897
1002.5,98.5,122.99,0.06781278
-2.5,103.55,130.85,0.2048523
2.525,103.55,131.93,0.2118929
7.55,103.55,133,0.1953917
12.575,103.55,134.07,0.1718693
17.6,103.55,135.03,0.1514204
22.625,103.55,135.81,0.1315715
27.65,103.55,136.17,0.1098248
32.675,103.55,136.28,0.08588712
37.7,103.55,136.55,0.06555722
42.725,103.55,136.78,0.05430586
47.75,103.55,136.97,0.05783563
52.775,103.55,136.79,0.07742957
57.8,103.55,136,0.1032587
62.825,103.55,135.36,0.1214389
67.85,103.55,135.16,0.1232726
72.875,103.55,134.51,0.1040355
77.9,103.55,133.29,0.07279575
82.925,103.55,131.93,0.04924812
87.95,103.55,132.57,0.0559298
92.975,103.55,132.39,0.07869246
98,103.55,134.39,0.100923
103.025,103.55,136.33,0.1099314
108.05,103.55,136.64,0.1014073
113.075,103.55,136.91,0.0793296
118.1,103.55,136.76,0.05689807
123.125,103.55,136.81,0.04145301
128.15,103.55,136.89,0.03885483
133.175,103.55,137.01,0.05059451
138.2,103.55,137.12,0.06491436
143.225,103.55,137.44,0.07529618
148.25,103.55,138.36,0.08141002
153.275,103.55,139.6,0.08390779
158.3,103.55,140.19,0.082707
163.325,103.55,140.41,0.07769652
168.35,103.55,140.45,0.0688506
173.375,103.55,140.44,0.0584562
178.4,103.55,140.5,0.05097734
183.425,103.55,140.61,0.04725002
188.45,103.55,140.82,0.04576119
193.475,103.55,141.09,0.04488478
198.5,103.55,141.32,0.04403566
203.525,103.55,141.52,0.04311739
208.55,103.55,141.72,0.0419393
213.575,103.55,141.89,0.04034591
218.6,103.55,142.02,0.03861259
223.625,103.55,142.14,0.03689129
228.65,103.55,142.25,0.03527876
233.675,103.55,142.35,0.03401507
238.7,103.55,142.45,0.03296246
243.725,103.55,142.55,0.03195251
248.75,103.55,142.64,0.03100436
253.775,103.55,142.73,0.03020262
258.8,103.55,142.81,0.02954664
263.825,103.55,142.89,0.02905315
268.85,103.55,142.98,0.02861018
273.875,103.55,143.08,0.02809043
278.9,103.55,143.19,0.02734132
283.925,103.55,143.31,0.02618589
288.95,103.55,143.4,0.02455579
293.975,103.55,143.49,0.02246846
299,103.55,143.58,0.02001984
304.025,103.55,143.66,0.01757663
309.05,103.55,143.72,0.01542907
314.075,103.55,143.78,0.01364809
319.1,103.55,143.84,0.01208039
324.125,103.55,143.9,0.0105935
329.15,103.55,143.97,0.00908986
334.175,103.55,144.05,0.007492766
339.2,103.55,144.1,0.005627912
344.225,103.55,144.11,0.003998947
349.25,103.55,144.11,0.003336247
354.275,103.55,144.11,0.003318003
359.3,103.55,144.09,0.003524712
364.325,103.55,144.05,0.003996821
369.35,103.55,144.07,0.004514289
374.375,103.55,144.14,0.004875436
379.4,103.55,144.19,0.004682833
384.425,103.55,144.2,0.004175592
389.45,103.55,144.21,0.004363588
394.475,103.55,144.24,0.005620356
399.5,103.55,144.24,0.007502217
404.525,103.55,144.19,0.009791391
409.55,103.55,144.17,0.01232651
414.575,103.55,144.22,0.01487114
419.6,103.55,144.29,0.01772459
424.625,103.55,144.32,0.02094988
429.65,103.55,144.31,0.02478219
434.675,103.55,144.32,0.02978279
439.7,103.55,144.42,0.03672947
444.725,103.55,144.5,0.04527398
449.75,103.55,144.6,0.05414401
454.775,103.55,144.73,0.06231248
459.8,103.55,144.7,0.07000611
464.825,103.55,144.49,0.07793403
469.85,103.55,144.33,0.08570273
474.875,103.55,144.41,0.09301893
479.9,103.55,144.76,0.09885068
484.925,103.55,145.13,0.1014981
489.95,103.55,145.38,0.1007079
494.975,103.55,145.55,0.09801643
500,103.55,145.72,0.09442145
505.025,103.55,145.69,0.0912936
510.05,103.55,145.63,0.08931581
515.075,103.55,145.6,0.08810941
520.1,103.55,145.83,0.08761634
525.125,103.55,146.16,0.08827936
530.15,103.55,146.43,0.0896762
535.175,103.55,146.64,0.09134671
540.2,103.55,146.85,0.09205279
545.225,103.55,147.03,0.09183233
550.25,103.55,147.24,0.09158605
555.275,103.55,147.44,0.09152035
560.3,103.55,147.6,0.09122939
565.325,103.55,147.74,0.09080087
570.35,103.55,147.91,0.0902257
575.375,103.55,148.1,0.08945013
580.4,103.55,148.23,0.088546
585.425,103.55,148.3,0.08735514
590.45,103.55,148.34,0.08620656
595.475,103.55,148.35,0.08501917
600.5,103.55,148.37,0.08402153
605.525,103.55,148.44,0.08369613
610.55,103.55,148.68,0.08387135
615.575,103.55,149.01,0.08429836
620.6,103.55,149.15,0.08496123
625.625,103.55,149.2,0.0859228
630.65,103.55,149.25,0.0876599
635.675,103.55,149.26,0.09065773
640.7,103.55,149.23,0.0952773
645.725,103.55,149.2,0.1011532
650.75,103.55,149.24,0.1080879
655.775,103.55,149.25,0.1158137
660.8,103.55,149.22,0.1239754
665.825,103.55,149.17,0.1322827
670.85,103.55,149.15,0.1402141
675.875,103.55,149.05,0.1468818
680.9,103.55,148.96,0.1523301
685.925,103.55,148.82,0.1567036
690.95,103.55,148.61,0.16021
695.975,103.55,148.3,0.1633217
701,103.55,148.14,0.1661301
706.025,103.55,148.08,0.168562
711.05,103.55,148.16,0.1711558
716.075,103.55,148.24,0.1740756
721.1,103.55,148.31,0.1769746
726.125,103.55,148.46,0.1796856
731.15,103.55,148.8,0.1821246
736.175,103.55,149.21,0.1839863
741.2,103.55,149.53,0.1850844
746.225,103.55,149.89,0.1846342
751.25,103.55,150.3,0.1823012
756.275,103.55,150.72,0.1782315
761.3,103.55,151.17,0.1729718
766.325,103.55,151.59,0.1668083
771.35,103.55,152.04,0.1589192
776.375,103.55,152.48,0.1501692
781.4,103.55,152.82,0.1450008
786.425,103.55,153.13,0.1507807
791.45,103.55,153.32,0.1714225
796.475,103.55,153.05,0.2023672
801.5,103.55,151.86,0.2358764
806.525,103.55,150.31,0.2641104
811.55,103.55,148.52,0.2835541
816.575,103.55,146.6,0.2928864
821.6,103.55,144.85,0.292969
826.625,103.55,143.29,0.2885495
831.65,103.55,142.38,0.281805
836.675,103.55,141.79,0.2720567
841.7,103.55,140.87,0.2587782
846.725,103.55,139.76,0.243607
851.75,103.55,138.13,0.229306
856.775,103.55,136.34,0.2157212
861.8,103.55,135.36,0.2009035
866.825,103.55,134.73,0.1828726
871.85,103.55,134.17,0.1618299
876.875,103.55,133.64,0.1405691
881.9,103.55,133.06,0.122052
886.925,103.55,132.54,0.1079267
891.95,103.55,132.15,0.09800828
896.975,103.55,131.89,0.09105988
902,103.55,131.62,0.08724944
907.025,103.55,131.34,0.0865266
912.05,103.55,131.04,0.08795764
917.075,103.55,130.74,0.09026093
922.1,103.55,130.42,0.09172434
927.125,103.55,130.07,0.0920152
932.15,103.55,129.63,0.0918332
937.175,103.55,129.13,0.09202168
942.2,103.55,128.71,0.09310549
947.225,103.55,128.33,0.09528615
952.25,103.55,128.03,0.0982529
957.275,103.55,127.64,0.1018296
962.3,103.55,127.08,0.1052866
967.325,103.55,126.46,0.1076001
972.35,103.55,125.87,0.1081618
977.375,103.55,125.3,0.1065904
982.4,103.55,124.74,0.1026574
987.425,103.55,124.23,0.09580523
992.45,103.55,123.78,0.08701786
997.475,103.55,123.38,0.0770409
1002.5,103.55,122.98,0.067544
-2.5,108.6,131.19,0.2153377
2.525,108.6,132.23,0.211345
7.55,108.6,133.37,0.1914736
12.575,108.6,134.34,0.1672653
17.6,108.6,135.2,0.1465688
22.625,108.6,135.84,0.126684
27.65,108.6,136.24,0.1054026
32.675,108.6,136.43,0.0821526
37.7,108.6,136.71,0.06198351
42.725,108.6,136.96,0.05138673
47.75,108.6,136.98,0.05224747
52.775,108.6,136.85,0.06838158
57.8,108.6,136.27,0.09539233
62.825,108.6,135.78,0.1170693
67.85,108.6,135.48,0.124382
72.875,108.6,134.9,0.109404
77.9,108.6,133.81,0.07759331
82.925,108.6,132.61,0.04795909
87.95,108.6,133.05,0.04846446
92.975,108.6,132.75,0.07050841
98,108.6,133.98,0.09127048
103.025,108.6,135.9,0.1028709
108.05,108.6,137.15,0.09994916
113.075,108.6,137.14,0.08089564
118.1,108.6,136.84,0.05933363
123.125,108.6,136.85,0.04389963
128.15,108.6,136.84,0.04212318
133.175,108.6,136.92,0.05273614
138.2,108.6,137.04,0.06519038
143.225,108.6,137.49,0.07564261
148.25,108.6,138.27,0.08176195
153.275,108.6,139.27,0.08396795
158.3,108.6,139.96,0.08234187
163.325,108.6,140.24,0.07691902
168.35,108.6,140.44,0.06807108
173.375,108.6,140.48,0.05761943
178.4,108.6,140.59,0.05031274
183.425,108.6,140.76,0.04740309
188.45,108.6,140.95,0.04645226
193.475,108.6,141.23,0.04587685
198.5,108.6,141.49,0.04504028
203.525,108.6,141.69,0.0438969
208.55,108.6,141.85,0.04220207
213.575,108.6,142.01,0.03999662
218.6,108.6,142.14,0.03771846
223.625,108.6,142.26,0.03562849
228.65,108.6,142.38,0.03390181
233.675,108.6,142.48,0.03256123
238.7,108.6,142.58,0.03145256
243.725,108.6,142.68,0.0303444
248.75,108.6,142.78,0.0293277
253.775,108.6,142.87,0.02837707
258.8,108.6,142.95,0.02756633
263.825,108.6,143.02,0.02683891
268.85,108.6,143.08,0.02613923
273.875,108.6,143.18,0.02532924
278.9,108.6,143.29,0.02427134
283.925,108.6,143.39,0.02291757
288.95,108.6,143.49,0.0211953
293.975,108.6,143.56,0.01916826
299,108.6,143.64,0.01691112
304.025,108.6,143.7,0.01476458
309.05,108.6,143.75,0.01295202
314.075,108.6,143.8,0.01153856
319.1,108.6,143.86,0.01038257
324.125,108.6,143.91,0.009319697
329.15,108.6,143.95,0.008139689
334.175,108.6,144.01,0.00682872
339.2,108.6,144.06,0.005225824
344.225,108.6,144.08,0.003629931
349.25,108.6,144.08,0.002385351
354.275,108.6,144.08,0.001875169
359.3,108.6,144.08,0.002154357
364.325,108.6,144.06,0.002843953
369.35,108.6,144.05,0.003688293
374.375,108.6,144.09,0.004316845
379.4,108.6,144.14,0.004354651
384.425,108.6,144.16,0.003684387
389.45,108.6,144.18,0.002498673
394.475,108.6,144.21,0.001360329
399.5,108.6,144.24,0.001560971
404.525,108.6,144.22,0.002947194
409.55,108.6,144.19,0.004750855
414.575,108.6,144.22,0.006756678
419.6,108.6,144.3,0.008937052
424.625,108.6,144.33,0.01144351
429.65,108.6,144.32,0.0141575
434.675,108.6,144.35,0.01727255
439.7,108.6,144.47,0.02158539
444.725,108.6,144.58,0.02755188
449.75,108.6,144.64,0.03470534
454.775,108.6,144.76,0.04190769
459.8,108.6,144.84,0.04916917
464.825,108.6,144.71,0.05696498
469.85,108.6,144.56,0.06516486
474.875,108.6,144.66,0.07304186
479.9,108.6,145.06,0.07942748
484.925,108.6,145.5,0.082625
489.95,108.6,145.89,0.0824494
494.975,108.6,146.12,0.08039744
500,108.6,146.32,0.07779612
505.025,108.6,146.19,0.07561168
510.05,108.6,145.82,0.07475429
515.075,108.6,145.84,0.07486147
520.1,108.6,146.09,0.07564105
525.125,108.6,146.49,0.07729612
530.15,108.6,146.89,0.07966013
535.175,108.6,147.17,0.08202707
540.2,108.6,147.4,0.08312178
545.225,108.6,147.56,0.08273135
550.25,108.6,147.7,0.08234803
555.275,108.6,147.89,0.08226193
560.3,108.6,148.04,0.08216273
565.325,108.6,148.16,0.08187573
570.35,108.6,148.3,0.08143118
575.375,108.6,148.47,0.0807874
580.4,108.6,148.62,0.0799916
585.425,108.6,148.69,0.07926057
590.45,108.6,148.73,0.07861737
595.475,108.6,148.75,0.07807999
600.5,108.6,148.77,0.07785969
605.525,108.6,148.85,0.0781791
610.55,108.6,149.05,0.0789903
615.575,108.6,149.35,0.07988785
620.6,108.6,149.57,0.08073063
625.625,108.6,149.66,0.08182937
630.65,108.6,149.77,0.08344703
635.675,108.6,149.84,0.08621676
640.7,108.6,149.85,0.09046917
645.725,108.6,149.83,0.09589976
650.75,108.6,149.93,0.102189
655.775,108.6,150.05,0.1092471
660.8,108.6,150.08,0.1167297
665.825,108.6,150.04,0.1244746
670.85,108.6,150.06,0.1326096
675.875,108.6,150.07,0.1404589
680.9,108.6,149.98,0.1474255
685.925,108.6,149.77,0.1533924
690.95,108.6,149.6,0.158213
695.975,108.6,149.44,0.1623815
701,108.6,149.31,0.1661905
706.025,108.6,149.25,0.1693429
711.05,108.6,149.27,0.17236
716.075,108.6,149.39,0.1753064
721.1,108.6,149.41,0.1776391
726.125,108.6,149.52,0.179236
731.15,108.6,149.82,0.1801578
736.175,108.6,150.18,0.1801944
741.2,108.6,150.46,0.1791386
746.225,108.6,150.79,0.176584
751.25,108.6,151.28,0.1721869
756.275,108.6,151.71,0.1660864
761.3,108.6,152.1,0.1589307
766.325,108.6,152.43,0.151114
771.35,108.6,152.72,0.1415458
776.375,108.6,153.07,0.1307618
781.4,108.6,153.35,0.1237057
786.425,108.6,153.68,0.1287597
791.45,108.6,153.86,0.1513797
796.475,108.6,153.49,0.185908
801.5,108.6,152.45,0.2238676
806.525,108.6,151,0.2570592
811.55,108.6,149.49,0.2803443
816.575,108.6,147.7,0.293275
821.6,108.6,145.92,0.2956829
826.625,108.6,144.35,0.2918768
831.65,108.6,143.04,0.2854559
836.675,108.6,142.19,0.2754054
841.7,108.6,141.16,0.2621444
846.725,108.6,139.88,0.2467428
851.75,108.6,138.62,0.2317058
856.775,108.6,137.05,0.2180257
861.8,108.6,135.92,0.2035324
866.825,108.6,135.2,0.1866348
871.85,108.6,134.51,0.1669616
876.875,108.6,133.88,0.1460663
881.9,108.6,133.23,0.1271896
886.925,108.6,132.69,0.1115109
891.95,108.6,132.36,0.09917481
896.975,108.6,132.08,0.0902133
902,108.6,131.84,0.08471206
907.025,108.6,131.6,0.08309306
912.05,108.6,131.37,0.08444652
917.075,108.6,131.09,0.08717348
922.1,108.6,130.79,0.08979355
927.125,108.6,130.45,0.09134344
932.15,108.6,130.1,0.0927143
937.175,108.6,129.64,0.094848
942.2,108.6,129.18,0.09788897
947.225,108.6,128.74,0.1015606
952.25,108.6,128.27,0.1054589
957.275,108.6,127.84,0.109178
962.3,108.6,127.25,0.1121521
967.325,108.6,126.58,0.1132573
972.35,108.6,125.91,0.1122511
977.375,108.6,125.3,0.1093825
982.4,108.6,124.71,0.1042652
987.425,108.6,124.2,0.0966431
992.45,108.6,123.78,0.08696951
997.475,108.6,123.36,0.07614842
1002.5,108.6,122.98,0.06804047
-2.5,113.65,131.71,0.2270349
2.525,113.65,132.55,0.2110749
7.55,113.65,133.62,0.1871162
12.575,113.65,134.58,0.1623235
17.6,113.65,135.31,0.1411826
22.625,113.65,135.86,0.1213948
27.65,113.65,136.19,0.1009058
32.675,113.65,136.48,0.07921213
37.7,113.65,136.84,0.06052314
42.725,113.65,137.14,0.05112778
47.75,113.65,137.14,0.05114909
52.775,113.65,137.01,0.06242495
57.8,113.65,136.66,0.08791326
62.825,113.65,136.2,0.1113954
67.85,113.65,135.63,0.1231696
72.875,113.65,135.48,0.1122995
77.9,113.65,134.43,0.08664876
82.925,113.65,132.47,0.05687394
87.95,113.65,133.24,0.0472714
92.975,113.65,133.1,0.0633069
98,113.65,134.54,0.08320042
103.025,113.65,137.75,0.09753865
108.05,113.65,137.02,0.0988658
113.075,113.65,137.15,0.0828962
118.1,113.65,136.93,0.06346368
123.125,113.65,136.92,0.04778146
128.15,113.65,136.9,0.04431816
133.175,113.65,136.91,0.05151572
138.2,113.65,137,0.0644867
143.225,113.65,137.38,0.0745322
148.25,113.65,138.32,0.08086486
153.275,113.65,139.13,0.08326998
158.3,113.65,139.65,0.08169612
163.325,113.65,139.93,0.07636438
168.35,113.65,140.23,0.06800356
173.375,113.65,140.47,0.0584842
178.4,113.65,140.68,0.05140477
183.425,113.65,140.92,0.04885313
188.45,113.65,141.15,0.04818482
193.475,113.65,141.39,0.04753352
198.5,113.65,141.65,0.0462572
203.525,113.65,141.87,0.04430925
208.55,113.65,142.01,0.04187478
213.575,113.65,142.13,0.03905601
218.6,113.65,142.25,0.03630606
223.625,113.65,142.37,0.03400177
228.65,113.65,142.49,0.03217242
233.675,113.65,142.6,0.03080416
238.7,113.65,142.7,0.02963797
243.725,113.65,142.8,0.028451
248.75,113.65,142.9,0.02726543
253.775,113.65,143,0.02618167
258.8,113.65,143.08,0.0251691
263.825,113.65,143.15,0.02421085
268.85,113.65,143.19,0.02325734
273.875,113.65,143.26,0.02222903
278.9,113.65,143.36,0.02097453
283.925,113.65,143.46,0.01946423
288.95,113.65,143.54,0.0177479
293.975,113.65,143.62,0.01584078
299,113.65,143.69,0.01388911
304.025,113.65,143.75,0.01210111
309.05,113.65,143.77,0.01075748
314.075,113.65,143.8,0.009817353
319.1,113.65,143.86,0.009140766
324.125,113.65,143.9,0.008509234
329.15,113.65,143.94,0.00782861
334.175,113.65,143.96,0.006865838
339.2,113.65,144,0.005657542
344.225,113.65,144.02,0.004485381
349.25,113.65,144.03,0.003787638
354.275,113.65,144.02,0.003534044
359.3,113.65,144.03,0.003620098
364.325,113.65,144.03,0.004013247
369.35,113.65,144.03,0.004723968
374.375,113.65,144.04,0.005451382
379.4,113.65,144.08,0.005661144
384.425,113.65,144.11,0.00541384
389.45,113.65,144.14,0.004905751
394.475,113.65,144.17,0.004220424
399.5,113.65,144.2,0.003467483
404.525,113.65,144.2,0.002873062
409.55,113.65,144.19,0.0028443
414.575,113.65,144.19,0.003770103
419.6,113.65,144.26,0.005327147
424.625,113.65,144.3,0.007233113
429.65,113.65,144.29,0.009292937
434.675,113.65,144.31,0.01092871
439.7,113.65,144.42,0.01224743
444.725,113.65,144.54,0.01460313
449.75,113.65,144.64,0.01898333
454.775,113.65,144.7,0.02489313
459.8,113.65,144.79,0.03154745
464.825,113.65,144.74,0.03908981
469.85,113.65,144.65,0.04747485
474.875,113.65,144.77,0.05586443
479.9,113.65,145.2,0.06253384
484.925,113.65,145.68,0.06592464
489.95,113.65,146.13,0.0659273
494.975,113.65,146.51,0.06440252
500,113.65,146.78,0.06239091
505.025,113.65,146.76,0.0608906
510.05,113.65,146.22,0.06070817
515.075,113.65,145.96,0.06173779
520.1,113.65,146.28,0.0635906
525.125,113.65,146.7,0.06619494
530.15,113.65,147.16,0.06960247
535.175,113.65,147.56,0.07281405
540.2,113.65,147.84,0.0745195
545.225,113.65,148.04,0.07429718
550.25,113.65,148.15,0.07360172
555.275,113.65,148.27,0.07328893
560.3,113.65,148.4,0.07310333
565.325,113.65,148.52,0.07289628
570.35,113.65,148.66,0.07268299
575.375,113.65,148.81,0.072335
580.4,113.65,148.94,0.07188248
585.425,113.65,149.02,0.07155763
590.45,113.65,149.08,0.07140092
595.475,113.65,149.12,0.07135477
600.5,113.65,149.15,0.07159769
605.525,113.65,149.22,0.07220908
610.55,113.65,149.43,0.07322829
615.575,113.65,149.69,0.07439355
620.6,113.65,149.92,0.07548694
625.625,113.65,150.08,0.07666997
630.65,113.65,150.22,0.07827135
635.675,113.65,150.35,0.08064117
640.7,113.65,150.42,0.08434728
645.725,113.65,150.46,0.08905369
650.75,113.65,150.56,0.09448916
655.775,113.65,150.75,0.1004705
660.8,113.65,150.89,0.1069282
665.825,113.65,150.95,0.113736
670.85,113.65,150.94,0.1212121
675.875,113.65,150.96,0.1292772
680.9,113.65,150.9,0.1371935
685.925,113.65,150.73,0.1445289
690.95,113.65,150.5,0.1507603
695.975,113.65,150.44,0.1560132
701,113.65,150.47,0.1608842
706.025,113.65,150.5,0.1650091
711.05,113.65,150.47,0.1684773
716.075,113.65,150.49,0.1713489
721.1,113.65,150.5,0.1730672
726.125,113.65,150.55,0.1734677
731.15,113.65,150.83,0.1728954
736.175,113.65,151.15,0.1713629
741.2,113.65,151.36,0.1686767
746.225,113.65,151.62,0.1644809
751.25,113.65,152.1,0.1584179
756.275,113.65,152.6,0.1507091
761.3,113.65,152.94,0.1423243
766.325,113.65,153.21,0.1334047
771.35,113.65,153.41,0.1229406
776.375,113.65,153.58,0.1108398
781.4,113.65,153.75,0.1025483
786.425,113.65,153.98,0.1073836
791.45,113.65,154.28,0.1313222
796.475,113.65,153.93,0.1686233
801.5,113.65,152.86,0.2098574
806.525,113.65,151.49,0.2477583
811.55,113.65,150.08,0.2760489
816.575,113.65,148.61,0.2925248
821.6,113.65,146.98,0.2974691
826.625,113.65,145.44,0.293567
831.65,113.65,144.01,0.2864801
836.675,113.65,142.69,0.2762842
841.7,113.65,141.4,0.2630153
846.725,113.65,139.97,0.2481748
851.75,113.65,138.71,0.2332266
856.775,113.65,137.6,0.2194813
861.8,113.65,136.55,0.2054162
866.825,113.65,135.75,0.1894379
871.85,113.65,134.96,0.1716173
876.875,113.65,134.18,0.1521746
881.9,113.65,133.42,0.1330154
886.925,113.65,132.78,0.1161346
891.95,113.65,132.5,0.1016989
896.975,113.65,132.31,0.09050259
902,113.65,132.06,0.08310906
907.025,113.65,131.83,0.07991113
912.05,113.65,131.62,0.08059172
917.075,113.65,131.39,0.08333877
922.1,113.65,131.12,0.08652506
927.125,113.65,130.8,0.08943878
932.15,113.65,130.45,0.09227452
937.175,113.65,130.09,0.0959834
942.2,113.65,129.67,0.1007907
947.225,113.65,129.22,0.1060354
952.25,113.65,128.64,0.1110581
957.275,113.65,128.04,0.1152661
962.3,113.65,127.43,0.1179476
967.325,113.65,126.75,0.118231
972.35,113.65,126.04,0.1158127
977.375,113.65,125.35,0.1115711
982.4,113.65,124.72,0.105561
987.425,113.65,124.17,0.0975714
992.45,113.65,123.79,0.08747414
997.475,113.65,123.42,0.07611302
1002.5,113.65,123.03,0.06840123
-2.5,118.7,132.45,0.2295425
2.525,118.7,133.11,0.2070869
7.55,118.7,133.93,0.1812042
12.575,118.7,134.76,0.1566381
17.6,118.7,135.4,0.1354976
22.625,118.7,135.92,0.1161912
27.65,118.7,136.28,0.09672732
32.675,118.7,136.62,0.07731249
37.7,118.7,137.03,0.06178459
42.725,118.7,137.36,0.05305049
47.75,118.7,137.38,0.05207542
52.775,118.7,137.22,0.0616006
57.8,118.7,136.96,0.08399207
62.825,118.7,136.9,0.1063839
67.85,118.7,137.72,0.120245
72.875,118.7,137.56,0.117083
77.9,118.7,135.42,0.09514391
82.925,118.7,132.93,0.06638715
87.95,118.7,133.12,0.04932972
92.975,118.7,133.62,0.05459144
98,118.7,134.79,0.07167477
103.025,118.7,136.03,0.09086065
108.05,118.7,136.83,0.09744338
113.075,118.7,137.01,0.08514525
118.1,118.7,137.01,0.06755895
123.125,118.7,137.02,0.05182925
128.15,118.7,137.01,0.04705388
133.175,118.7,137.03,0.05410208
138.2,118.7,137.12,0.06346314
143.225,118.7,137.42,0.07251254
148.25,118.7,138.23,0.07847376
153.275,118.7,139.09,0.08153762
158.3,118.7,139.51,0.08067951
163.325,118.7,139.79,0.07600872
168.35,118.7,140.11,0.06853357
173.375,118.7,140.44,0.06027354
178.4,118.7,140.75,0.05401939
183.425,118.7,141.04,0.05137191
188.45,118.7,141.3,0.05042862
193.475,118.7,141.54,0.04914646
198.5,118.7,141.79,0.04713553
203.525,118.7,142.01,0.04425599
208.55,118.7,142.16,0.04093505
213.575,118.7,142.26,0.03759867
218.6,118.7,142.37,0.03452166
223.625,118.7,142.48,0.03204768
228.65,118.7,142.59,0.03017879
233.675,118.7,142.7,0.02873998
238.7,118.7,142.8,0.02749063
243.725,118.7,142.9,0.02617333
248.75,118.7,143,0.02479334
253.775,118.7,143.1,0.02355478
258.8,118.7,143.18,0.02240927
263.825,118.7,143.25,0.02128653
268.85,118.7,143.29,0.02012453
273.875,118.7,143.34,0.01892021
278.9,118.7,143.42,0.01754673
283.925,118.7,143.51,0.01601098
288.95,118.7,143.59,0.01433541
293.975,118.7,143.66,0.01263703
299,118.7,143.72,0.01105881
304.025,118.7,143.77,0.00979568
309.05,118.7,143.78,0.009028222
314.075,118.7,143.8,0.008706576
319.1,118.7,143.84,0.008560851
324.125,118.7,143.88,0.008398649
329.15,118.7,143.92,0.008109097
334.175,118.7,143.95,0.007532116
339.2,118.7,143.97,0.006602574
344.225,118.7,143.99,0.005602479
349.25,118.7,143.99,0.004943884
354.275,118.7,143.99,0.004826834
359.3,118.7,144,0.004888038
364.325,118.7,144,0.005122439
369.35,118.7,144,0.005586578
374.375,118.7,144.01,0.006243754
379.4,118.7,144.04,0.006665781
384.425,118.7,144.07,0.006702231
389.45,118.7,144.1,0.006472319
394.475,118.7,144.14,0.006268329
399.5,118.7,144.16,0.005992012
404.525,118.7,144.17,0.005659951
409.55,118.7,144.17,0.005425059
414.575,118.7,144.19,0.00570487
419.6,118.7,144.23,0.006635578
424.625,118.7,144.27,0.008060768
429.65,118.7,144.28,0.009777201
434.675,118.7,144.3,0.01104823
439.7,118.7,144.4,0.01117481
444.725,118.7,144.51,0.01077056
449.75,118.7,144.62,0.01192751
454.775,118.7,144.71,0.01585817
459.8,118.7,144.77,0.02191727
464.825,118.7,144.77,0.02932929
469.85,118.7,144.74,0.03767397
474.875,118.7,144.89,0.04607558
479.9,118.7,145.32,0.05244776
484.925,118.7,145.81,0.05520825
489.95,118.7,146.28,0.05484366
494.975,118.7,146.69,0.05294516
500,118.7,147.01,0.05084957
505.025,118.7,147.08,0.04934276
510.05,118.7,146.64,0.0492449
515.075,118.7,146.27,0.05061321
520.1,118.7,146.49,0.05308394
525.125,118.7,146.92,0.05658149
530.15,118.7,147.37,0.06100046
535.175,118.7,147.78,0.06513054
540.2,118.7,148.09,0.06732013
545.225,118.7,148.33,0.06725804
550.25,118.7,148.48,0.0663181
555.275,118.7,148.6,0.06554009
560.3,118.7,148.7,0.06500933
565.325,118.7,148.81,0.0647164
570.35,118.7,148.96,0.06454304
575.375,118.7,149.12,0.06443134
580.4,118.7,149.24,0.06433348
585.425,118.7,149.33,0.06443495
590.45,118.7,149.39,0.06465974
595.475,118.7,149.44,0.06496513
600.5,118.7,149.48,0.06550695
605.525,118.7,149.55,0.0663189
610.55,118.7,149.74,0.06730908
615.575,118.7,150,0.06851306
620.6,118.7,150.22,0.06968449
625.625,118.7,150.41,0.07078993
630.65,118.7,150.59,0.07221989
635.675,118.7,150.74,0.07425476
640.7,118.7,150.84,0.07717375
645.725,118.7,150.92,0.08097112
650.75,118.7,151.06,0.0853257
655.775,118.7,151.25,0.09021254
660.8,118.7,151.43,0.09548936
665.825,118.7,151.57,0.1011678
670.85,118.7,151.64,0.1075103
675.875,118.7,151.65,0.1147602
680.9,118.7,151.58,0.1226032
685.925,118.7,151.45,0.1304167
690.95,118.7,151.3,0.1377137
695.975,118.7,151.25,0.1439922
701,118.7,151.35,0.1496856
706.025,118.7,151.45,0.1547145
711.05,118.7,151.48,0.1587
716.075,118.7,151.46,0.1614574
721.1,118.7,151.41,0.162706
726.125,118.7,151.41,0.1622734
731.15,118.7,151.67,0.1605672
736.175,118.7,151.98,0.157911
741.2,118.7,152.15,0.1541587
746.225,118.7,152.36,0.1490013
751.25,118.7,152.79,0.1420412
756.275,118.7,153.28,0.1333991
761.3,118.7,153.6,0.1243003
766.325,118.7,153.82,0.1151627
771.35,118.7,153.96,0.1046396
776.375,118.7,154.05,0.09250474
781.4,118.7,154.12,0.08430979
786.425,118.7,154.26,0.09046804
791.45,118.7,154.52,0.1153815
796.475,118.7,154.3,0.1535215
801.5,118.7,153.24,0.1964113
806.525,118.7,151.92,0.2372902
811.55,118.7,150.58,0.2702209
816.575,118.7,149.18,0.2909856
821.6,118.7,147.68,0.2985033
826.625,118.7,146.14,0.2950209
831.65,118.7,144.65,0.286459
836.675,118.7,143.17,0.275559
841.7,118.7,141.63,0.2620165
846.725,118.7,140.16,0.2473006
851.75,118.7,138.96,0.232654
856.775,118.7,138.01,0.2190211
861.8,118.7,137.14,0.2056583
866.825,118.7,136.27,0.1908908
871.85,118.7,135.4,0.1750912
876.875,118.7,134.53,0.1579343
881.9,118.7,133.69,0.1394949
886.925,118.7,132.97,0.121584
891.95,118.7,132.64,0.1053828
896.975,118.7,132.52,0.09213457
902,118.7,132.32,0.08278566
907.025,118.7,132.08,0.07799685
912.05,118.7,131.86,0.07760828
917.075,118.7,131.64,0.0799119
922.1,118.7,131.37,0.08316391
927.125,118.7,131.07,0.08687797
932.15,118.7,130.75,0.0911549
937.175,118.7,130.39,0.09629877
942.2,118.7,130.01,0.1024329
947.225,118.7,129.56,0.1089039
952.25,118.7,128.94,0.1148885
957.275,118.7,128.23,0.1197102
962.3,118.7,127.55,0.1223849
967.325,118.7,126.87,0.1220035
972.35,118.7,126.17,0.1185146
977.375,118.7,125.47,0.1130066
982.4,118.7,124.82,0.1063873
987.425,118.7,124.25,0.0985166
992.45,118.7,123.84,0.0886965
997.475,118.7,123.51,0.07750173
1002.5,118.7,123.14,0.06965294
-2.5,123.75,133.27,0.2239651
2.525,123.75,133.86,0.199379
7.55,123.75,134.56,0.1737717
12.575,123.75,135.15,0.150258
17.6,123.75,135.62,0.1300075
22.625,123.75,136.06,0.1115834
27.65,123.75,136.52,0.09366402
32.675,123.75,136.89,0.07615318
37.7,123.75,137.28,0.06255088
42.725,123.75,137.63,0.05514893
47.75,123.75,137.7,0.05324208
52.775,123.75,137.53,0.06088003
57.8,123.75,137.27,0.08182705
62.825,123.75,136.92,0.1026766
67.85,123.75,137.36,0.1171434
72.875,123.75,137.66,0.1172713
77.9,123.75,135.94,0.09945249
82.925,123.75,133.9,0.07233629
87.95,123.75,133.3,0.05003134
92.975,123.75,133.23,0.04703779
98,123.75,134.5,0.0637419
103.025,123.75,135.81,0.0840876
108.05,123.75,136.75,0.09575703
113.075,123.75,137.13,0.08665194
118.1,123.75,137.18,0.07104797
123.125,123.75,137.2,0.05652704
128.15,123.75,137.26,0.05048111
133.175,123.75,137.28,0.05441678
138.2,123.75,137.36,0.06242708
143.225,123.75,137.54,0.07030538
148.25,123.75,138.2,0.075551
153.275,123.75,139.03,0.07872413
158.3,123.75,139.48,0.07873561
163.325,123.75,139.77,0.07536593
168.35,123.75,140.12,0.06933091
173.375,123.75,140.5,0.06259811
178.4,123.75,140.84,0.05742608
183.425,123.75,141.14,0.05456532
188.45,123.75,141.42,0.05280584
193.475,123.75,141.67,0.05038619
198.5,123.75,141.92,0.04727628
203.525,123.75,142.15,0.04348844
208.55,123.75,142.31,0.0394713
213.575,123.75,142.4,0.03570565
218.6,123.75,142.5,0.03241699
223.625,123.75,142.59,0.02978382
228.65,123.75,142.69,0.02777104
233.675,123.75,142.79,0.02619875
238.7,123.75,142.89,0.0247952
243.725,123.75,142.99,0.02335158
248.75,123.75,143.09,0.02186033
253.775,123.75,143.19,0.02051203
258.8,123.75,143.27,0.01925037
263.825,123.75,143.32,0.01804597
268.85,123.75,143.36,0.0168111
273.875,123.75,143.4,0.01549896
278.9,123.75,143.47,0.01413501
283.925,123.75,143.54,0.0126309
288.95,123.75,143.61,0.01110471
293.975,123.75,143.68,0.009820077
299,123.75,143.73,0.008809799
304.025,123.75,143.76,0.008233304
309.05,123.75,143.78,0.008190514
314.075,123.75,143.79,0.008505718
319.1,123.75,143.82,0.00890321
324.125,123.75,143.86,0.009100465
329.15,123.75,143.9,0.009063119
334.175,123.75,143.93,0.008679956
339.2,123.75,143.95,0.007919357
344.225,123.75,143.97,0.006990819
349.25,123.75,143.97,0.0062663
354.275,123.75,143.98,0.005918774
359.3,123.75,143.98,0.005899212
364.325,123.75,143.98,0.006050004
369.35,123.75,143.98,0.006469227
374.375,123.75,143.99,0.007020282
379.4,123.75,144.01,0.007548002
384.425,123.75,144.03,0.007807346
389.45,123.75,144.07,0.007886239
394.475,123.75,144.11,0.00792253
399.5,123.75,144.13,0.007980733
404.525,123.75,144.14,0.007956819
409.55,123.75,144.15,0.008048381
414.575,123.75,144.16,0.008413603
419.6,123.75,144.21,0.009211923
424.625,123.75,144.25,0.01040415
429.65,123.75,144.27,0.01193724
434.675,123.75,144.3,0.01344333
439.7,123.75,144.39,0.01406831
444.725,123.75,144.48,0.01376205
449.75,123.75,144.59,0.0139925
454.775,123.75,144.71,0.01645804
459.8,123.75,144.78,0.02135221
464.825,123.75,144.82,0.02817451
469.85,123.75,144.84,0.03614729
474.875,123.75,145.01,0.04432886
479.9,123.75,145.42,0.05032599
484.925,123.75,145.83,0.05204095
489.95,123.75,146.27,0.05053703
494.975,123.75,146.74,0.04754551
500,123.75,147.1,0.04447006
505.025,123.75,147.29,0.04219481
510.05,123.75,146.98,0.04168279
515.075,123.75,146.57,0.04289768
520.1,123.75,146.71,0.04548878
525.125,123.75,147.04,0.04948887
530.15,123.75,147.44,0.05461787
535.175,123.75,147.88,0.05953996
540.2,123.75,148.22,0.06205647
545.225,123.75,148.5,0.0620223
550.25,123.75,148.67,0.06087708
555.275,123.75,148.83,0.05968535
560.3,123.75,148.97,0.05853984
565.325,123.75,149.08,0.05772936
570.35,123.75,149.23,0.0573034
575.375,123.75,149.41,0.05719352
580.4,123.75,149.53,0.05731902
585.425,123.75,149.61,0.05774111
590.45,123.75,149.69,0.05832903
595.475,123.75,149.75,0.05888821
600.5,123.75,149.8,0.05967844
605.525,123.75,149.84,0.06070251
610.55,123.75,150,0.06172778
615.575,123.75,150.26,0.06280737
620.6,123.75,150.49,0.06389186
625.625,123.75,150.68,0.06480078
630.65,123.75,150.86,0.06580515
635.675,123.75,151.05,0.06730754
640.7,123.75,151.18,0.06943828
645.725,123.75,151.25,0.0722046
650.75,123.75,151.38,0.07543813
655.775,123.75,151.62,0.07908371
660.8,123.75,151.84,0.08311827
665.825,123.75,151.98,0.0875796
670.85,123.75,152.07,0.09265819
675.875,123.75,152.15,0.09864276
680.9,123.75,152.14,0.1054759
685.925,123.75,152.05,0.1127587
690.95,123.75,151.96,0.1200746
695.975,123.75,151.98,0.1269101
701,123.75,152.12,0.133033
706.025,123.75,152.24,0.1384937
711.05,123.75,152.3,0.1428221
716.075,123.75,152.3,0.1455679
721.1,123.75,152.25,0.1465234
726.125,123.75,152.23,0.1457781
731.15,123.75,152.43,0.1436766
736.175,123.75,152.74,0.1405946
741.2,123.75,152.89,0.1364017
746.225,123.75,153.01,0.1308509
751.25,123.75,153.37,0.1236727
756.275,123.75,153.84,0.1150069
761.3,123.75,154.13,0.1058831
766.325,123.75,154.28,0.097117
771.35,123.75,154.36,0.08755939
776.375,123.75,154.4,0.07664979
781.4,123.75,154.43,0.07004023
786.425,123.75,154.55,0.07830272
791.45,123.75,154.72,0.1045282
796.475,123.75,154.59,0.1425152
801.5,123.75,153.6,0.1854981
806.525,123.75,152.28,0.22777
811.55,123.75,150.96,0.2637406
816.575,123.75,149.65,0.2883508
821.6,123.75,148.2,0.2987963
826.625,123.75,146.58,0.2963535
831.65,123.75,144.94,0.2867438
836.675,123.75,143.37,0.2746438
841.7,123.75,141.78,0.2604811
846.725,123.75,140.47,0.2453144
851.75,123.75,139.41,0.2306795
856.775,123.75,138.56,0.2168965
861.8,123.75,137.72,0.2039915
866.825,123.75,136.77,0.1903711
871.85,123.75,135.82,0.1766456
876.875,123.75,134.86,0.1625832
881.9,123.75,133.95,0.1459557
886.925,123.75,133.25,0.1279087
891.95,123.75,132.9,0.1103873
896.975,123.75,132.8,0.09527129
902,123.75,132.6,0.08415561
907.025,123.75,132.31,0.07748113
912.05,123.75,132.06,0.07581093
917.075,123.75,131.84,0.07769303
922.1,123.75,131.57,0.08072252
927.125,123.75,131.28,0.08487677
932.15,123.75,130.96,0.09005915
937.175,123.75,130.64,0.09625118
942.2,123.75,130.28,0.1033154
947.225,123.75,129.77,0.1106275
952.25,123.75,129.1,0.1172397
957.275,123.75,128.33,0.1225063
962.3,123.75,127.64,0.125207
967.325,123.75,127,0.1244141
972.35,123.75,126.32,0.1201654
977.375,123.75,125.62,0.1136074
982.4,123.75,124.98,0.1066259
987.425,123.75,124.41,0.09922429
992.45,123.75,124,0.09024442
997.475,123.75,123.67,0.07954558
1002.5,123.75,123.3,0.07151397
-2.5,128.8,134.39,0.212779
2.525,128.8,134.88,0.1893754
7.55,128.8,135.48,0.1656258
12.575,128.8,136.02,0.1437672
17.6,128.8,136.35,0.1247523
22.625,128.8,136.58,0.1075035
27.65,128.8,136.87,0.09108764
32.675,128.8,137.26,0.07608128
37.7,128.8,137.56,0.0639645
42.725,128.8,137.83,0.05724881
47.75,128.8,138,0.05440015
52.775,128.8,137.87,0.05895404
57.8,128.8,137.59,0.077211
62.825,128.8,137.42,0.09866383
67.85,128.8,137.14,0.1147527
72.875,128.8,137.09,0.1160968
77.9,128.8,136.11,0.1011487
82.925,128.8,134.1,0.07835472
87.95,128.8,133.63,0.05427935
92.975,128.8,133.45,0.04421857
98,128.8,134.36,0.05617044
103.025,128.8,135.83,0.07729657
108.05,128.8,137.03,0.0918279
113.075,128.8,137.44,0.0881732
118.1,128.8,137.48,0.07501804
123.125,128.8,137.59,0.06062921
128.15,128.8,137.61,0.05324309
133.175,128.8,137.72,0.05581875
138.2,128.8,137.8,0.06146617
143.225,128.8,137.96,0.06786995
148.25,128.8,138.33,0.07269389
153.275,128.8,139.02,0.07537823
158.3,128.8,139.52,0.07582878
163.325,128.8,139.82,0.07366738
168.35,128.8,140.17,0.06959958
173.375,128.8,140.57,0.06446375
178.4,128.8,140.93,0.06040734
183.425,128.8,141.23,0.05755956
188.45,128.8,141.51,0.05475435
193.475,128.8,141.78,0.0511799
198.5,128.8,142.05,0.0468557
203.525,128.8,142.27,0.04218817
208.55,128.8,142.44,0.0376119
213.575,128.8,142.55,0.03345763
218.6,128.8,142.64,0.02992837
223.625,128.8,142.72,0.02704468
228.65,128.8,142.78,0.02482929
233.675,128.8,142.87,0.02313046
238.7,128.8,142.97,0.02163551
243.725,128.8,143.07,0.02010249
248.75,128.8,143.18,0.01861804
253.775,128.8,143.27,0.01727232
258.8,128.8,143.34,0.01601319
263.825,128.8,143.38,0.01479589
268.85,128.8,143.41,0.01357462
273.875,128.8,143.45,0.01228973
278.9,128.8,143.51,0.0109787
283.925,128.8,143.57,0.009648319
288.95,128.8,143.63,0.008494215
293.975,128.8,143.68,0.007858849
299,128.8,143.72,0.007748954
304.025,128.8,143.73,0.008099926
309.05,128.8,143.73,0.008721145
314.075,128.8,143.75,0.009456228
319.1,128.8,143.79,0.0100912
324.125,128.8,143.84,0.01050411
329.15,128.8,143.88,0.01051673
334.175,128.8,143.92,0.01013165
339.2,128.8,143.94,0.009372254
344.225,128.8,143.95,0.008406497
349.25,128.8,143.95,0.007537439
354.275,128.8,143.96,0.007002508
359.3,128.8,143.96,0.006781431
364.325,128.8,143.96,0.00681383
369.35,128.8,143.96,0.007152219
374.375,128.8,143.97,0.00767647
379.4,128.8,143.99,0.008253792
384.425,128.8,144.01,0.008797874
389.45,128.8,144.03,0.009174455
394.475,128.8,144.06,0.009441567
399.5,128.8,144.09,0.009712602
404.525,128.8,144.09,0.009944363
409.55,128.8,144.1,0.01023379
414.575,128.8,144.12,0.01079869
419.6,128.8,144.17,0.01164183
424.625,128.8,144.19,0.01283112
429.65,128.8,144.21,0.01417626
434.675,128.8,144.26,0.01558206
439.7,128.8,144.34,0.01671831
444.725,128.8,144.43,0.01725952
449.75,128.8,144.5,0.01788294
454.775,128.8,144.61,0.02002705
459.8,128.8,144.71,0.02424354
464.825,128.8,144.76,0.03043421
469.85,128.8,144.86,0.03813591
474.875,128.8,145.05,0.04607951
479.9,128.8,145.41,0.05248229
484.925,128.8,145.79,0.05426902
489.95,128.8,146.1,0.05169917
494.975,128.8,146.51,0.04745333
500,128.8,146.91,0.04284463
505.025,128.8,147.14,0.03934843
510.05,128.8,147.16,0.03798061
515.075,128.8,146.89,0.03878578
520.1,128.8,146.93,0.0413669
525.125,128.8,147.18,0.04546546
530.15,128.8,147.38,0.05074748
535.175,128.8,147.75,0.05578733
540.2,128.8,148.13,0.05845016
545.225,128.8,148.47,0.05840691
550.25,128.8,148.76,0.05724064
555.275,128.8,148.95,0.05578693
560.3,128.8,149.15,0.05417497
565.325,128.8,149.32,0.05262757
570.35,128.8,149.47,0.05155108
575.375,128.8,149.64,0.05104527
580.4,128.8,149.8,0.0510492
585.425,128.8,149.88,0.05155159
590.45,128.8,149.95,0.05234323
595.475,128.8,150.03,0.05321987
600.5,128.8,150.09,0.05418642
605.525,128.8,150.14,0.05538631
610.55,128.8,150.24,0.05646812
615.575,128.8,150.46,0.05744055
620.6,128.8,150.7,0.05833043
625.625,128.8,150.89,0.05897797
630.65,128.8,151.05,0.05956503
635.675,128.8,151.23,0.06044566
640.7,128.8,151.4,0.06172634
645.725,128.8,151.51,0.06351823
650.75,128.8,151.58,0.06570805
655.775,128.8,151.77,0.06813724
660.8,128.8,152.02,0.0708129
665.825,128.8,152.21,0.0739727
670.85,128.8,152.32,0.07777714
675.875,128.8,152.41,0.08238644
680.9,128.8,152.49,0.08777945
685.925,128.8,152.49,0.09387528
690.95,128.8,152.49,0.1004608
695.975,128.8,152.57,0.1069518
701,128.8,152.76,0.1129532
706.025,128.8,152.92,0.1183452
711.05,128.8,153.02,0.1226068
716.075,128.8,153.05,0.1252917
721.1,128.8,153.04,0.126196
726.125,128.8,153.06,0.12557
731.15,128.8,153.21,0.1236073
736.175,128.8,153.45,0.1206433
741.2,128.8,153.6,0.1165998
746.225,128.8,153.69,0.111097
751.25,128.8,153.88,0.1041752
756.275,128.8,154.23,0.0961493
761.3,128.8,154.5,0.08782514
766.325,128.8,154.61,0.08006914
771.35,128.8,154.64,0.07195295
776.375,128.8,154.63,0.06310864
781.4,128.8,154.63,0.05917304
786.425,128.8,154.86,0.07016424
791.45,128.8,155.04,0.0971977
796.475,128.8,154.75,0.1345735
801.5,128.8,153.8,0.1770571
806.525,128.8,152.51,0.2198543
811.55,128.8,151.21,0.2578272
816.575,128.8,149.87,0.2854391
821.6,128.8,148.48,0.2986175
826.625,128.8,146.88,0.2976674
831.65,128.8,145.1,0.2876751
836.675,128.8,143.42,0.2743011
841.7,128.8,141.82,0.2592966
846.725,128.8,140.66,0.2432593
851.75,128.8,140.02,0.2279944
856.775,128.8,139.22,0.2141414
861.8,128.8,138.36,0.2014707
866.825,128.8,137.33,0.1891265
871.85,128.8,136.25,0.1768081
876.875,128.8,135.23,0.1651611
881.9,128.8,134.24,0.1513175
886.925,128.8,133.56,0.1342093
891.95,128.8,133.29,0.1164563
896.975,128.8,133.12,0.1001192
902,128.8,132.92,0.08734695
907.025,128.8,132.58,0.07904067
912.05,128.8,132.22,0.07547553
917.075,128.8,131.94,0.07649792
922.1,128.8,131.66,0.07947907
927.125,128.8,131.38,0.08370008
932.15,128.8,131.11,0.08979087
937.175,128.8,130.79,0.09671641
942.2,128.8,130.46,0.1041551
947.225,128.8,129.92,0.1116634
952.25,128.8,129.12,0.1184451
957.275,128.8,128.36,0.123758
962.3,128.8,127.68,0.1264357
967.325,128.8,127.09,0.1252174
972.35,128.8,126.51,0.120392
977.375,128.8,125.86,0.1133295
982.4,128.8,125.24,0.1061422
987.425,128.8,124.7,0.09957473
992.45,128.8,124.28,0.09186307
997.475,128.8,123.92,0.08210589
1002.5,128.8,123.54,0.07302388
-2.5,133.85,135.6,0.1969458
2.525,133.85,136.03,0.1776379
7.55,133.85,136.46,0.156513
12.575,133.85,136.92,0.1368064
17.6,133.85,137.21,0.1192127
22.625,133.85,137.39,0.1033132
27.65,133.85,137.47,0.08851658
32.675,133.85,137.65,0.07558329
37.7,133.85,137.85,0.06530443
42.725,133.85,138.02,0.05833825
47.75,133.85,138.16,0.0547005
52.775,133.85,138.12,0.05766116
57.8,133.85,137.86,0.07334484
62.825,133.85,137.67,0.09420466
67.85,133.85,137.68,0.110646
72.875,133.85,137.15,0.1148217
77.9,133.85,136.3,0.1057068
82.925,133.85,133.98,0.08505766
87.95,133.85,133.69,0.06150791
92.975,133.85,133.93,0.04537542
98,133.85,134.83,0.04969935
103.025,133.85,136.13,0.07017358
108.05,133.85,137.25,0.08572268
113.075,133.85,137.38,0.0871665
118.1,133.85,137.63,0.07794133
123.125,133.85,137.99,0.06435282
128.15,133.85,138,0.05827241
133.175,133.85,138.07,0.05710229
138.2,133.85,138.22,0.06079598
143.225,133.85,138.4,0.06570047
148.25,133.85,138.7,0.0695805
153.275,133.85,139.13,0.07186533
158.3,133.85,139.58,0.0721924
163.325,133.85,139.92,0.07105004
168.35,133.85,140.27,0.06879148
173.375,133.85,140.63,0.06566724
178.4,133.85,140.99,0.06232354
183.425,133.85,141.3,0.0594523
188.45,133.85,141.58,0.05592702
193.475,133.85,141.87,0.05139917
198.5,133.85,142.14,0.04619254
203.525,133.85,142.38,0.04081669
208.55,133.85,142.53,0.03563771
213.575,133.85,142.65,0.03102995
218.6,133.85,142.76,0.0271305
223.625,133.85,142.85,0.02391394
228.65,133.85,142.89,0.02152369
233.675,133.85,142.95,0.01978275
238.7,133.85,143.03,0.01836132
243.725,133.85,143.13,0.0169723
248.75,133.85,143.23,0.01561265
253.775,133.85,143.32,0.01431179
258.8,133.85,143.38,0.01313176
263.825,133.85,143.42,0.01194448
268.85,133.85,143.44,0.0108836
273.875,133.85,143.47,0.00982242
278.9,133.85,143.53,0.00873402
283.925,133.85,143.58,0.007820134
288.95,133.85,143.63,0.007402615
293.975,133.85,143.66,0.007687467
299,133.85,143.7,0.008490457
304.025,133.85,143.7,0.009507399
309.05,133.85,143.68,0.01052363
314.075,133.85,143.69,0.01138334
319.1,133.85,143.74,0.01198435
324.125,133.85,143.8,0.01230744
329.15,133.85,143.85,0.01227811
334.175,133.85,143.89,0.01177728
339.2,133.85,143.92,0.0108571
344.225,133.85,143.93,0.009729277
349.25,133.85,143.93,0.008707021
354.275,133.85,143.93,0.008005788
359.3,133.85,143.93,0.007631612
364.325,133.85,143.93,0.00750597
369.35,133.85,143.93,0.007727878
374.375,133.85,143.94,0.00825408
379.4,133.85,143.96,0.008914788
384.425,133.85,143.98,0.00965808
389.45,133.85,143.99,0.01038435
394.475,133.85,144.01,0.01098939
399.5,133.85,144.03,0.011525
404.525,133.85,144.03,0.01200773
409.55,133.85,144.04,0.0125283
414.575,133.85,144.06,0.0132167
419.6,133.85,144.1,0.01414011
424.625,133.85,144.14,0.01526465
429.65,133.85,144.14,0.01664627
434.675,133.85,144.17,0.01792567
439.7,133.85,144.26,0.01908817
444.725,133.85,144.35,0.02013116
449.75,133.85,144.43,0.02140507
454.775,133.85,144.5,0.0236653
459.8,133.85,144.58,0.02754205
464.825,133.85,144.65,0.03322215
469.85,133.85,144.78,0.04056178
474.875,133.85,145.01,0.04847253
479.9,133.85,145.33,0.05509817
484.925,133.85,145.68,0.05804527
489.95,133.85,145.98,0.05586758
494.975,133.85,146.26,0.0507919
500,133.85,146.63,0.04501869
505.025,133.85,146.9,0.04008284
510.05,133.85,147,0.03757717
515.075,133.85,147.04,0.03756346
520.1,133.85,147.11,0.03982526
525.125,133.85,147.32,0.04389661
530.15,133.85,147.44,0.04889643
535.175,133.85,147.62,0.05365392
540.2,133.85,147.98,0.05628758
545.225,133.85,148.33,0.05630344
550.25,133.85,148.72,0.05527333
555.275,133.85,149.03,0.05378384
560.3,133.85,149.28,0.0518361
565.325,133.85,149.5,0.04966928
570.35,133.85,149.68,0.04773833
575.375,133.85,149.84,0.04655608
580.4,133.85,150,0.04610453
585.425,133.85,150.11,0.04640052
590.45,133.85,150.19,0.04718465
595.475,133.85,150.26,0.04818718
600.5,133.85,150.33,0.04933455
605.525,133.85,150.4,0.05056552
610.55,133.85,150.5,0.051688
615.575,133.85,150.65,0.0525466
620.6,133.85,150.86,0.05330331
625.625,133.85,151.05,0.05372932
630.65,133.85,151.22,0.05403732
635.675,133.85,151.37,0.05447004
640.7,133.85,151.54,0.05509287
645.725,133.85,151.67,0.05599137
650.75,133.85,151.78,0.0572007
655.775,133.85,151.89,0.05861901
660.8,133.85,152.1,0.06011713
665.825,133.85,152.28,0.06190296
670.85,133.85,152.46,0.0644102
675.875,133.85,152.58,0.06781323
680.9,133.85,152.7,0.07183246
685.925,133.85,152.78,0.0764418
690.95,133.85,152.86,0.08168582
695.975,133.85,153,0.08731076
701,133.85,153.23,0.09262214
706.025,133.85,153.43,0.09736096
711.05,133.85,153.56,0.1011399
716.075,133.85,153.64,0.1035085
721.1,133.85,153.67,0.104511
726.125,133.85,153.71,0.1042305
731.15,133.85,153.9,0.1027537
736.175,133.85,154.09,0.1001823
741.2,133.85,154.19,0.09656287
746.225,133.85,154.26,0.09150525
751.25,133.85,154.41,0.08515501
756.275,133.85,154.59,0.07800442
761.3,133.85,154.76,0.07107566
766.325,133.85,154.83,0.0648749
771.35,133.85,154.83,0.05856357
776.375,133.85,154.8,0.05182684
781.4,133.85,154.79,0.05073571
786.425,133.85,154.95,0.06433736
791.45,133.85,155.34,0.09230724
796.475,133.85,155.05,0.1288965
801.5,133.85,153.97,0.1704556
806.525,133.85,152.63,0.2132901
811.55,133.85,151.38,0.2525922
816.575,133.85,150.04,0.2826276
821.6,133.85,148.6,0.298287
826.625,133.85,147.03,0.2989777
831.65,133.85,145.28,0.2896583
836.675,133.85,143.52,0.2753744
841.7,133.85,141.9,0.2592202
846.725,133.85,140.67,0.2420539
851.75,133.85,140.28,0.2256474
856.775,133.85,139.86,0.2114174
861.8,133.85,138.95,0.1991344
866.825,133.85,137.91,0.1879291
871.85,133.85,136.76,0.1773574
876.875,133.85,135.64,0.1669165
881.9,133.85,134.59,0.1548621
886.925,133.85,133.8,0.1393596
891.95,133.85,133.61,0.1222115
896.975,133.85,133.52,0.1058496
902,133.85,133.23,0.09206865
907.025,133.85,132.86,0.0823218
912.05,133.85,132.46,0.07720629
917.075,133.85,132.07,0.0765806
922.1,133.85,131.74,0.07923176
927.125,133.85,131.43,0.0837065
932.15,133.85,131.18,0.09017282
937.175,133.85,130.91,0.0978937
942.2,133.85,130.6,0.1055956
947.225,133.85,130.11,0.1128482
952.25,133.85,129.21,0.1192078
957.275,133.85,128.34,0.1240609
962.3,133.85,127.72,0.1263269
967.325,133.85,127.17,0.1247533
972.35,133.85,126.63,0.119398
977.375,133.85,126.09,0.1121302
982.4,133.85,125.52,0.1051424
987.425,133.85,125.01,0.09955927
992.45,133.85,124.6,0.09333428
997.475,133.85,124.22,0.08496739
1002.5,133.85,123.82,0.07604792
-2.5,138.9,136.55,0.1804374
2.525,138.9,136.93,0.1637909
7.55,138.9,137.26,0.1453639
12.575,138.9,137.54,0.1282629
17.6,138.9,137.76,0.1125903
22.625,138.9,137.92,0.09822933
27.65,138.9,138.01,0.08507168
32.675,138.9,138.06,0.07387095
37.7,138.9,138.15,0.0651084
42.725,138.9,138.26,0.05905432
47.75,138.9,138.35,0.05474802
52.775,138.9,138.33,0.05588414
57.8,138.9,138.1,0.06886339
62.825,138.9,137.88,0.08870602
67.85,138.9,137.92,0.1067062
72.875,138.9,137.64,0.1137418
77.9,138.9,136.79,0.1088017
82.925,138.9,134.28,0.0938198
87.95,138.9,134.03,0.07052367
92.975,138.9,134.03,0.05323853
98,138.9,135.15,0.05158059
103.025,138.9,136,0.06384576
108.05,138.9,136.9,0.07656752
113.075,138.9,137.05,0.08043948
118.1,138.9,137.45,0.07657905
123.125,138.9,137.96,0.06954878
128.15,138.9,138.19,0.06194985
133.175,138.9,138.29,0.05964448
138.2,138.9,138.46,0.06084097
143.225,138.9,138.64,0.06396902
148.25,138.9,138.91,0.06641477
153.275,138.9,139.25,0.06812276
158.3,138.9,139.61,0.06811286
163.325,138.9,139.97,0.0672283
168.35,138.9,140.33,0.06656431
173.375,138.9,140.68,0.06559615
178.4,138.9,141.01,0.06342686
183.425,138.9,141.33,0.06038957
188.45,138.9,141.63,0.0564738
193.475,138.9,141.92,0.05142766
198.5,138.9,142.2,0.04568548
203.525,138.9,142.45,0.03978053
208.55,138.9,142.61,0.03405224
213.575,138.9,142.72,0.0288161
218.6,138.9,142.82,0.02440818
223.625,138.9,142.92,0.02089417
228.65,138.9,142.98,0.01846088
233.675,138.9,143.04,0.01697528
238.7,138.9,143.11,0.01583588
243.725,138.9,143.18,0.01471631
248.75,138.9,143.27,0.01351215
253.775,138.9,143.34,0.01225869
258.8,138.9,143.4,0.01098184
263.825,138.9,143.44,0.009809378
268.85,138.9,143.45,0.008965479
273.875,138.9,143.47,0.008405783
278.9,138.9,143.52,0.007974476
283.925,138.9,143.57,0.007872452
288.95,138.9,143.6,0.008433744
293.975,138.9,143.63,0.00947323
299,138.9,143.65,0.01073829
304.025,138.9,143.65,0.01196948
309.05,138.9,143.62,0.01302686
314.075,138.9,143.62,0.01384598
319.1,138.9,143.67,0.01433059
324.125,138.9,143.73,0.01446147
329.15,138.9,143.79,0.01425122
334.175,138.9,143.84,0.01360866
339.2,138.9,143.87,0.01249387
344.225,138.9,143.89,0.01114192
349.25,138.9,143.89,0.009921736
354.275,138.9,143.9,0.009066297
359.3,138.9,143.9,0.008571331
364.325,138.9,143.9,0.008367637
369.35,138.9,143.9,0.008488469
374.375,138.9,143.9,0.009036242
379.4,138.9,143.92,0.009849054
384.425,138.9,143.94,0.01083782
389.45,138.9,143.95,0.01195441
394.475,138.9,143.96,0.0130228
399.5,138.9,143.96,0.01396542
404.525,138.9,143.96,0.0148125
409.55,138.9,143.97,0.01568299
414.575,138.9,143.99,0.01669117
419.6,138.9,144.03,0.01778259
424.625,138.9,144.07,0.01893123
429.65,138.9,144.07,0.02020599
434.675,138.9,144.09,0.02157095
439.7,138.9,144.17,0.0227422
444.725,138.9,144.26,0.02396491
449.75,138.9,144.33,0.0254779
454.775,138.9,144.4,0.02780782
459.8,138.9,144.47,0.03133489
464.825,138.9,144.54,0.03643517
469.85,138.9,144.69,0.04315003
474.875,138.9,144.94,0.05072798
479.9,138.9,145.26,0.0575331
484.925,138.9,145.58,0.06133709
489.95,138.9,145.87,0.06051745
494.975,138.9,146.17,0.05579456
500,138.9,146.49,0.04948941
505.025,138.9,146.78,0.04356808
510.05,138.9,146.96,0.03979305
515.075,138.9,147.08,0.03868607
520.1,138.9,147.26,0.04008811
525.125,138.9,147.43,0.04369688
530.15,138.9,147.53,0.04831931
535.175,138.9,147.67,0.05256633
540.2,138.9,147.95,0.05515353
545.225,138.9,148.3,0.05552372
550.25,138.9,148.7,0.05474228
555.275,138.9,149.09,0.05345471
560.3,138.9,149.4,0.05128381
565.325,138.9,149.65,0.04848872
570.35,138.9,149.85,0.04574161
575.375,138.9,150,0.04374923
580.4,138.9,150.15,0.04272511
585.425,138.9,150.28,0.04259248
590.45,138.9,150.39,0.04317224
595.475,138.9,150.47,0.04412479
600.5,138.9,150.55,0.04528943
605.525,138.9,150.62,0.04648659
610.55,138.9,150.72,0.04753303
615.575,138.9,150.85,0.04838028
620.6,138.9,151.03,0.04898346
625.625,138.9,151.21,0.04938554
630.65,138.9,151.38,0.04963578
635.675,138.9,151.55,0.04989957
640.7,138.9,151.71,0.05021059
645.725,138.9,151.85,0.05061997
650.75,138.9,151.97,0.05107856
655.775,138.9,152.1,0.05164312
660.8,138.9,152.26,0.05222301
665.825,138.9,152.43,0.05303955
670.85,138.9,152.61,0.05440957
675.875,138.9,152.79,0.05662442
680.9,138.9,152.93,0.05947492
685.925,138.9,153.05,0.06287917
690.95,138.9,153.18,0.06665305
695.975,138.9,153.36,0.07076779
701,138.9,153.6,0.07489915
706.025,138.9,153.81,0.07870816
711.05,138.9,153.98,0.08166494
716.075,138.9,154.09,0.08340449
721.1,138.9,154.13,0.08425743
726.125,138.9,154.17,0.08430975
731.15,138.9,154.36,0.08332322
736.175,138.9,154.56,0.08131244
741.2,138.9,154.62,0.07820328
746.225,138.9,154.66,0.07379752
751.25,138.9,154.78,0.06813807
756.275,138.9,154.92,0.06200794
761.3,138.9,155,0.05642279
766.325,138.9,155.03,0.05202055
771.35,138.9,155.01,0.04778883
776.375,138.9,154.98,0.04309585
781.4,138.9,154.95,0.04421039
786.425,138.9,155.06,0.05973255
791.45,138.9,155.41,0.08809256
796.475,138.9,155.3,0.1242555
801.5,138.9,154.22,0.1651248
806.525,138.9,152.85,0.208013
811.55,138.9,151.56,0.2483389
816.575,138.9,150.23,0.2801883
821.6,138.9,148.77,0.2978878
826.625,138.9,147.2,0.3002138
831.65,138.9,145.49,0.2919647
836.675,138.9,143.76,0.2779865
841.7,138.9,142.15,0.2610135
846.725,138.9,140.86,0.2428037
851.75,138.9,140.41,0.2251804
856.775,138.9,140.17,0.2102939
861.8,138.9,139.39,0.198334
866.825,138.9,138.35,0.1880633
871.85,138.9,137.22,0.1787358
876.875,138.9,136.08,0.1694307
881.9,138.9,135,0.1580057
886.925,138.9,134.13,0.1434102
891.95,138.9,133.84,0.127065
896.975,138.9,133.78,0.11121
902,138.9,133.51,0.09732691
907.025,138.9,133.12,0.08672392
912.05,138.9,132.7,0.08028934
917.075,138.9,132.29,0.07830727
922.1,138.9,131.91,0.08007629
927.125,138.9,131.57,0.08471508
932.15,138.9,131.29,0.0915239
937.175,138.9,131.03,0.09952926
942.2,138.9,130.74,0.1073696
947.225,138.9,130.29,0.1143166
952.25,138.9,129.4,0.1200777
957.275,138.9,128.44,0.1241619
962.3,138.9,127.79,0.125709
967.325,138.9,127.27,0.123607
972.35,138.9,126.77,0.117848
977.375,138.9,126.27,0.1103777
982.4,138.9,125.75,0.1038054
987.425,138.9,125.26,0.09920317
992.45,138.9,124.85,0.09435852
997.475,138.9,124.47,0.08756616
1002.5,138.9,124.05,0.07945795
-2.5,143.95,137.34,0.1635101
2.525,143.95,137.62,0.1479652
7.55,143.95,137.83,0.1318601
12.575,143.95,137.99,0.1173451
17.6,143.95,138.14,0.1039237
22.625,143.95,138.28,0.09133184
27.65,143.95,138.35,0.08001173
32.675,143.95,138.38,0.07043224
37.7,143.95,138.43,0.06291195
42.725,143.95,138.5,0.05817086
47.75,143.95,138.58,0.05537507
52.775,143.95,138.58,0.05461935
57.8,143.95,138.38,0.06452602
62.825,143.95,138.12,0.08250539
67.85,143.95,138.07,0.1011418
72.875,143.95,137.97,0.1106831
77.9,143.95,137.28,0.1098745
82.925,143.95,136.43,0.09979555
87.95,143.95,134.91,0.082607
92.975,143.95,134.08,0.0665779
98,143.95,134.64,0.05756519
103.025,143.95,135.61,0.05901474
108.05,143.95,136.45,0.06788257
113.075,143.95,136.84,0.0704761
118.1,143.95,137.28,0.07225105
123.125,143.95,137.69,0.07014279
128.15,143.95,138.05,0.06676085
133.175,143.95,138.33,0.06361104
138.2,143.95,138.64,0.06276848
143.225,143.95,138.83,0.06313821
148.25,143.95,139.02,0.0636361
153.275,143.95,139.3,0.06451003
158.3,143.95,139.63,0.0637815
163.325,143.95,139.98,0.06255209
168.35,143.95,140.34,0.06257737
173.375,143.95,140.69,0.06365848
178.4,143.95,141.02,0.06320314
183.425,143.95,141.34,0.0606937
188.45,143.95,141.67,0.05672381
193.475,143.95,141.97,0.05165382
198.5,143.95,142.26,0.04586707
203.525,143.95,142.48,0.03964795
208.55,143.95,142.64,0.03338858
213.575,143.95,142.75,0.02744681
218.6,143.95,142.86,0.02247129
223.625,143.95,142.96,0.01884283
228.65,143.95,143.04,0.01664773
233.675,143.95,143.11,0.01564398
238.7,143.95,143.18,0.01497789
243.725,143.95,143.21,0.01406176
248.75,143.95,143.25,0.01270078
253.775,143.95,143.32,0.01110617
258.8,143.95,143.38,0.009463806
263.825,143.95,143.43,0.008073772
268.85,143.95,143.45,0.007503053
273.875,143.95,143.47,0.007893067
278.9,143.95,143.5,0.00864832
283.925,143.95,143.54,0.009647306
288.95,143.95,143.56,0.01085821
293.975,143.95,143.58,0.01233261
299,143.95,143.59,0.01374838
304.025,143.95,143.58,0.01498073
309.05,143.95,143.55,0.0159088
314.075,143.95,143.54,0.01652476
319.1,143.95,143.59,0.01686183
324.125,143.95,143.65,0.01684704
329.15,143.95,143.71,0.01645843
334.175,143.95,143.77,0.01558602
339.2,143.95,143.81,0.01426943
344.225,143.95,143.83,0.01270126
349.25,143.95,143.85,0.01128771
354.275,143.95,143.86,0.01024562
359.3,143.95,143.87,0.009640198
364.325,143.95,143.86,0.009428562
369.35,143.95,143.85,0.009589174
374.375,143.95,143.85,0.01018838
379.4,143.95,143.87,0.01122755
384.425,143.95,143.89,0.0125798
389.45,143.95,143.9,0.01418323
394.475,143.95,143.9,0.01584153
399.5,143.95,143.89,0.01739128
404.525,143.95,143.89,0.01884325
409.55,143.95,143.9,0.02030307
414.575,143.95,143.93,0.02178573
419.6,143.95,143.97,0.02332759
424.625,143.95,143.98,0.0247959
429.65,143.95,144,0.02614891
434.675,143.95,144.02,0.02747548
439.7,143.95,144.09,0.02873556
444.725,143.95,144.17,0.03000155
449.75,143.95,144.26,0.031518
454.775,143.95,144.33,0.03357945
459.8,143.95,144.38,0.03658911
464.825,143.95,144.42,0.04083273
469.85,143.95,144.57,0.04653322
474.875,143.95,144.85,0.05333055
479.9,143.95,145.18,0.05976949
484.925,143.95,145.52,0.06407403
489.95,143.95,145.83,0.064568
494.975,143.95,146.13,0.06093632
500,143.95,146.44,0.05504308
505.025,143.95,146.75,0.04870348
510.05,143.95,147.01,0.04382207
515.075,143.95,147.19,0.04154022
520.1,143.95,147.39,0.04186717
525.125,143.95,147.56,0.04468778
530.15,143.95,147.67,0.04877821
535.175,143.95,147.76,0.05241271
540.2,143.95,148,0.05473764
545.225,143.95,148.35,0.05546094
550.25,143.95,148.76,0.05506242
555.275,143.95,149.19,0.05396108
560.3,143.95,149.52,0.05170418
565.325,143.95,149.76,0.04853987
570.35,143.95,149.96,0.04515721
575.375,143.95,150.12,0.04237904
580.4,143.95,150.28,0.04079725
585.425,143.95,150.41,0.04016508
590.45,143.95,150.53,0.04035381
595.475,143.95,150.65,0.04107926
600.5,143.95,150.76,0.04212652
605.525,143.95,150.83,0.04323163
610.55,143.95,150.91,0.04405844
615.575,143.95,151.03,0.04476745
620.6,143.95,151.2,0.04533715
625.625,143.95,151.38,0.04577001
630.65,143.95,151.56,0.04615096
635.675,143.95,151.74,0.04653253
640.7,143.95,151.9,0.04679741
645.725,143.95,152.05,0.04697049
650.75,143.95,152.19,0.04713479
655.775,143.95,152.32,0.04718794
660.8,143.95,152.48,0.04713719
665.825,143.95,152.63,0.04727912
670.85,143.95,152.82,0.04797806
675.875,143.95,153.02,0.04926592
680.9,143.95,153.17,0.05108792
685.925,143.95,153.28,0.05340171
690.95,143.95,153.43,0.056084
695.975,143.95,153.66,0.05873446
701,143.95,153.91,0.06131851
706.025,143.95,154.09,0.06378496
711.05,143.95,154.26,0.06581966
716.075,143.95,154.42,0.06686213
721.1,143.95,154.5,0.06720874
726.125,143.95,154.51,0.06720279
731.15,143.95,154.63,0.0665204
736.175,143.95,154.86,0.06492486
741.2,143.95,154.95,0.06234182
746.225,143.95,154.96,0.05859586
751.25,143.95,155.02,0.05384371
756.275,143.95,155.14,0.048788
761.3,143.95,155.2,0.04450273
766.325,143.95,155.21,0.04164318
771.35,143.95,155.18,0.03940148
776.375,143.95,155.15,0.03685027
781.4,143.95,155.12,0.03948048
786.425,143.95,155.24,0.05565158
791.45,143.95,155.52,0.08388403
796.475,143.95,155.5,0.1195594
801.5,143.95,154.51,0.1600451
806.525,143.95,153.12,0.2031185
811.55,143.95,151.78,0.2445844
816.575,143.95,150.45,0.2784593
821.6,143.95,149,0.298205
826.625,143.95,147.43,0.3019568
831.65,143.95,145.76,0.2947143
836.675,143.95,144.06,0.2814497
841.7,143.95,142.48,0.2644721
846.725,143.95,141.1,0.2459096
851.75,143.95,140.47,0.227742
856.775,143.95,140.34,0.2123604
861.8,143.95,139.67,0.2007204
866.825,143.95,138.73,0.1912014
871.85,143.95,137.64,0.1824675
876.875,143.95,136.51,0.1733011
881.9,143.95,135.46,0.1616864
886.925,143.95,134.5,0.1471749
891.95,143.95,134.07,0.1313841
896.975,143.95,134.01,0.1160874
902,143.95,133.75,0.1023686
907.025,143.95,133.38,0.09149136
912.05,143.95,132.97,0.08426195
917.075,143.95,132.53,0.0809997
922.1,143.95,132.13,0.08170876
927.125,143.95,131.74,0.08625356
932.15,143.95,131.44,0.09336898
937.175,143.95,131.18,0.1015417
942.2,143.95,130.87,0.1093362
947.225,143.95,130.41,0.1159789
952.25,143.95,129.57,0.1210043
957.275,143.95,128.56,0.1243011
962.3,143.95,127.88,0.1250855
967.325,143.95,127.39,0.1225423
972.35,143.95,126.91,0.1165483
977.375,143.95,126.44,0.1088294
982.4,143.95,125.96,0.102629
987.425,143.95,125.48,0.09892532
992.45,143.95,125.06,0.09543488
997.475,143.95,124.68,0.09011083
1002.5,143.95,124.26,0.0831025
-2.5,149,138.03,0.1454503
2.525,149,138.22,0.1300442
7.55,149,138.32,0.1161989
12.575,149,138.41,0.1042589
17.6,149,138.49,0.09304652
22.625,149,138.6,0.08272673
27.65,149,138.68,0.07350784
32.675,149,138.71,0.06573906
37.7,149,138.74,0.0596716
42.725,149,138.76,0.05574159
47.75,149,138.77,0.05454355
52.775,149,138.79,0.05579595
57.8,149,138.63,0.06447415
62.825,149,138.51,0.0804235
67.85,149,138.36,0.09642575
72.875,149,138.07,0.1069782
77.9,149,137.48,0.1111847
82.925,149,136.81,0.1062492
87.95,149,135.89,0.0931911
92.975,149,134.6,0.07861469
98,149,134.47,0.06584617
103.025,149,135.28,0.06029664
108.05,149,136.12,0.06139726
113.075,149,136.9,0.06201855
118.1,149,137.47,0.0643325
123.125,149,137.85,0.06717728
128.15,149,137.82,0.06849978
133.175,149,138.22,0.06719544
138.2,149,138.71,0.06539021
143.225,149,139.06,0.06354387
148.25,149,139.1,0.06208883
153.275,149,139.33,0.06152664
158.3,149,139.66,0.05992178
163.325,149,140,0.05761373
168.35,149,140.33,0.05760095
173.375,149,140.67,0.06003752
178.4,149,140.99,0.06165589
183.425,149,141.32,0.06035853
188.45,149,141.69,0.05701402
193.475,149,142.01,0.05230686
198.5,149,142.3,0.04681791
203.525,149,142.51,0.04069395
208.55,149,142.63,0.03422258
213.575,149,142.74,0.02788596
218.6,149,142.85,0.02254902
223.625,149,142.96,0.01886494
228.65,149,143.05,0.01690779
233.675,149,143.13,0.0162573
238.7,149,143.19,0.01582852
243.725,149,143.2,0.01483959
248.75,149,143.18,0.01308865
253.775,149,143.22,0.0108003
258.8,149,143.3,0.008430931
263.825,149,143.37,0.00658144
268.85,149,143.42,0.006158867
273.875,149,143.44,0.007608481
278.9,149,143.46,0.009756012
283.925,149,143.49,0.01205733
288.95,149,143.5,0.01406232
293.975,149,143.51,0.01563968
299,149,143.52,0.01701924
304.025,149,143.48,0.01808432
309.05,149,143.44,0.01881584
314.075,149,143.44,0.01924307
319.1,149,143.49,0.01940095
324.125,149,143.56,0.01925986
329.15,149,143.62,0.01872331
334.175,149,143.67,0.01773029
339.2,149,143.72,0.01621926
344.225,149,143.76,0.01438038
349.25,149,143.79,0.01270769
354.275,149,143.81,0.01150357
359.3,149,143.83,0.01085478
364.325,149,143.83,0.01068845
369.35,149,143.8,0.01097371
374.375,149,143.79,0.01179539
379.4,149,143.8,0.01321106
384.425,149,143.82,0.01504203
389.45,149,143.85,0.01715182
394.475,149,143.85,0.01945244
399.5,149,143.83,0.02171618
404.525,149,143.81,0.02397132
409.55,149,143.83,0.02617138
414.575,149,143.87,0.02830852
419.6,149,143.92,0.0303374
424.625,149,143.91,0.03228625
429.65,149,143.88,0.03400923
434.675,149,143.94,0.03545679
439.7,149,144.02,0.03666003
444.725,149,144.11,0.03774197
449.75,149,144.2,0.03908114
454.775,149,144.27,0.04086369
459.8,149,144.31,0.04331659
464.825,149,144.31,0.04672224
469.85,149,144.42,0.0512634
474.875,149,144.71,0.05685347
479.9,149,145.08,0.06246031
484.925,149,145.44,0.06653731
489.95,149,145.82,0.06788473
494.975,149,146.15,0.06559873
500,149,146.46,0.06063649
505.025,149,146.75,0.05467636
510.05,149,147.03,0.04915529
515.075,149,147.29,0.04570303
520.1,149,147.5,0.04483197
525.125,149,147.67,0.04666351
530.15,149,147.81,0.05004323
535.175,149,147.92,0.05321743
540.2,149,148.1,0.05517602
545.225,149,148.44,0.0558607
550.25,149,148.86,0.05557812
555.275,149,149.25,0.05444051
560.3,149,149.57,0.05215333
565.325,149,149.81,0.04885037
570.35,149,150,0.04523673
575.375,149,150.17,0.04205237
580.4,149,150.34,0.04004259
585.425,149,150.49,0.03908921
590.45,149,150.64,0.03883559
595.475,149,150.78,0.03915967
600.5,149,150.93,0.03981941
605.525,149,151.02,0.04065252
610.55,149,151.07,0.04126604
615.575,149,151.19,0.04168246
620.6,149,151.37,0.04218008
625.625,149,151.55,0.04267921
630.65,149,151.73,0.04326547
635.675,149,151.91,0.04388704
640.7,149,152.08,0.04428853
645.725,149,152.23,0.04435868
650.75,149,152.4,0.04432443
655.775,149,152.56,0.04418142
660.8,149,152.71,0.04385619
665.825,149,152.85,0.04361943
670.85,149,153,0.04382201
675.875,149,153.19,0.04452125
680.9,149,153.35,0.04562882
685.925,149,153.47,0.04705595
690.95,149,153.6,0.0487517
695.975,149,153.8,0.05037302
701,149,154.05,0.05166266
706.025,149,154.24,0.05280971
711.05,149,154.37,0.05365687
716.075,149,154.52,0.05390799
721.1,149,154.66,0.05365892
726.125,149,154.74,0.05327803
731.15,149,154.79,0.05256153
736.175,149,154.95,0.05120974
741.2,149,155.09,0.04911059
746.225,149,155.15,0.04606748
751.25,149,155.19,0.04226779
756.275,149,155.24,0.03840163
761.3,149,155.3,0.03545023
766.325,149,155.32,0.03399839
771.35,149,155.32,0.03342344
776.375,149,155.29,0.03242209
781.4,149,155.26,0.03579484
786.425,149,155.52,0.05147114
791.45,149,155.87,0.07882238
796.475,149,155.74,0.1139965
801.5,149,154.86,0.1543151
806.525,149,153.51,0.1977121
811.55,149,152.14,0.2402006
816.575,149,150.78,0.2759032
821.6,149,149.37,0.2985424
826.625,149,147.8,0.304692
831.65,149,146.11,0.2986992
836.675,149,144.46,0.2863454
841.7,149,142.87,0.269764
846.725,149,141.59,0.2511735
851.75,149,140.67,0.2332035
856.775,149,140.24,0.2176292
861.8,149,139.68,0.206193
866.825,149,138.86,0.1974399
871.85,149,138.05,0.1890509
876.875,149,137.01,0.1797953
881.9,149,136.02,0.1671665
886.925,149,135.11,0.1513905
891.95,149,134.39,0.1351104
896.975,149,134.18,0.1201238
902,149,133.96,0.106817
907.025,149,133.61,0.09597316
912.05,149,133.27,0.08842638
917.075,149,132.85,0.08438667
922.1,149,132.44,0.08388177
927.125,149,132.01,0.08768363
932.15,149,131.6,0.09490907
937.175,149,131.28,0.1032106
942.2,149,130.96,0.111091
947.225,149,130.42,0.1176341
952.25,149,129.59,0.1223144
957.275,149,128.67,0.1248018
962.3,149,127.96,0.12485
967.325,149,127.49,0.12188
972.35,149,127.04,0.1159696
977.375,149,126.59,0.1083413
982.4,149,126.13,0.1023173
987.425,149,125.7,0.09924977
992.45,149,125.29,0.09680798
997.475,149,124.89,0.09327137
1002.5,149,124.47,0.08782297
-2.5,154.05,138.62,0.1262749
2.525,154.05,138.74,0.1109269
7.55,154.05,138.76,0.09912847
12.575,154.05,138.78,0.0898979
17.6,154.05,138.84,0.08124825
22.625,154.05,138.91,0.07357842
27.65,154.05,138.97,0.06663577
32.675,154.05,139.02,0.06094615
37.7,154.05,139.04,0.05663089
42.725,154.05,139.05,0.05374084
47.75,154.05,139.01,0.05272337
52.775,154.05,138.96,0.05493607
57.8,154.05,138.84,0.062756
62.825,154.05,138.71,0.07690266
67.85,154.05,138.83,0.09294902
72.875,154.05,138.49,0.1045905
77.9,154.05,137.71,0.1119211
82.925,154.05,137.09,0.1108465
87.95,154.05,136.59,0.1020467
92.975,154.05,136.13,0.09037553
98,154.05,135.43,0.07735938
103.025,154.05,135.09,0.06630635
108.05,154.05,135.28,0.05895789
113.075,154.05,136.78,0.05567797
118.1,154.05,137.72,0.05730361
123.125,154.05,138.39,0.06253383
128.15,154.05,138.18,0.06658448
133.175,154.05,138.09,0.06788746
138.2,154.05,138.7,0.06665419
143.225,154.05,139.31,0.06395496
148.25,154.05,139.35,0.06182867
153.275,154.05,139.34,0.0589676
158.3,154.05,139.66,0.05630235
163.325,154.05,139.99,0.05333331
168.35,154.05,140.31,0.05319117
173.375,154.05,140.63,0.05632485
178.4,154.05,140.93,0.05947918
183.425,154.05,141.25,0.05968711
188.45,154.05,141.63,0.05736586
193.475,154.05,141.99,0.05358096
198.5,154.05,142.29,0.04857895
203.525,154.05,142.52,0.0428281
208.55,154.05,142.61,0.03660936
213.575,154.05,142.69,0.0304845
218.6,154.05,142.8,0.02529114
223.625,154.05,142.9,0.02158548
228.65,154.05,142.99,0.01948202
233.675,154.05,143.07,0.01867441
238.7,154.05,143.13,0.01805354
243.725,154.05,143.16,0.01673945
248.75,154.05,143.14,0.01447879
253.775,154.05,143.15,0.01140451
258.8,154.05,143.22,0.008230426
263.825,154.05,143.3,0.006016952
268.85,154.05,143.35,0.006234453
273.875,154.05,143.37,0.008572466
278.9,154.05,143.4,0.01157148
283.925,154.05,143.42,0.01465202
288.95,154.05,143.43,0.0173982
293.975,154.05,143.43,0.01920995
299,154.05,143.42,0.02031699
304.025,154.05,143.38,0.02105007
309.05,154.05,143.32,0.02151405
314.075,154.05,143.31,0.02173939
319.1,154.05,143.37,0.02175693
324.125,154.05,143.45,0.02158785
329.15,154.05,143.52,0.02104619
334.175,154.05,143.58,0.01994864
339.2,154.05,143.63,0.01829813
344.225,154.05,143.67,0.01623489
349.25,154.05,143.71,0.01428167
354.275,154.05,143.75,0.01288339
359.3,154.05,143.79,0.01217313
364.325,154.05,143.8,0.01212159
369.35,154.05,143.76,0.01269751
374.375,154.05,143.72,0.01393316
379.4,154.05,143.72,0.01583341
384.425,154.05,143.74,0.01822831
389.45,154.05,143.76,0.02094783
394.475,154.05,143.77,0.02381996
399.5,154.05,143.75,0.02674615
404.525,154.05,143.72,0.02972443
409.55,154.05,143.71,0.03266072
414.575,154.05,143.75,0.03536846
419.6,154.05,143.82,0.03785463
424.625,154.05,143.84,0.04014516
429.65,154.05,143.76,0.0422118
434.675,154.05,143.77,0.04389637
439.7,154.05,143.89,0.0450555
444.725,154.05,144.01,0.04583943
449.75,154.05,144.08,0.04674553
454.775,154.05,144.14,0.04830515
459.8,154.05,144.18,0.05045501
464.825,154.05,144.19,0.05337536
469.85,154.05,144.28,0.05715907
474.875,154.05,144.54,0.06164389
479.9,154.05,144.93,0.06621601
484.925,154.05,145.34,0.06962192
489.95,154.05,145.73,0.07089703
494.975,154.05,146.12,0.06956923
500,154.05,146.47,0.06569648
505.025,154.05,146.78,0.06058905
510.05,154.05,147.04,0.0552788
515.075,154.05,147.31,0.05105127
520.1,154.05,147.56,0.04907296
525.125,154.05,147.76,0.04963835
530.15,154.05,147.9,0.05207508
535.175,154.05,148.05,0.05455954
540.2,154.05,148.22,0.05615882
545.225,154.05,148.51,0.05663153
550.25,154.05,148.95,0.05610246
555.275,154.05,149.34,0.05462929
560.3,154.05,149.6,0.05212535
565.325,154.05,149.81,0.04881732
570.35,154.05,150,0.04534003
575.375,154.05,150.18,0.04234111
580.4,154.05,150.35,0.04023834
585.425,154.05,150.53,0.03909442
590.45,154.05,150.71,0.03849755
595.475,154.05,150.88,0.03829395
600.5,154.05,151.06,0.03842214
605.525,154.05,151.2,0.03877001
610.55,154.05,151.24,0.03899611
615.575,154.05,151.32,0.03904181
620.6,154.05,151.51,0.03934434
625.625,154.05,151.7,0.03993491
630.65,154.05,151.88,0.04082919
635.675,154.05,152.06,0.04175211
640.7,154.05,152.23,0.04229563
645.725,154.05,152.38,0.0423705
650.75,154.05,152.56,0.04223554
655.775,154.05,152.75,0.0419041
660.8,154.05,152.92,0.04144182
665.825,154.05,153.08,0.0411067
670.85,154.05,153.2,0.041052
675.875,154.05,153.33,0.04136081
680.9,154.05,153.48,0.04197597
685.925,154.05,153.59,0.0428707
690.95,154.05,153.74,0.04388825
695.975,154.05,153.9,0.04475057
701,154.05,154.11,0.0452462
706.025,154.05,154.28,0.04541425
711.05,154.05,154.44,0.04527325
716.075,154.05,154.57,0.04467846
721.1,154.05,154.72,0.04375315
726.125,154.05,154.83,0.0428646
731.15,154.05,154.94,0.04187249
736.175,154.05,155.02,0.0404848
741.2,154.05,155.14,0.03866993
746.225,154.05,155.23,0.03634199
751.25,154.05,155.3,0.03343749
756.275,154.05,155.33,0.03055821
761.3,154.05,155.37,0.02886296
766.325,154.05,155.39,0.02881737
771.35,154.05,155.4,0.02962004
776.375,154.05,155.4,0.02951883
781.4,154.05,155.39,0.03245422
786.425,154.05,155.6,0.04669319
791.45,154.05,156.17,0.0726116
796.475,154.05,156.13,0.1068158
801.5,154.05,155.2,0.1469919
806.525,154.05,153.92,0.190706
811.55,154.05,152.68,0.2343322
816.575,154.05,151.36,0.2716168
821.6,154.05,149.97,0.2966245
826.625,154.05,148.44,0.3062288
831.65,154.05,146.7,0.3030377
836.675,154.05,144.99,0.2921977
841.7,154.05,143.42,0.2768297
846.725,154.05,142.07,0.2584538
851.75,154.05,141.24,0.2404093
856.775,154.05,140.51,0.2249634
861.8,154.05,139.76,0.2133337
866.825,154.05,138.91,0.2050919
871.85,154.05,138.23,0.1971295
876.875,154.05,137.48,0.1876372
881.9,154.05,136.6,0.1746235
886.925,154.05,135.75,0.1575061
891.95,154.05,134.97,0.139594
896.975,154.05,134.45,0.1235999
902,154.05,134.16,0.1102138
907.025,154.05,133.82,0.09951352
912.05,154.05,133.48,0.09190075
917.075,154.05,133.14,0.08744124
922.1,154.05,132.74,0.08628615
927.125,154.05,132.32,0.08908774
932.15,154.05,131.86,0.09581468
937.175,154.05,131.43,0.1040666
942.2,154.05,131.06,0.1119481
947.225,154.05,130.52,0.1186319
952.25,154.05,129.61,0.1234174
957.275,154.05,128.73,0.1257588
962.3,154.05,128.08,0.1253888
967.325,154.05,127.61,0.1221963
972.35,154.05,127.18,0.1163045
977.375,154.05,126.75,0.1091312
982.4,154.05,126.3,0.1033008
987.425,154.05,125.88,0.1005655
992.45,154.05,125.49,0.09870892
997.475,154.05,125.09,0.0967008
1002.5,154.05,124.66,0.09341756
-2.5,159.1,139.13,0.1056176
2.525,159.1,139.19,0.09300729
7.55,159.1,139.17,0.08397557
12.575,159.1,139.14,0.07705866
17.6,159.1,139.17,0.07094355
22.625,159.1,139.22,0.06572591
27.65,159.1,139.26,0.06107246
32.675,159.1,139.29,0.05721706
37.7,159.1,139.32,0.05442556
42.725,159.1,139.33,0.05263573
47.75,159.1,139.28,0.05196972
52.775,159.1,139.2,0.05378563
57.8,159.1,139.06,0.05934562
62.825,159.1,138.96,0.07101136
67.85,159.1,139.17,0.08673344
72.875,159.1,139.11,0.1008236
77.9,159.1,138.29,0.1100097
82.925,159.1,137.57,0.1133175
87.95,159.1,137.53,0.1080805
92.975,159.1,137.46,0.09960087
98,159.1,136.92,0.0892583
103.025,159.1,135.44,0.0766395
108.05,159.1,135.28,0.06337485
113.075,159.1,136.25,0.05511575
118.1,159.1,137.51,0.05465075
123.125,159.1,138.41,0.05644174
128.15,159.1,138.44,0.05959751
133.175,159.1,138.2,0.06227597
138.2,159.1,138.68,0.06305245
143.225,159.1,139.46,0.06365462
148.25,159.1,139.59,0.06298475
153.275,159.1,139.45,0.06081121
158.3,159.1,139.63,0.05519881
163.325,159.1,139.95,0.05169628
168.35,159.1,140.26,0.05106486
173.375,159.1,140.56,0.05497686
178.4,159.1,140.85,0.05851034
183.425,159.1,141.15,0.05951206
188.45,159.1,141.52,0.05812721
193.475,159.1,141.89,0.05507863
198.5,159.1,142.2,0.05091174
203.525,159.1,142.44,0.04569828
208.55,159.1,142.57,0.04004704
213.575,159.1,142.63,0.03452062
218.6,159.1,142.72,0.02980882
223.625,159.1,142.82,0.02615558
228.65,159.1,142.89,0.02372552
233.675,159.1,142.96,0.02250513
238.7,159.1,143.02,0.02148473
243.725,159.1,143.07,0.01968795
248.75,159.1,143.11,0.0169957
253.775,159.1,143.15,0.01349126
258.8,159.1,143.22,0.01004052
263.825,159.1,143.29,0.008120435
268.85,159.1,143.31,0.008839794
273.875,159.1,143.3,0.01160212
278.9,159.1,143.31,0.01483418
283.925,159.1,143.32,0.01806362
288.95,159.1,143.33,0.02086201
293.975,159.1,143.32,0.02272152
299,159.1,143.3,0.02358094
304.025,159.1,143.26,0.02386446
309.05,159.1,143.21,0.02390938
314.075,159.1,143.19,0.02392382
319.1,159.1,143.25,0.02384123
324.125,159.1,143.33,0.02366229
329.15,159.1,143.41,0.02320099
334.175,159.1,143.49,0.02215978
339.2,159.1,143.54,0.02042857
344.225,159.1,143.59,0.01820629
349.25,159.1,143.64,0.01602929
354.275,159.1,143.69,0.01443983
359.3,159.1,143.73,0.01366843
364.325,159.1,143.75,0.01380015
369.35,159.1,143.71,0.01478681
374.375,159.1,143.67,0.01658253
379.4,159.1,143.65,0.01908267
384.425,159.1,143.65,0.02210638
389.45,159.1,143.65,0.02538164
394.475,159.1,143.64,0.02877963
399.5,159.1,143.61,0.03226772
404.525,159.1,143.57,0.03577517
409.55,159.1,143.55,0.039161
414.575,159.1,143.56,0.04221154
419.6,159.1,143.62,0.04493311
424.625,159.1,143.66,0.04741066
429.65,159.1,143.59,0.04957623
434.675,159.1,143.55,0.05135961
439.7,159.1,143.65,0.05250066
444.725,159.1,143.78,0.05307557
449.75,159.1,143.87,0.05365967
454.775,159.1,143.93,0.05497693
459.8,159.1,143.95,0.05711451
464.825,159.1,143.98,0.05987885
469.85,159.1,144.1,0.06343276
474.875,159.1,144.37,0.0673861
479.9,159.1,144.77,0.071167
484.925,159.1,145.19,0.07387665
489.95,159.1,145.61,0.07477754
494.975,159.1,146,0.07358936
500,159.1,146.37,0.07046822
505.025,159.1,146.71,0.06612043
510.05,159.1,147.01,0.06138777
515.075,159.1,147.29,0.05701326
520.1,159.1,147.54,0.05426631
525.125,159.1,147.77,0.05383386
530.15,159.1,147.96,0.05510939
535.175,159.1,148.13,0.05672168
540.2,159.1,148.32,0.0575869
545.225,159.1,148.57,0.05758755
550.25,159.1,148.99,0.05661435
555.275,159.1,149.4,0.05455914
560.3,159.1,149.65,0.0517112
565.325,159.1,149.84,0.04845094
570.35,159.1,150.02,0.04527215
575.375,159.1,150.21,0.04279675
580.4,159.1,150.39,0.04114229
585.425,159.1,150.57,0.0400095
590.45,159.1,150.78,0.03910102
595.475,159.1,151,0.03833918
600.5,159.1,151.2,0.03776338
605.525,159.1,151.36,0.03737392
610.55,159.1,151.41,0.03704878
615.575,159.1,151.46,0.03670408
620.6,159.1,151.62,0.0367141
625.625,159.1,151.82,0.03730849
630.65,159.1,152,0.03854316
635.675,159.1,152.18,0.0398729
640.7,159.1,152.34,0.04056568
645.725,159.1,152.5,0.04060252
650.75,159.1,152.69,0.0403869
655.775,159.1,152.89,0.03990109
660.8,159.1,153.07,0.03933491
665.825,159.1,153.23,0.03889933
670.85,159.1,153.36,0.03878411
675.875,159.1,153.48,0.03893082
680.9,159.1,153.59,0.0393164
685.925,159.1,153.7,0.03995443
690.95,159.1,153.86,0.04072915
695.975,159.1,154.04,0.04129376
701,159.1,154.21,0.04139111
706.025,159.1,154.37,0.04101331
711.05,159.1,154.53,0.04027938
716.075,159.1,154.68,0.03909056
721.1,159.1,154.82,0.03764397
726.125,159.1,154.95,0.03624878
731.15,159.1,155.05,0.0349002
736.175,159.1,155.14,0.03330347
741.2,159.1,155.24,0.03147727
746.225,159.1,155.32,0.02941152
751.25,159.1,155.39,0.02724732
756.275,159.1,155.44,0.02514708
761.3,159.1,155.46,0.02415744
766.325,159.1,155.48,0.02515139
771.35,159.1,155.49,0.02728551
776.375,159.1,155.5,0.02788885
781.4,159.1,155.5,0.02967447
786.425,159.1,155.67,0.04138747
791.45,159.1,156.22,0.06520418
796.475,159.1,156.36,0.09800892
801.5,159.1,155.5,0.137574
806.525,159.1,154.33,0.1814855
811.55,159.1,153.24,0.2260089
816.575,159.1,152.1,0.2649577
821.6,159.1,150.75,0.2920333
826.625,159.1,149.24,0.3047953
831.65,159.1,147.49,0.3054885
836.675,159.1,145.71,0.297647
841.7,159.1,144.11,0.284097
846.725,159.1,142.7,0.2667856
851.75,159.1,141.78,0.2483502
856.775,159.1,141.07,0.2324882
861.8,159.1,140.19,0.2203573
866.825,159.1,139.3,0.2120491
871.85,159.1,138.56,0.2048563
876.875,159.1,137.86,0.1954898
881.9,159.1,137.08,0.182177
886.925,159.1,136.25,0.1645077
891.95,159.1,135.44,0.1452101
896.975,159.1,134.8,0.1277402
902,159.1,134.38,0.1131788
907.025,159.1,134.03,0.1019183
912.05,159.1,133.69,0.09412755
917.075,159.1,133.34,0.08942659
922.1,159.1,132.96,0.0879521
927.125,159.1,132.55,0.0902263
932.15,159.1,132.1,0.0960931
937.175,159.1,131.64,0.1039522
942.2,159.1,131.22,0.1117396
947.225,159.1,130.7,0.1185171
952.25,159.1,129.83,0.1236388
957.275,159.1,128.92,0.1263434
962.3,159.1,128.3,0.1262401
967.325,159.1,127.81,0.1233331
972.35,159.1,127.36,0.1178642
977.375,159.1,126.94,0.111218
982.4,159.1,126.5,0.1057689
987.425,159.1,126.07,0.1030783
992.45,159.1,125.66,0.1013619
997.475,159.1,125.25,0.1001443
1002.5,159.1,124.81,0.09861958
-2.5,164.15,139.55,0.08748453
2.525,164.15,139.59,0.07875003
7.55,164.15,139.55,0.07286015
12.575,164.15,139.48,0.06807858
17.6,164.15,139.48,0.0638037
22.625,164.15,139.51,0.06032255
27.65,164.15,139.53,0.05746275
32.675,164.15,139.55,0.05502646
37.7,164.15,139.57,0.05314398
42.725,164.15,139.59,0.05195824
47.75,164.15,139.55,0.05173589
52.775,164.15,139.47,0.05342658
57.8,164.15,139.34,0.05809826
62.825,164.15,139.13,0.06559499
67.85,164.15,139.29,0.07829273
72.875,164.15,139.5,0.0921942
77.9,164.15,138.91,0.1044918
82.925,164.15,138.12,0.1121446
87.95,164.15,138.02,0.1115269
92.975,164.15,138.29,0.1062768
98,164.15,138,0.09860807
103.025,164.15,137.24,0.08755417
108.05,164.15,136.24,0.07489578
113.075,164.15,136.49,0.0642169
118.1,164.15,136.51,0.05672326
123.125,164.15,137.03,0.05244936
128.15,164.15,137.03,0.05100972
133.175,164.15,137.56,0.05059441
138.2,164.15,138.67,0.05335143
143.225,164.15,139.77,0.05823283
148.25,164.15,140.09,0.06312624
153.275,164.15,139.76,0.06488348
158.3,164.15,139.68,0.06115808
163.325,164.15,139.89,0.05471327
168.35,164.15,140.19,0.05435146
173.375,164.15,140.48,0.05709741
178.4,164.15,140.75,0.06045464
183.425,164.15,141.01,0.06172849
188.45,164.15,141.35,0.06008008
193.475,164.15,141.74,0.05677306
198.5,164.15,142.06,0.05305868
203.525,164.15,142.33,0.04870711
208.55,164.15,142.47,0.04372775
213.575,164.15,142.54,0.03905494
218.6,164.15,142.63,0.03504856
223.625,164.15,142.68,0.03169313
228.65,164.15,142.75,0.02904627
233.675,164.15,142.82,0.02734125
238.7,164.15,142.91,0.02600335
243.725,164.15,143.06,0.02388186
248.75,164.15,143.18,0.02107636
253.775,164.15,143.24,0.01800684
258.8,164.15,143.32,0.01511431
263.825,164.15,143.29,0.01384679
268.85,164.15,143.27,0.01458931
273.875,164.15,143.22,0.01687732
278.9,164.15,143.21,0.01977523
283.925,164.15,143.21,0.02250927
288.95,164.15,143.2,0.0248286
293.975,164.15,143.19,0.02623418
299,164.15,143.17,0.02669644
304.025,164.15,143.12,0.0265223
309.05,164.15,143.07,0.02614461
314.075,164.15,143.06,0.02584358
319.1,164.15,143.13,0.02565409
324.125,164.15,143.22,0.0254376
329.15,164.15,143.32,0.02506188
334.175,164.15,143.41,0.02417764
339.2,164.15,143.47,0.02255836
344.225,164.15,143.51,0.02033646
349.25,164.15,143.57,0.01800565
354.275,164.15,143.63,0.01626994
359.3,164.15,143.67,0.01550297
364.325,164.15,143.7,0.01585399
369.35,164.15,143.68,0.01733691
374.375,164.15,143.61,0.01977668
379.4,164.15,143.57,0.02294201
384.425,164.15,143.54,0.02652725
389.45,164.15,143.51,0.03030295
394.475,164.15,143.49,0.03410463
399.5,164.15,143.43,0.03794701
404.525,164.15,143.35,0.04165589
409.55,164.15,143.29,0.04512888
414.575,164.15,143.3,0.04813546
419.6,164.15,143.33,0.05076944
424.625,164.15,143.36,0.05315159
429.65,164.15,143.28,0.05521029
434.675,164.15,143.22,0.05681879
439.7,164.15,143.31,0.05782609
444.725,164.15,143.44,0.05824329
449.75,164.15,143.51,0.05878895
454.775,164.15,143.59,0.06012346
459.8,164.15,143.66,0.06242332
464.825,164.15,143.75,0.06542885
469.85,164.15,143.9,0.06912696
474.875,164.15,144.2,0.0731689
479.9,164.15,144.6,0.07673794
484.925,164.15,145.01,0.07913832
489.95,164.15,145.42,0.07974595
494.975,164.15,145.84,0.07845712
500,164.15,146.22,0.07564063
505.025,164.15,146.56,0.07174614
510.05,164.15,146.88,0.06749569
515.075,164.15,147.2,0.06329016
520.1,164.15,147.49,0.0601065
525.125,164.15,147.77,0.05889518
530.15,164.15,148.01,0.0592119
535.175,164.15,148.22,0.0598864
540.2,164.15,148.43,0.05988713
545.225,164.15,148.66,0.05901902
550.25,164.15,149.04,0.05722816
555.275,164.15,149.45,0.05449125
560.3,164.15,149.71,0.05113849
565.325,164.15,149.88,0.0478448
570.35,164.15,150.06,0.04512184
575.375,164.15,150.25,0.04329355
580.4,164.15,150.43,0.04236318
585.425,164.15,150.64,0.04145206
590.45,164.15,150.88,0.0402419
595.475,164.15,151.13,0.03885981
600.5,164.15,151.36,0.03754115
605.525,164.15,151.5,0.03640343
610.55,164.15,151.55,0.03532549
615.575,164.15,151.58,0.03446095
620.6,164.15,151.72,0.03419422
625.625,164.15,151.9,0.03481704
630.65,164.15,152.09,0.03631177
635.675,164.15,152.27,0.03812925
640.7,164.15,152.43,0.0390469
645.725,164.15,152.59,0.03902869
650.75,164.15,152.77,0.0385928
655.775,164.15,152.99,0.03800578
660.8,164.15,153.17,0.03727764
665.825,164.15,153.33,0.03677243
670.85,164.15,153.46,0.03658904
675.875,164.15,153.59,0.03678528
680.9,164.15,153.7,0.03722577
685.925,164.15,153.81,0.03789507
690.95,164.15,153.96,0.0386888
695.975,164.15,154.15,0.03929529
701,164.15,154.32,0.03935758
706.025,164.15,154.48,0.03880262
711.05,164.15,154.65,0.03772115
716.075,164.15,154.81,0.03623009
721.1,164.15,154.96,0.0345786
726.125,164.15,155.07,0.03290827
731.15,164.15,155.17,0.03115133
736.175,164.15,155.27,0.02930093
741.2,164.15,155.37,0.0273658
746.225,164.15,155.44,0.02534478
751.25,164.15,155.5,0.02335013
756.275,164.15,155.54,0.02173438
761.3,164.15,155.56,0.02107955
766.325,164.15,155.57,0.02262073
771.35,164.15,155.58,0.02579972
776.375,164.15,155.6,0.02718042
781.4,164.15,155.6,0.0276597
786.425,164.15,155.79,0.03596166
791.45,164.15,156.29,0.05675488
796.475,164.15,156.59,0.08759634
801.5,164.15,155.89,0.1260545
806.525,164.15,154.82,0.1696806
811.55,164.15,153.87,0.2146433
816.575,164.15,152.88,0.2550779
821.6,164.15,151.62,0.2840235
826.625,164.15,150.14,0.2996906
831.65,164.15,148.43,0.3044789
836.675,164.15,146.57,0.3007144
841.7,164.15,144.91,0.2899181
846.725,164.15,143.55,0.2742294
851.75,164.15,142.63,0.2561894
856.775,164.15,141.84,0.2393799
861.8,164.15,140.91,0.2261335
866.825,164.15,139.88,0.2166
871.85,164.15,139.1,0.2098339
876.875,164.15,138.35,0.2016195
881.9,164.15,137.49,0.1888521
886.925,164.15,136.63,0.1712967
891.95,164.15,135.79,0.1511959
896.975,164.15,135.08,0.1322108
902,164.15,134.61,0.1162659
907.025,164.15,134.22,0.1036238
912.05,164.15,133.86,0.09507165
917.075,164.15,133.51,0.09018718
922.1,164.15,133.12,0.08856733
927.125,164.15,132.75,0.09077241
932.15,164.15,132.32,0.09600024
937.175,164.15,131.85,0.1031141
942.2,164.15,131.42,0.1104954
947.225,164.15,130.93,0.1171795
952.25,164.15,130.17,0.1225907
957.275,164.15,129.24,0.12599
962.3,164.15,128.58,0.1265862
967.325,164.15,128.05,0.1245448
972.35,164.15,127.59,0.1201029
977.375,164.15,127.14,0.1143699
982.4,164.15,126.7,0.1095723
987.425,164.15,126.23,0.1070463
992.45,164.15,125.77,0.1053286
997.475,164.15,125.35,0.1045907
1002.5,164.15,124.91,0.1046162
-2.5,169.2,139.85,0.07407726
2.525,169.2,139.88,0.06842359
7.55,169.2,139.87,0.06492107
12.575,169.2,139.8,0.06204686
17.6,169.2,139.78,0.05925042
22.625,169.2,139.78,0.05701591
27.65,169.2,139.78,0.0552903
32.675,169.2,139.78,0.05382637
37.7,169.2,139.79,0.05269019
42.725,169.2,139.81,0.05169093
47.75,169.2,139.8,0.0514269
52.775,169.2,139.73,0.05307629
57.8,169.2,139.63,0.05727005
62.825,169.2,139.47,0.06326158
67.85,169.2,139.29,0.07057671
72.875,169.2,139.45,0.08180712
77.9,169.2,139.26,0.09508883
82.925,169.2,138.79,0.1069759
87.95,169.2,138.42,0.1104053
92.975,169.2,138.52,0.109413
98,169.2,138.47,0.1038093
103.025,169.2,137.83,0.09663143
108.05,169.2,137.33,0.0865129
113.075,169.2,136.86,0.07486666
118.1,169.2,136.48,0.06189414
123.125,169.2,136.23,0.05107977
128.15,169.2,136.64,0.04482328
133.175,169.2,137.29,0.04035281
138.2,169.2,138.46,0.04046552
143.225,169.2,139.9,0.04831509
148.25,169.2,140.41,0.05654089
153.275,169.2,140.03,0.06314668
158.3,169.2,139.87,0.06538792
163.325,169.2,140.01,0.06252643
168.35,169.2,140.1,0.06196208
173.375,169.2,140.37,0.06330477
178.4,169.2,140.62,0.06571538
183.425,169.2,140.87,0.06595417
188.45,169.2,141.15,0.06318584
193.475,169.2,141.49,0.05936952
198.5,169.2,141.82,0.05503996
203.525,169.2,142.11,0.05117391
208.55,169.2,142.33,0.04730185
213.575,169.2,142.43,0.043275
218.6,169.2,142.51,0.04006899
223.625,169.2,142.55,0.03746492
228.65,169.2,142.54,0.03515991
233.675,169.2,142.65,0.03326188
238.7,169.2,142.82,0.03157517
243.725,169.2,143.04,0.02941731
248.75,169.2,143.33,0.02689599
253.775,169.2,143.5,0.0246657
258.8,169.2,143.58,0.02278237
263.825,169.2,143.44,0.02195766
268.85,169.2,143.18,0.02265136
273.875,169.2,143.12,0.02428392
278.9,169.2,143.1,0.02632909
283.925,169.2,143.09,0.02812192
288.95,169.2,143.06,0.02928782
293.975,169.2,143.04,0.02985809
299,169.2,143.01,0.02974458
304.025,169.2,142.95,0.02908802
309.05,169.2,142.9,0.02833817
314.075,169.2,142.9,0.02778487
319.1,169.2,142.98,0.02744616
324.125,169.2,143.11,0.02714562
329.15,169.2,143.24,0.02675587
334.175,169.2,143.34,0.02603491
339.2,169.2,143.41,0.02462678
344.225,169.2,143.46,0.02257468
349.25,169.2,143.51,0.02032272
354.275,169.2,143.56,0.01851768
359.3,169.2,143.61,0.01782989
364.325,169.2,143.64,0.01848081
369.35,169.2,143.64,0.02046677
374.375,169.2,143.58,0.02350134
379.4,169.2,143.5,0.02726288
384.425,169.2,143.43,0.03135804
389.45,169.2,143.35,0.03547973
394.475,169.2,143.29,0.03944284
399.5,169.2,143.2,0.04323492
404.525,169.2,143.1,0.04682249
409.55,169.2,142.98,0.04993129
414.575,169.2,142.91,0.05250342
419.6,169.2,142.91,0.05468344
424.625,169.2,142.9,0.05659627
429.65,169.2,142.83,0.05824605
434.675,169.2,142.74,0.05953368
439.7,169.2,142.8,0.06039592
444.725,169.2,142.93,0.06082451
449.75,169.2,143.02,0.06139297
454.775,169.2,143.1,0.06301083
459.8,169.2,143.24,0.065762
464.825,169.2,143.43,0.06922305
469.85,169.2,143.69,0.0733722
474.875,169.2,144.01,0.07785063
479.9,169.2,144.42,0.08180148
484.925,169.2,144.82,0.08435225
489.95,169.2,145.18,0.08507821
494.975,169.2,145.59,0.08389202
500,169.2,145.99,0.08122858
505.025,169.2,146.34,0.07756537
510.05,169.2,146.66,0.07360804
515.075,169.2,147,0.06977588
520.1,169.2,147.35,0.06642711
525.125,169.2,147.7,0.06465405
530.15,169.2,148.04,0.0643233
535.175,169.2,148.32,0.06416175
540.2,169.2,148.59,0.06329157
545.225,169.2,148.85,0.0614018
550.25,169.2,149.14,0.05860003
555.275,169.2,149.5,0.05497563
560.3,169.2,149.76,0.050939
565.325,169.2,149.93,0.04740597
570.35,169.2,150.09,0.04496162
575.375,169.2,150.27,0.0437918
580.4,169.2,150.45,0.0435408
585.425,169.2,150.68,0.04298434
590.45,169.2,150.98,0.04149363
595.475,169.2,151.26,0.03953025
600.5,169.2,151.52,0.03751512
605.525,169.2,151.64,0.03566231
610.55,169.2,151.62,0.03391837
615.575,169.2,151.66,0.03246327
620.6,169.2,151.78,0.03185731
625.625,169.2,151.96,0.03247394
630.65,169.2,152.14,0.03424616
635.675,169.2,152.31,0.03647299
640.7,169.2,152.49,0.03782305
645.725,169.2,152.66,0.0377914
650.75,169.2,152.82,0.03718128
655.775,169.2,153.01,0.0363974
660.8,169.2,153.2,0.03553772
665.825,169.2,153.37,0.03498435
670.85,169.2,153.52,0.03484839
675.875,169.2,153.65,0.03515753
680.9,169.2,153.77,0.03586779
685.925,169.2,153.9,0.03681419
690.95,169.2,154.05,0.03778513
695.975,169.2,154.23,0.03851953
701,169.2,154.41,0.03863984
706.025,169.2,154.58,0.03805911
711.05,169.2,154.75,0.03679953
716.075,169.2,154.92,0.03516116
721.1,169.2,155.07,0.03340505
726.125,169.2,155.19,0.03157993
731.15,169.2,155.27,0.02955851
736.175,169.2,155.37,0.02739216
741.2,169.2,155.47,0.02531161
746.225,169.2,155.55,0.02324138
751.25,169.2,155.59,0.02128209
756.275,169.2,155.62,0.01978029
761.3,169.2,155.64,0.01925218
766.325,169.2,155.65,0.02095225
771.35,169.2,155.66,0.02490802
776.375,169.2,155.68,0.02686835
781.4,169.2,155.68,0.02615306
786.425,169.2,156.01,0.03032359
791.45,169.2,156.57,0.04713564
796.475,169.2,156.82,0.07549072
801.5,169.2,156.33,0.1122749
806.525,169.2,155.42,0.1550728
811.55,169.2,154.58,0.199906
816.575,169.2,153.66,0.2412581
821.6,169.2,152.48,0.2723982
826.625,169.2,151,0.2902803
831.65,169.2,149.45,0.298591
836.675,169.2,147.71,0.2993074
841.7,169.2,145.99,0.2924649
846.725,169.2,144.64,0.2793303
851.75,169.2,143.82,0.2625785
856.775,169.2,143.09,0.2457515
861.8,169.2,142.12,0.231432
866.825,169.2,140.91,0.2200773
871.85,169.2,139.73,0.2118661
876.875,169.2,138.85,0.2046695
881.9,169.2,137.85,0.1935445
886.925,169.2,136.85,0.1772196
891.95,169.2,136.08,0.1574961
896.975,169.2,135.38,0.1374485
902,169.2,134.88,0.1196879
907.025,169.2,134.45,0.105288
912.05,169.2,134,0.09505649
917.075,169.2,133.62,0.0896929
922.1,169.2,133.22,0.08806307
927.125,169.2,132.86,0.09019875
932.15,169.2,132.55,0.09530587
937.175,169.2,132.13,0.1016007
942.2,169.2,131.7,0.1083528
947.225,169.2,131.16,0.1146751
952.25,169.2,130.49,0.1201162
957.275,169.2,129.7,0.1241252
962.3,169.2,128.99,0.1258296
967.325,169.2,128.41,0.1250085
972.35,169.2,127.83,0.1221704
977.375,169.2,127.35,0.1177542
982.4,169.2,126.88,0.1137832
987.425,169.2,126.38,0.1116102
992.45,169.2,125.84,0.1100189
997.475,169.2,125.36,0.1096439
1002.5,169.2,124.91,0.1133495
-2.5,174.25,140.08,0.06421221
2.525,174.25,140.11,0.06091045
7.55,174.25,140.11,0.05918574
12.575,174.25,140.09,0.0577137
17.6,174.25,140.06,0.05606402
22.625,174.25,140.05,0.05470951
27.65,174.25,140.04,0.05379832
32.675,174.25,140.02,0.05305703
37.7,174.25,140.01,0.05248066
42.725,174.25,140.02,0.05199663
47.75,174.25,140.02,0.05145314
52.775,174.25,139.98,0.05249706
57.8,174.25,139.88,0.05614603
62.825,174.25,139.76,0.06127371
67.85,174.25,139.64,0.06677311
72.875,174.25,139.52,0.0739294
77.9,174.25,139.47,0.08508473
82.925,174.25,139.26,0.09648077
87.95,174.25,139.19,0.1050873
92.975,174.25,138.97,0.1086431
98,174.25,138.76,0.1069953
103.025,174.25,138.47,0.1018369
108.05,174.25,138.37,0.09403939
113.075,174.25,138.12,0.08318703
118.1,174.25,137.61,0.06926406
123.125,174.25,137.17,0.0555025
128.15,174.25,136.66,0.04395404
133.175,174.25,136.82,0.03434936
138.2,174.25,138.33,0.03037923
143.225,174.25,139.93,0.03424654
148.25,174.25,139.98,0.04275593
153.275,174.25,139.86,0.05306585
158.3,174.25,139.84,0.061139
163.325,174.25,140.08,0.06334328
168.35,174.25,140.12,0.0653657
173.375,174.25,140.22,0.06894484
178.4,174.25,140.45,0.07220623
183.425,174.25,140.69,0.07176452
188.45,174.25,140.97,0.06859136
193.475,174.25,141.25,0.06369303
198.5,174.25,141.54,0.05871155
203.525,174.25,141.82,0.05370502
208.55,174.25,142.09,0.05060243
213.575,174.25,142.26,0.04738786
218.6,174.25,142.36,0.04448459
223.625,174.25,142.42,0.04257769
228.65,174.25,142.38,0.04105201
233.675,174.25,142.45,0.03969897
238.7,174.25,142.7,0.03811955
243.725,174.25,142.99,0.03601201
248.75,174.25,143.31,0.03384468
253.775,174.25,143.6,0.03231998
258.8,174.25,143.74,0.03130512
263.825,174.25,143.68,0.03089765
268.85,174.25,143.25,0.03139938
273.875,174.25,142.96,0.03250032
278.9,174.25,142.94,0.03353066
283.925,174.25,142.94,0.03414776
288.95,174.25,142.91,0.03394784
293.975,174.25,142.87,0.03331615
299,174.25,142.84,0.03257173
304.025,174.25,142.78,0.0315566
309.05,174.25,142.72,0.03053664
314.075,174.25,142.74,0.0298082
319.1,174.25,142.84,0.0293522
324.125,174.25,142.97,0.02899076
329.15,174.25,143.13,0.0285426
334.175,174.25,143.26,0.02782283
339.2,174.25,143.34,0.02661931
344.225,174.25,143.4,0.02483597
349.25,174.25,143.44,0.02286133
354.275,174.25,143.48,0.02127319
359.3,174.25,143.53,0.02077949
364.325,174.25,143.55,0.02178822
369.35,174.25,143.55,0.02422174
374.375,174.25,143.51,0.02776695
379.4,174.25,143.42,0.03192792
384.425,174.25,143.32,0.03624234
389.45,174.25,143.2,0.04043811
394.475,174.25,143.07,0.04423243
399.5,174.25,142.95,0.04759506
404.525,174.25,142.82,0.05056566
409.55,174.25,142.68,0.05294589
414.575,174.25,142.55,0.05473882
419.6,174.25,142.48,0.05614047
424.625,174.25,142.42,0.05729188
429.65,174.25,142.35,0.05833099
434.675,174.25,142.27,0.05918254
439.7,174.25,142.29,0.05986323
444.725,174.25,142.38,0.06044502
449.75,174.25,142.5,0.061393
454.775,174.25,142.62,0.06345037
459.8,174.25,142.8,0.0667568
464.825,174.25,143.05,0.07082571
469.85,174.25,143.4,0.07550875
474.875,174.25,143.78,0.08059084
479.9,174.25,144.19,0.08519648
484.925,174.25,144.6,0.0883863
489.95,174.25,144.96,0.08961098
494.975,174.25,145.33,0.08883634
500,174.25,145.72,0.08649355
505.025,174.25,146.09,0.08314217
510.05,174.25,146.43,0.07933145
515.075,174.25,146.78,0.0757303
520.1,174.25,147.17,0.07268049
525.125,174.25,147.56,0.07068861
530.15,174.25,147.97,0.06992873
535.175,174.25,148.35,0.06928327
540.2,174.25,148.68,0.06766103
545.225,174.25,149.01,0.06479159
550.25,174.25,149.33,0.06091811
555.275,174.25,149.6,0.05631982
560.3,174.25,149.82,0.05157972
565.325,174.25,149.98,0.04762491
570.35,174.25,150.14,0.04514289
575.375,174.25,150.3,0.04434478
580.4,174.25,150.47,0.0444938
585.425,174.25,150.69,0.04421355
590.45,174.25,151.04,0.04258619
595.475,174.25,151.38,0.04016191
600.5,174.25,151.66,0.03755103
605.525,174.25,151.83,0.03510161
610.55,174.25,151.74,0.03276481
615.575,174.25,151.7,0.03078998
620.6,174.25,151.83,0.02988215
625.625,174.25,152.01,0.03049988
630.65,174.25,152.18,0.03253656
635.675,174.25,152.35,0.03505779
640.7,174.25,152.52,0.03676384
645.725,174.25,152.7,0.03690344
650.75,174.25,152.88,0.03616761
655.775,174.25,153.05,0.03522337
660.8,174.25,153.21,0.03434374
665.825,174.25,153.37,0.0338325
670.85,174.25,153.54,0.03385219
675.875,174.25,153.69,0.03438289
680.9,174.25,153.82,0.03536559
685.925,174.25,153.97,0.03662215
690.95,174.25,154.14,0.03788246
695.975,174.25,154.32,0.03873612
701,174.25,154.49,0.03889067
706.025,174.25,154.66,0.03829451
711.05,174.25,154.84,0.03692506
716.075,174.25,155.01,0.03509793
721.1,174.25,155.16,0.03318312
726.125,174.25,155.28,0.03126703
731.15,174.25,155.37,0.0290415
736.175,174.25,155.46,0.02655239
741.2,174.25,155.56,0.02424412
746.225,174.25,155.64,0.02218794
751.25,174.25,155.69,0.02022368
756.275,174.25,155.71,0.01859901
761.3,174.25,155.72,0.0180526
766.325,174.25,155.73,0.01973776
771.35,174.25,155.74,0.02401874
776.375,174.25,155.75,0.02636401
781.4,174.25,155.75,0.02458529
786.425,174.25,156.01,0.02426242
791.45,174.25,156.78,0.03632333
796.475,174.25,157.12,0.06179489
801.5,174.25,156.66,0.09674915
806.525,174.25,155.89,0.1380475
811.55,174.25,155.19,0.182295
816.575,174.25,154.33,0.2238056
821.6,174.25,153.16,0.2567591
826.625,174.25,151.77,0.2775601
831.65,174.25,150.24,0.288524
836.675,174.25,148.69,0.2927198
841.7,174.25,147.08,0.2899913
846.725,174.25,145.7,0.2806336
851.75,174.25,144.82,0.2664918
856.775,174.25,144.17,0.2507621
861.8,174.25,143.24,0.2362997
866.825,174.25,142.07,0.2237115
871.85,174.25,140.66,0.2134938
876.875,174.25,139.35,0.205366
881.9,174.25,138.17,0.1956109
886.925,174.25,137,0.1810961
891.95,174.25,136.18,0.1627624
896.975,174.25,135.61,0.1429379
902,174.25,135.12,0.1240376
907.025,174.25,134.68,0.1076288
912.05,174.25,134.2,0.09533149
917.075,174.25,133.73,0.08844767
922.1,174.25,133.3,0.0866089
927.125,174.25,132.91,0.08850136
932.15,174.25,132.64,0.09327263
937.175,174.25,132.36,0.09911707
942.2,174.25,131.97,0.1050617
947.225,174.25,131.48,0.1108438
952.25,174.25,130.75,0.116133
957.275,174.25,130.04,0.1204674
962.3,174.25,129.41,0.1231299
967.325,174.25,128.83,0.123809
972.35,174.25,128.2,0.1226872
977.375,174.25,127.62,0.1201883
982.4,174.25,127.1,0.1174024
987.425,174.25,126.58,0.1159822
992.45,174.25,126.01,0.1147738
997.475,174.25,125.44,0.1147625
1002.5,174.25,124.96,0.1203659
-2.5,179.3,140.34,0.05721988
2.525,179.3,140.35,0.05559971
7.55,179.3,140.35,0.05514651
12.575,179.3,140.35,0.05468777
17.6,179.3,140.34,0.05395015
22.625,179.3,140.32,0.05329468
27.65,179.3,140.3,0.05285817
32.675,179.3,140.27,0.05254646
37.7,179.3,140.26,0.05244705
42.725,179.3,140.25,0.05252934
47.75,179.3,140.25,0.05235643
52.775,179.3,140.22,0.0526547
57.8,179.3,140.14,0.05515794
62.825,179.3,140.04,0.05930373
67.85,179.3,139.94,0.06369263
72.875,179.3,139.85,0.06875607
77.9,179.3,139.76,0.07562293
82.925,179.3,139.69,0.08505596
87.95,179.3,139.74,0.09456606
92.975,179.3,139.69,0.1028609
98,179.3,139.34,0.10551
103.025,179.3,139.07,0.1037632
108.05,179.3,139.23,0.09786163
113.075,179.3,139.32,0.08938619
118.1,179.3,138.87,0.07764963
123.125,179.3,138.02,0.06363921
128.15,179.3,137.63,0.04910838
133.175,179.3,136.78,0.03724246
138.2,179.3,139.23,0.02767149
143.225,179.3,139.05,0.02291499
148.25,179.3,139.26,0.02710164
153.275,179.3,139.17,0.03891159
158.3,179.3,139.36,0.05020025
163.325,179.3,139.74,0.05771786
168.35,179.3,139.95,0.06115155
173.375,179.3,140.08,0.06884991
178.4,179.3,140.26,0.07572046
183.425,179.3,140.48,0.07775979
188.45,179.3,140.75,0.07616804
193.475,179.3,141.04,0.07154214
198.5,179.3,141.3,0.06370846
203.525,179.3,141.57,0.05753199
208.55,179.3,141.84,0.05453692
213.575,179.3,142.04,0.05176657
218.6,179.3,142.17,0.04903361
223.625,179.3,142.26,0.04715498
228.65,179.3,142.24,0.0462545
233.675,179.3,142.29,0.04570117
238.7,179.3,142.53,0.04480096
243.725,179.3,142.84,0.04313648
248.75,179.3,143.18,0.04126781
253.775,179.3,143.46,0.04012896
258.8,179.3,143.63,0.03965238
263.825,179.3,143.62,0.03961729
268.85,179.3,143.25,0.04004104
273.875,179.3,142.85,0.04045606
278.9,179.3,142.75,0.04047685
283.925,179.3,142.75,0.03976637
288.95,179.3,142.72,0.0382878
293.975,179.3,142.69,0.03656672
299,179.3,142.65,0.03516215
304.025,179.3,142.61,0.03386369
309.05,179.3,142.57,0.03274361
314.075,179.3,142.59,0.0320017
319.1,179.3,142.7,0.03154467
324.125,179.3,142.84,0.03113296
329.15,179.3,143,0.03058129
334.175,179.3,143.14,0.02980679
339.2,179.3,143.23,0.0287199
344.225,179.3,143.29,0.02724834
349.25,179.3,143.34,0.02561983
354.275,179.3,143.39,0.02447251
359.3,179.3,143.42,0.0243571
364.325,179.3,143.44,0.02579602
369.35,179.3,143.44,0.02866269
374.375,179.3,143.39,0.032485
379.4,179.3,143.29,0.03674072
384.425,179.3,143.16,0.04096209
389.45,179.3,143.02,0.04480125
394.475,179.3,142.86,0.04801412
399.5,179.3,142.71,0.05048097
404.525,179.3,142.55,0.05235776
409.55,179.3,142.4,0.05368058
414.575,179.3,142.25,0.05440802
419.6,179.3,142.15,0.05482252
424.625,179.3,142.06,0.05506041
429.65,179.3,141.98,0.05529953
434.675,179.3,141.93,0.05569492
439.7,179.3,141.95,0.0562131
444.725,179.3,142.02,0.05701808
449.75,179.3,142.1,0.05854533
454.775,179.3,142.24,0.06127574
459.8,179.3,142.45,0.06526528
464.825,179.3,142.73,0.07002094
469.85,179.3,143.1,0.07537609
474.875,179.3,143.51,0.08109779
479.9,179.3,143.93,0.08649396
484.925,179.3,144.34,0.09049484
489.95,179.3,144.72,0.09257507
494.975,179.3,145.1,0.09256554
500,179.3,145.48,0.09081504
505.025,179.3,145.86,0.08785299
510.05,179.3,146.23,0.08422968
515.075,179.3,146.6,0.08073015
520.1,179.3,147.01,0.07793224
525.125,179.3,147.44,0.07617142
530.15,179.3,147.88,0.07532853
535.175,179.3,148.3,0.07446223
540.2,179.3,148.68,0.07243986
545.225,179.3,149.04,0.06884766
550.25,179.3,149.4,0.06402265
555.275,179.3,149.69,0.05842197
560.3,179.3,149.88,0.0528735
565.325,179.3,150.04,0.04840342
570.35,179.3,150.19,0.0456642
575.375,179.3,150.35,0.04494648
580.4,179.3,150.52,0.045336
585.425,179.3,150.73,0.04510494
590.45,179.3,151.07,0.04339375
595.475,179.3,151.45,0.04066073
600.5,179.3,151.76,0.0376169
605.525,179.3,151.96,0.03461449
610.55,179.3,151.9,0.03175436
615.575,179.3,151.8,0.02936551
620.6,179.3,151.89,0.02824968
625.625,179.3,152.06,0.02893649
630.65,179.3,152.23,0.03124604
635.675,179.3,152.4,0.03407397
640.7,179.3,152.57,0.03593791
645.725,179.3,152.74,0.03618325
650.75,179.3,152.93,0.03548454
655.775,179.3,153.11,0.03452503
660.8,179.3,153.26,0.0336875
665.825,179.3,153.41,0.03334624
670.85,179.3,153.57,0.0335812
675.875,179.3,153.72,0.03435839
680.9,179.3,153.87,0.03557731
685.925,179.3,154.02,0.03710201
690.95,179.3,154.22,0.03850114
695.975,179.3,154.42,0.03948853
701,179.3,154.59,0.0396344
706.025,179.3,154.75,0.03887787
711.05,179.3,154.93,0.03735689
716.075,179.3,155.11,0.03530402
721.1,179.3,155.25,0.03313338
726.125,179.3,155.37,0.03090401
731.15,179.3,155.47,0.02853851
736.175,179.3,155.55,0.02591385
741.2,179.3,155.65,0.02338027
746.225,179.3,155.73,0.02115613
751.25,179.3,155.78,0.01923652
756.275,179.3,155.79,0.01752526
761.3,179.3,155.8,0.01669612
766.325,179.3,155.81,0.01822934
771.35,179.3,155.81,0.02237256
776.375,179.3,155.81,0.02481184
781.4,179.3,155.81,0.02229519
786.425,179.3,156.01,0.01788547
791.45,179.3,156.73,0.02476275
796.475,179.3,157.23,0.04769158
801.5,179.3,156.84,0.08058977
806.525,179.3,156.15,0.1200724
811.55,179.3,155.55,0.1631287
816.575,179.3,154.78,0.20432
821.6,179.3,153.63,0.2380474
826.625,179.3,152.3,0.2615481
831.65,179.3,150.88,0.275837
836.675,179.3,149.41,0.2828546
841.7,179.3,147.87,0.2832824
846.725,179.3,146.43,0.2773342
851.75,179.3,145.46,0.2667202
856.775,179.3,144.7,0.2534899
861.8,179.3,143.77,0.2399256
866.825,179.3,142.64,0.2271191
871.85,179.3,141.29,0.2154639
876.875,179.3,139.85,0.205788
881.9,179.3,138.47,0.1961815
886.925,179.3,137.21,0.1831196
891.95,179.3,136.3,0.1663017
896.975,179.3,135.73,0.1474967
902,179.3,135.29,0.1285863
907.025,179.3,134.85,0.1110926
912.05,179.3,134.37,0.09682387
917.075,179.3,133.88,0.08807
922.1,179.3,133.41,0.0850424
927.125,179.3,132.99,0.0862935
932.15,179.3,132.71,0.0902265
937.175,179.3,132.47,0.095245
942.2,179.3,132.13,0.1003541
947.225,179.3,131.69,0.1054569
952.25,179.3,131.04,0.1104543
957.275,179.3,130.32,0.1148878
962.3,179.3,129.73,0.1181539
967.325,179.3,129.16,0.1200683
972.35,179.3,128.56,0.1207857
977.375,179.3,127.96,0.1203312
982.4,179.3,127.4,0.1193933
987.425,179.3,126.85,0.1192845
992.45,179.3,126.25,0.1192151
997.475,179.3,125.66,0.1201046
1002.5,179.3,125.13,0.1255966
-2.5,184.35,140.59,0.05277672
2.525,184.35,140.61,0.05221193
7.55,184.35,140.61,0.05256348
12.575,184.35,140.62,0.05281602
17.6,184.35,140.61,0.0527396
22.625,184.35,140.6,0.05261745
27.65,184.35,140.57,0.05254628
32.675,184.35,140.54,0.05246496
37.7,184.35,140.52,0.05255763
42.725,184.35,140.5,0.05307908
47.75,184.35,140.49,0.05354109
52.775,184.35,140.47,0.05376765
57.8,184.35,140.41,0.05504931
62.825,184.35,140.33,0.05807871
67.85,184.35,140.25,0.06150349
72.875,184.35,140.18,0.06521038
77.9,184.35,140.12,0.06995504
82.925,184.35,140,0.0754265
87.95,184.35,140.01,0.08336874
92.975,184.35,140.06,0.09133188
98,184.35,139.81,0.09790768
103.025,184.35,139.51,0.1008949
108.05,184.35,139.71,0.1006873
113.075,184.35,140.08,0.09410354
118.1,184.35,139.82,0.08459822
123.125,184.35,138.91,0.07182746
128.15,184.35,138.36,0.05895165
133.175,184.35,137.1,0.04642582
138.2,184.35,137,0.03406042
143.225,184.35,137.69,0.02159687
148.25,184.35,138.02,0.01567181
153.275,184.35,138.29,0.02281278
158.3,184.35,138.76,0.03607644
163.325,184.35,139.19,0.04768842
168.35,184.35,139.55,0.05551391
173.375,184.35,139.58,0.06310035
178.4,184.35,140.14,0.07246765
183.425,184.35,140.33,0.07845984
188.45,184.35,140.59,0.08142
193.475,184.35,140.86,0.0788971
198.5,184.35,141.08,0.07068493
203.525,184.35,141.31,0.06315394
208.55,184.35,141.58,0.059468
213.575,184.35,141.82,0.05629675
218.6,184.35,141.96,0.05369386
223.625,184.35,142.09,0.0517545
228.65,184.35,142.11,0.05086096
233.675,184.35,142.13,0.05091107
238.7,184.35,142.33,0.05083781
243.725,184.35,142.56,0.04981429
248.75,184.35,142.82,0.04837954
253.775,184.35,143.13,0.04740398
258.8,184.35,143.32,0.04715011
263.825,184.35,143.38,0.04729559
268.85,184.35,143.06,0.0475186
273.875,184.35,142.65,0.04732812
278.9,184.35,142.52,0.04635962
283.925,184.35,142.53,0.04444583
288.95,184.35,142.5,0.04184422
293.975,184.35,142.48,0.03927595
299,184.35,142.46,0.03741801
304.025,184.35,142.45,0.03605939
309.05,184.35,142.44,0.03498043
314.075,184.35,142.47,0.03431342
319.1,184.35,142.58,0.03396129
324.125,184.35,142.7,0.03360225
329.15,184.35,142.86,0.03299042
334.175,184.35,143.01,0.03214551
339.2,184.35,143.1,0.03111839
344.225,184.35,143.17,0.02993654
349.25,184.35,143.22,0.02879002
354.275,184.35,143.27,0.0281769
359.3,184.35,143.3,0.02866209
364.325,184.35,143.32,0.03048903
369.35,184.35,143.31,0.03366936
374.375,184.35,143.25,0.0375698
379.4,184.35,143.13,0.04165386
384.425,184.35,142.98,0.04541511
389.45,184.35,142.8,0.0484433
394.475,184.35,142.62,0.05057022
399.5,184.35,142.46,0.051768
404.525,184.35,142.3,0.05220126
409.55,184.35,142.13,0.05210795
414.575,184.35,141.98,0.05157379
419.6,184.35,141.87,0.05082561
424.625,184.35,141.81,0.05010488
429.65,184.35,141.75,0.04948387
434.675,184.35,141.69,0.04933759
439.7,184.35,141.7,0.04982435
444.725,184.35,141.78,0.05104161
449.75,184.35,141.88,0.05321805
454.775,184.35,141.98,0.05671693
459.8,184.35,142.18,0.06144125
464.825,184.35,142.43,0.06700506
469.85,184.35,142.78,0.07313208
474.875,184.35,143.21,0.07958296
479.9,184.35,143.62,0.08573893
484.925,184.35,144.05,0.09069683
489.95,184.35,144.45,0.0936794
494.975,184.35,144.85,0.09469157
500,184.35,145.26,0.09378356
505.025,184.35,145.67,0.09145055
510.05,184.35,146.04,0.08816918
515.075,184.35,146.43,0.08472735
520.1,184.35,146.85,0.08208668
525.125,184.35,147.27,0.08059914
530.15,184.35,147.71,0.07996211
535.175,184.35,148.19,0.07917108
540.2,184.35,148.62,0.07703365
545.225,184.35,149.06,0.07301551
550.25,184.35,149.43,0.06746719
555.275,184.35,149.75,0.06103892
560.3,184.35,149.95,0.05465508
565.325,184.35,150.11,0.04953437
570.35,184.35,150.26,0.04636263
575.375,184.35,150.42,0.04538932
580.4,184.35,150.58,0.045947
585.425,184.35,150.78,0.0457188
590.45,184.35,151.11,0.04386843
595.475,184.35,151.52,0.0409092
600.5,184.35,151.85,0.03757403
605.525,184.35,152.05,0.034143
610.55,184.35,152.03,0.03088074
615.575,184.35,151.89,0.02820278
620.6,184.35,151.95,0.02698991
625.625,184.35,152.12,0.02772706
630.65,184.35,152.29,0.03020721
635.675,184.35,152.46,0.03331975
640.7,184.35,152.63,0.03528583
645.725,184.35,152.81,0.03568486
650.75,184.35,153,0.03507472
655.775,184.35,153.18,0.03425837
660.8,184.35,153.32,0.03359046
665.825,184.35,153.45,0.03348943
670.85,184.35,153.59,0.03399185
675.875,184.35,153.75,0.03491021
680.9,184.35,153.91,0.03626169
685.925,184.35,154.09,0.03788477
690.95,184.35,154.3,0.03938121
695.975,184.35,154.52,0.04037507
701,184.35,154.7,0.04046209
706.025,184.35,154.86,0.03949143
711.05,184.35,155.03,0.03762139
716.075,184.35,155.21,0.03524069
721.1,184.35,155.35,0.03275813
726.125,184.35,155.47,0.03024501
731.15,184.35,155.57,0.02760535
736.175,184.35,155.66,0.02490192
741.2,184.35,155.75,0.02223431
746.225,184.35,155.83,0.01988387
751.25,184.35,155.87,0.01783135
756.275,184.35,155.88,0.01605778
761.3,184.35,155.88,0.01491228
766.325,184.35,155.88,0.01590819
771.35,184.35,155.88,0.01980589
776.375,184.35,155.88,0.02198638
781.4,184.35,155.87,0.01878224
786.425,184.35,156.05,0.01090111
791.45,184.35,156.67,0.01355058
796.475,184.35,157.28,0.03582617
801.5,184.35,157.01,0.06684325
806.525,184.35,156.31,0.1038059
811.55,184.35,155.73,0.1447196
816.575,184.35,155.1,0.1852679
821.6,184.35,154.05,0.219256
826.625,184.35,152.78,0.2445855
831.65,184.35,151.47,0.2616591
836.675,184.35,150.08,0.2714479
841.7,184.35,148.59,0.2743212
846.725,184.35,146.84,0.2712139
851.75,184.35,145.6,0.2633327
856.775,184.35,144.82,0.2530467
861.8,184.35,143.92,0.2415295
866.825,184.35,142.87,0.2296107
871.85,184.35,141.52,0.2174804
876.875,184.35,140.09,0.2060444
881.9,184.35,138.77,0.1959343
886.925,184.35,137.42,0.1840338
891.95,184.35,136.42,0.1687951
896.975,184.35,135.83,0.1513877
902,184.35,135.39,0.1332005
907.025,184.35,135,0.1156265
912.05,184.35,134.54,0.1002526
917.075,184.35,134.04,0.08942019
922.1,184.35,133.55,0.08466347
927.125,184.35,133.1,0.0845341
932.15,184.35,132.81,0.08698289
937.175,184.35,132.58,0.09067235
942.2,184.35,132.24,0.09458418
947.225,184.35,131.82,0.09884151
952.25,184.35,131.27,0.1032362
957.275,184.35,130.6,0.1075036
962.3,184.35,130.04,0.1108951
967.325,184.35,129.52,0.1135139
972.35,184.35,128.96,0.1158272
977.375,184.35,128.34,0.117561
982.4,184.35,127.77,0.1189005
987.425,184.35,127.22,0.1207874
992.45,184.35,126.64,0.1227302
997.475,184.35,125.98,0.124607
1002.5,184.35,125.39,0.1272888
-2.5,189.4,140.81,0.05049283
2.525,189.4,140.84,0.05056286
7.55,189.4,140.87,0.05126752
12.575,189.4,140.87,0.05193334
17.6,189.4,140.87,0.0523175
22.625,189.4,140.86,0.05257946
27.65,189.4,140.84,0.05274046
32.675,189.4,140.82,0.05285273
37.7,189.4,140.8,0.05303657
42.725,189.4,140.77,0.05351704
47.75,189.4,140.72,0.05450698
52.775,189.4,140.7,0.0552314
57.8,189.4,140.66,0.05611662
62.825,189.4,140.61,0.05785358
67.85,189.4,140.56,0.06038694
72.875,189.4,140.51,0.06342931
77.9,189.4,140.46,0.06709006
82.925,189.4,140.36,0.07069641
87.95,189.4,140.19,0.07432777
92.975,189.4,140.18,0.07977052
98,189.4,140.09,0.08566546
103.025,189.4,139.94,0.092369
108.05,189.4,139.94,0.09680608
113.075,189.4,140.25,0.09543832
118.1,189.4,140.22,0.08934972
123.125,189.4,139.66,0.07980046
128.15,189.4,139.52,0.06844586
133.175,189.4,138.7,0.05725437
138.2,189.4,137.31,0.0442955
143.225,189.4,137.09,0.03006533
148.25,189.4,137.4,0.01581107
153.275,189.4,137.7,0.0092776
158.3,189.4,138.25,0.02010406
163.325,189.4,138.6,0.03320146
168.35,189.4,138.28,0.04435819
173.375,189.4,138.38,0.05356491
178.4,189.4,140.09,0.06312692
183.425,189.4,140.4,0.07252906
188.45,189.4,140.46,0.07893236
193.475,189.4,140.73,0.08064423
198.5,189.4,140.93,0.07657933
203.525,189.4,141.12,0.07017716
208.55,189.4,141.32,0.06394565
213.575,189.4,141.55,0.0603646
218.6,189.4,141.7,0.05730072
223.625,189.4,141.83,0.05537877
228.65,189.4,141.95,0.05460173
233.675,189.4,141.97,0.05474331
238.7,189.4,142.07,0.05544864
243.725,189.4,142.22,0.05526799
248.75,189.4,142.29,0.05424575
253.775,189.4,142.49,0.0534621
258.8,189.4,142.7,0.05320263
263.825,189.4,142.8,0.05318063
268.85,189.4,142.72,0.05289337
273.875,189.4,142.37,0.05203109
278.9,189.4,142.23,0.05022092
283.925,189.4,142.25,0.04749046
288.95,189.4,142.25,0.04423355
293.975,189.4,142.24,0.0412128
299,189.4,142.24,0.03911899
304.025,189.4,142.26,0.03785092
309.05,189.4,142.32,0.03702791
314.075,189.4,142.38,0.0365424
319.1,189.4,142.48,0.03633371
324.125,189.4,142.6,0.03611904
329.15,189.4,142.71,0.03563198
334.175,189.4,142.85,0.03483477
339.2,189.4,142.95,0.03384379
344.225,189.4,143.02,0.03292987
349.25,189.4,143.08,0.03231058
354.275,189.4,143.13,0.03238714
359.3,189.4,143.17,0.03343516
364.325,189.4,143.19,0.03562384
369.35,189.4,143.15,0.03883991
374.375,189.4,143.08,0.04257291
379.4,189.4,142.95,0.0461551
384.425,189.4,142.77,0.04910311
389.45,189.4,142.56,0.05101012
394.475,189.4,142.36,0.05174523
399.5,189.4,142.18,0.05139627
404.525,189.4,142.02,0.05025614
409.55,189.4,141.87,0.04866079
414.575,189.4,141.73,0.04672039
419.6,189.4,141.64,0.04471841
424.625,189.4,141.59,0.04303517
429.65,189.4,141.59,0.04173829
434.675,189.4,141.56,0.04112573
439.7,189.4,141.55,0.0415932
444.725,189.4,141.62,0.04330105
449.75,189.4,141.76,0.04631133
454.775,189.4,141.89,0.05061624
459.8,189.4,142.03,0.05604609
464.825,189.4,142.24,0.06234786
469.85,189.4,142.48,0.06926288
474.875,189.4,142.84,0.07647494
479.9,189.4,143.21,0.08346055
484.925,189.4,143.65,0.08935351
489.95,189.4,144.15,0.09340057
494.975,189.4,144.56,0.095451
500,189.4,145.02,0.09555954
505.025,189.4,145.48,0.09387607
510.05,189.4,145.87,0.09112707
515.075,189.4,146.23,0.08789393
520.1,189.4,146.63,0.08538714
525.125,189.4,147.06,0.08414995
530.15,189.4,147.48,0.08367002
535.175,189.4,147.93,0.08302655
540.2,189.4,148.41,0.08098368
545.225,189.4,148.96,0.07686909
550.25,189.4,149.51,0.07091446
555.275,189.4,149.82,0.06387749
560.3,189.4,150.03,0.05675098
565.325,189.4,150.19,0.05092473
570.35,189.4,150.34,0.0472372
575.375,189.4,150.5,0.04579191
580.4,189.4,150.65,0.04614986
585.425,189.4,150.87,0.04611703
590.45,189.4,151.17,0.04413877
595.475,189.4,151.54,0.04100073
600.5,189.4,151.89,0.03739839
605.525,189.4,152.06,0.03371034
610.55,189.4,152.06,0.0302146
615.575,189.4,151.98,0.02734838
620.6,189.4,152.02,0.02610722
625.625,189.4,152.18,0.02694957
630.65,189.4,152.35,0.02951638
635.675,189.4,152.52,0.03273339
640.7,189.4,152.69,0.03488031
645.725,189.4,152.88,0.03529646
650.75,189.4,153.09,0.03486539
655.775,189.4,153.26,0.03431015
660.8,189.4,153.4,0.03395864
665.825,189.4,153.51,0.03420316
670.85,189.4,153.61,0.03495921
675.875,189.4,153.75,0.03595048
680.9,189.4,153.91,0.03722074
685.925,189.4,154.13,0.03881759
690.95,189.4,154.41,0.04024291
695.975,189.4,154.64,0.04116175
701,189.4,154.84,0.04118242
706.025,189.4,154.99,0.04001587
711.05,189.4,155.15,0.03780485
716.075,189.4,155.32,0.03494472
721.1,189.4,155.47,0.03205581
726.125,189.4,155.58,0.02927456
731.15,189.4,155.68,0.02642556
736.175,189.4,155.77,0.02353319
741.2,189.4,155.86,0.02078592
746.225,189.4,155.92,0.0183162
751.25,189.4,155.96,0.01613384
756.275,189.4,155.97,0.01429755
761.3,189.4,155.96,0.01287141
766.325,189.4,155.95,0.01292371
771.35,189.4,155.95,0.01616045
776.375,189.4,155.94,0.01810998
781.4,189.4,155.92,0.01482244
786.425,189.4,156.2,0.005900013
791.45,189.4,156.77,0.01009381
796.475,189.4,157.23,0.03182665
801.5,189.4,157.09,0.0603277
806.525,189.4,156.48,0.09447119
811.55,189.4,155.84,0.1318792
816.575,189.4,155.21,0.1700301
821.6,189.4,154.32,0.2040835
826.625,189.4,153.15,0.2308166
831.65,189.4,151.96,0.250185
836.675,189.4,150.68,0.2617595
841.7,189.4,149.26,0.2659333
846.725,189.4,147.41,0.2641298
851.75,189.4,145.39,0.2581763
856.775,189.4,144.35,0.2496178
861.8,189.4,143.54,0.2402417
866.825,189.4,142.62,0.2298999
871.85,189.4,141.55,0.2182999
876.875,189.4,140.24,0.2059229
881.9,189.4,139.04,0.1943914
886.925,189.4,137.78,0.1832189
891.95,189.4,136.5,0.1698038
896.975,189.4,135.8,0.1543964
902,189.4,135.38,0.1379709
907.025,189.4,135.03,0.1213076
912.05,189.4,134.73,0.105793
917.075,189.4,134.26,0.0935424
922.1,189.4,133.76,0.0863946
927.125,189.4,133.29,0.08431937
932.15,189.4,132.92,0.08480755
937.175,189.4,132.64,0.0866065
942.2,189.4,132.28,0.08907182
947.225,189.4,131.83,0.09212294
952.25,189.4,131.38,0.09578169
957.275,189.4,130.85,0.09941101
962.3,189.4,130.35,0.1025545
967.325,189.4,129.88,0.1052246
972.35,189.4,129.41,0.1084002
977.375,189.4,128.88,0.1120581
982.4,189.4,128.29,0.1161209
987.425,189.4,127.7,0.1205626
992.45,189.4,127.13,0.1251859
997.475,189.4,126.5,0.1283874
1002.5,189.4,125.81,0.1257825
-2.5,194.45,141.03,0.05011308
2.525,194.45,141.06,0.0503576
7.55,194.45,141.11,0.05110604
12.575,194.45,141.13,0.05186528
17.6,194.45,141.13,0.05244585
22.625,194.45,141.12,0.05288032
27.65,194.45,141.11,0.05325329
32.675,194.45,141.1,0.05348783
37.7,194.45,141.08,0.05377378
42.725,194.45,141.06,0.05422754
47.75,194.45,141,0.05503689
52.775,194.45,140.94,0.05614818
57.8,194.45,140.91,0.0572521
62.825,194.45,140.87,0.05869396
67.85,194.45,140.85,0.06011694
72.875,194.45,140.81,0.06227911
77.9,194.45,140.78,0.0654282
82.925,194.45,140.7,0.06824168
87.95,194.45,140.53,0.06988682
92.975,194.45,140.39,0.07173547
98,194.45,140.35,0.0755459
103.025,194.45,140.29,0.08023426
108.05,194.45,140.36,0.08716844
113.075,194.45,140.39,0.08957566
118.1,194.45,140.32,0.088985
123.125,194.45,140.16,0.08330498
128.15,194.45,140.09,0.07528843
133.175,194.45,139.61,0.06544762
138.2,194.45,138.28,0.05451522
143.225,194.45,138.08,0.041435
148.25,194.45,137.67,0.02808005
153.275,194.45,137.33,0.01502775
158.3,194.45,137.92,0.008367815
163.325,194.45,137.59,0.01823805
168.35,194.45,137.13,0.03022364
173.375,194.45,138.45,0.04036271
178.4,194.45,139.93,0.05089219
183.425,194.45,140.46,0.06133481
188.45,194.45,140.47,0.07101883
193.475,194.45,140.49,0.07663847
198.5,194.45,140.74,0.07790318
203.525,194.45,140.95,0.07291784
208.55,194.45,141.12,0.0680077
213.575,194.45,141.28,0.06350455
218.6,194.45,141.41,0.05972768
223.625,194.45,141.53,0.05703785
228.65,194.45,141.68,0.05632172
233.675,194.45,141.77,0.05662862
238.7,194.45,141.81,0.0575728
243.725,194.45,141.86,0.05841752
248.75,194.45,141.88,0.05815351
253.775,194.45,141.9,0.05744441
258.8,194.45,142.03,0.05706651
263.825,194.45,142.11,0.05659561
268.85,194.45,142.12,0.05570848
273.875,194.45,142.02,0.05408837
278.9,194.45,141.92,0.05165821
283.925,194.45,141.94,0.04850999
288.95,194.45,141.97,0.0451392
293.975,194.45,141.99,0.04219769
299,194.45,142.01,0.04021198
304.025,194.45,142.05,0.03907389
309.05,194.45,142.14,0.03853238
314.075,194.45,142.26,0.03833408
319.1,194.45,142.37,0.03836617
324.125,194.45,142.48,0.0383475
329.15,194.45,142.58,0.03810743
334.175,194.45,142.68,0.03754038
339.2,194.45,142.78,0.03678894
344.225,194.45,142.84,0.03616202
349.25,194.45,142.91,0.03602252
354.275,194.45,142.96,0.03670026
359.3,194.45,143.01,0.03828302
364.325,194.45,143.03,0.04062431
369.35,194.45,142.98,0.04365857
374.375,194.45,142.87,0.04686432
379.4,194.45,142.72,0.04963044
384.425,194.45,142.54,0.05142939
389.45,194.45,142.32,0.05203348
394.475,194.45,142.1,0.05133885
399.5,194.45,141.91,0.04947295
404.525,194.45,141.75,0.04681877
409.55,194.45,141.62,0.04378553
414.575,194.45,141.52,0.04066145
419.6,194.45,141.46,0.03762546
424.625,194.45,141.44,0.03502026
429.65,194.45,141.45,0.03315555
434.675,194.45,141.47,0.03240938
439.7,194.45,141.48,0.03310704
444.725,194.45,141.54,0.03532443
449.75,194.45,141.66,0.03896811
454.775,194.45,141.83,0.04384412
459.8,194.45,141.97,0.04985361
464.825,194.45,142.14,0.05685699
469.85,194.45,142.33,0.06449728
474.875,194.45,142.54,0.07245417
479.9,194.45,142.83,0.08039672
484.925,194.45,143.19,0.08734256
489.95,194.45,143.76,0.09255954
494.975,194.45,144.31,0.09574581
500,194.45,144.8,0.09681737
505.025,194.45,145.31,0.09589954
510.05,194.45,145.76,0.09341593
515.075,194.45,146.11,0.0903477
520.1,194.45,146.47,0.08793372
525.125,194.45,146.86,0.0869045
530.15,194.45,147.29,0.08657508
535.175,194.45,147.73,0.08592135
540.2,194.45,148.2,0.08399453
545.225,194.45,148.76,0.07993118
550.25,194.45,149.44,0.07391744
555.275,194.45,149.91,0.06654372
560.3,194.45,150.11,0.05894505
565.325,194.45,150.27,0.05247623
570.35,194.45,150.43,0.04812605
575.375,194.45,150.58,0.04630132
580.4,194.45,150.74,0.0462332
585.425,194.45,150.94,0.04617314
590.45,194.45,151.26,0.04428914
595.475,194.45,151.6,0.04103901
600.5,194.45,151.92,0.03726288
605.525,194.45,152.11,0.03342442
610.55,194.45,152.05,0.02976344
615.575,194.45,152,0.02683708
620.6,194.45,152.08,0.02554659
625.625,194.45,152.25,0.0264269
630.65,194.45,152.41,0.02907421
635.675,194.45,152.58,0.0322918
640.7,194.45,152.74,0.03458307
645.725,194.45,152.93,0.03516296
650.75,194.45,153.15,0.03491744
655.775,194.45,153.35,0.03461592
660.8,194.45,153.48,0.0346581
665.825,194.45,153.59,0.03521147
670.85,194.45,153.67,0.03619295
675.875,194.45,153.77,0.03719781
680.9,194.45,153.92,0.03834993
685.925,194.45,154.12,0.03973456
690.95,194.45,154.46,0.0410168
695.975,194.45,154.76,0.04174358
701,194.45,154.96,0.0415873
706.025,194.45,155.13,0.04024601
711.05,194.45,155.29,0.03778662
716.075,194.45,155.44,0.03462897
721.1,194.45,155.59,0.03128201
726.125,194.45,155.7,0.02817197
731.15,194.45,155.79,0.02511537
736.175,194.45,155.87,0.0220497
741.2,194.45,155.95,0.01916026
746.225,194.45,156.02,0.0165831
751.25,194.45,156.04,0.01431287
756.275,194.45,156.04,0.01242993
761.3,194.45,156.03,0.0108425
766.325,194.45,156.02,0.009715469
771.35,194.45,156,0.01151924
776.375,194.45,155.98,0.01328212
781.4,194.45,155.95,0.0117662
786.425,194.45,156.16,0.0106739
791.45,194.45,156.84,0.01991444
796.475,194.45,157.22,0.03831967
801.5,194.45,157,0.06363787
806.525,194.45,156.45,0.09450336
811.55,194.45,155.88,0.1283961
816.575,194.45,155.18,0.1624115
821.6,194.45,154.34,0.1944408
826.625,194.45,153.29,0.2217865
831.65,194.45,152.17,0.2430059
836.675,194.45,150.97,0.2560498
841.7,194.45,149.64,0.2606457
846.725,194.45,147.94,0.2586452
851.75,194.45,145.7,0.2527853
856.775,194.45,143.91,0.2446904
861.8,194.45,143,0.2359357
866.825,194.45,142.1,0.2267176
871.85,194.45,141.24,0.2158877
876.875,194.45,140.28,0.2038646
881.9,194.45,139.28,0.1922258
886.925,194.45,138.21,0.1813398
891.95,194.45,136.89,0.1697554
896.975,194.45,135.88,0.156666
902,194.45,135.4,0.1425588
907.025,194.45,135.02,0.1277229
912.05,194.45,134.74,0.1128602
917.075,194.45,134.4,0.100006
922.1,194.45,133.92,0.09107225
927.125,194.45,133.45,0.0865476
932.15,194.45,133.05,0.08488292
937.175,194.45,132.67,0.08446415
942.2,194.45,132.26,0.08507133
947.225,194.45,131.8,0.08666135
952.25,194.45,131.33,0.08923703
957.275,194.45,130.93,0.09203283
962.3,194.45,130.56,0.09452144
967.325,194.45,130.18,0.0970692
972.35,194.45,129.74,0.1004943
977.375,194.45,129.28,0.1053758
982.4,194.45,128.76,0.1116914
987.425,194.45,128.19,0.1188883
992.45,194.45,127.56,0.1269161
997.475,194.45,126.93,0.1323628
1002.5,194.45,126.23,0.1275957
-2.5,199.5,141.27,0.05114047
2.525,199.5,141.3,0.05123999
7.55,199.5,141.35,0.05163559
12.575,199.5,141.39,0.05231468
17.6,199.5,141.39,0.05285294
22.625,199.5,141.38,0.05337565
27.65,199.5,141.37,0.0538418
32.675,199.5,141.37,0.05425199
37.7,199.5,141.36,0.05460078
42.725,199.5,141.34,0.05506251
47.75,199.5,141.29,0.0557434
52.775,199.5,141.22,0.05664438
57.8,199.5,141.18,0.05780385
62.825,199.5,141.15,0.05915227
67.85,199.5,141.13,0.06055491
72.875,199.5,141.12,0.061776
77.9,199.5,141.09,0.06383864
82.925,199.5,141.03,0.06593327
87.95,199.5,140.89,0.06686861
92.975,199.5,140.75,0.06663061
98,199.5,140.68,0.0674132
103.025,199.5,140.65,0.06971965
108.05,199.5,140.71,0.07390277
113.075,199.5,140.71,0.08048467
118.1,199.5,140.5,0.08242529
123.125,199.5,140.33,0.08129203
128.15,199.5,140.58,0.07669427
133.175,199.5,140.52,0.07105046
138.2,199.5,139.67,0.06417659
143.225,199.5,139.06,0.05498584
148.25,199.5,139.18,0.04386874
153.275,199.5,139.34,0.03129485
158.3,199.5,138.84,0.01957348
163.325,199.5,137.59,0.01357023
168.35,199.5,137.39,0.01636271
173.375,199.5,138.29,0.0259259
178.4,199.5,139.43,0.03632595
183.425,199.5,140.01,0.04694761
188.45,199.5,140.12,0.058107
193.475,199.5,140.07,0.0667421
198.5,199.5,140.32,0.072566
203.525,199.5,140.64,0.07351374
208.55,199.5,140.87,0.07005575
213.575,199.5,141.03,0.0663977
218.6,199.5,141.15,0.06165168
223.625,199.5,141.26,0.05768397
228.65,199.5,141.4,0.05614081
233.675,199.5,141.52,0.05608416
238.7,199.5,141.56,0.05699941
243.725,199.5,141.56,0.05816323
248.75,199.5,141.53,0.05877933
253.775,199.5,141.53,0.05850828
258.8,199.5,141.59,0.057906
263.825,199.5,141.67,0.05692044
268.85,199.5,141.68,0.05532821
273.875,199.5,141.67,0.05328017
278.9,199.5,141.67,0.05064119
283.925,199.5,141.69,0.0474993
288.95,199.5,141.72,0.04445001
293.975,199.5,141.76,0.04205739
299,199.5,141.8,0.04048974
304.025,199.5,141.86,0.03969028
309.05,199.5,141.96,0.03943178
314.075,199.5,142.1,0.03954187
319.1,199.5,142.22,0.0398385
324.125,199.5,142.33,0.04010067
329.15,199.5,142.43,0.04017654
334.175,199.5,142.51,0.03997179
339.2,199.5,142.59,0.03955734
344.225,199.5,142.66,0.0393622
349.25,199.5,142.72,0.03979521
354.275,199.5,142.78,0.04092319
359.3,199.5,142.82,0.04284859
364.325,199.5,142.83,0.04513242
369.35,199.5,142.76,0.04764715
374.375,199.5,142.63,0.05004347
379.4,199.5,142.47,0.05164967
384.425,199.5,142.29,0.05214824
389.45,199.5,142.08,0.05135879
394.475,199.5,141.87,0.0492345
399.5,199.5,141.69,0.04608633
404.525,199.5,141.53,0.04229532
409.55,199.5,141.41,0.03822505
414.575,199.5,141.34,0.03417669
419.6,199.5,141.31,0.03048266
424.625,199.5,141.31,0.02739373
429.65,199.5,141.32,0.02536092
434.675,199.5,141.36,0.02481855
439.7,199.5,141.39,0.02603037
444.725,199.5,141.45,0.02878476
449.75,199.5,141.57,0.03282913
454.775,199.5,141.73,0.0378183
459.8,199.5,141.89,0.04393383
464.825,199.5,142.05,0.05130496
469.85,199.5,142.2,0.05957145
474.875,199.5,142.37,0.06829831
479.9,199.5,142.59,0.07724134
484.925,199.5,142.91,0.08552948
489.95,199.5,143.45,0.0920846
494.975,199.5,144.07,0.09653412
500,199.5,144.64,0.0985611
505.025,199.5,145.2,0.09826252
510.05,199.5,145.69,0.0959743
515.075,199.5,146.08,0.0926524
520.1,199.5,146.43,0.0901092
525.125,199.5,146.8,0.08908444
530.15,199.5,147.21,0.08871396
535.175,199.5,147.66,0.0879636
540.2,199.5,148.13,0.08604176
545.225,199.5,148.68,0.08214463
550.25,199.5,149.36,0.07619748
555.275,199.5,149.92,0.06874457
560.3,199.5,150.18,0.06085536
565.325,199.5,150.34,0.0539177
570.35,199.5,150.5,0.0489258
575.375,199.5,150.65,0.04654596
580.4,199.5,150.81,0.04625572
585.425,199.5,151,0.04605399
590.45,199.5,151.31,0.04428331
595.475,199.5,151.66,0.04106375
600.5,199.5,151.96,0.03723635
605.525,199.5,152.17,0.0332891
610.55,199.5,152.14,0.02956148
615.575,199.5,152.06,0.02659669
620.6,199.5,152.15,0.02524008
625.625,199.5,152.31,0.02605319
630.65,199.5,152.47,0.02866817
635.675,199.5,152.64,0.03187583
640.7,199.5,152.8,0.03423312
645.725,199.5,152.98,0.03508845
650.75,199.5,153.19,0.03514604
655.775,199.5,153.4,0.03523514
660.8,199.5,153.54,0.03561376
665.825,199.5,153.65,0.03637536
670.85,199.5,153.75,0.03740351
675.875,199.5,153.86,0.03838906
680.9,199.5,153.99,0.03935397
685.925,199.5,154.18,0.04052914
690.95,199.5,154.49,0.0415981
695.975,199.5,154.82,0.04213129
701,199.5,155.04,0.04169049
706.025,199.5,155.22,0.04012095
711.05,199.5,155.39,0.03747897
716.075,199.5,155.56,0.03407355
721.1,199.5,155.69,0.0304528
726.125,199.5,155.8,0.0270298
731.15,199.5,155.89,0.02372637
736.175,199.5,155.96,0.02045284
741.2,199.5,156.03,0.01743377
746.225,199.5,156.09,0.01472512
751.25,199.5,156.11,0.01243415
756.275,199.5,156.11,0.01063137
761.3,199.5,156.09,0.008980411
766.325,199.5,156.07,0.006782433
771.35,199.5,156.04,0.00631931
776.375,199.5,156.01,0.008406447
781.4,199.5,155.97,0.01143545
786.425,199.5,156.09,0.01835202
791.45,199.5,156.63,0.03081879
796.475,199.5,157.02,0.0488235
801.5,199.5,156.75,0.07245581
806.525,199.5,156.23,0.1009166
811.55,199.5,155.7,0.1318105
816.575,199.5,155.04,0.1620593
821.6,199.5,154.17,0.190689
826.625,199.5,153.19,0.2169403
831.65,199.5,152.14,0.2386819
836.675,199.5,150.98,0.2526792
841.7,199.5,149.68,0.257507
846.725,199.5,148.08,0.2550301
851.75,199.5,145.92,0.2482414
856.775,199.5,143.95,0.2393048
861.8,199.5,142.78,0.2298517
866.825,199.5,141.9,0.220517
871.85,199.5,141.09,0.2099996
876.875,199.5,140.31,0.1986012
881.9,199.5,139.49,0.188258
886.925,199.5,138.54,0.1791904
891.95,199.5,137.3,0.1697979
896.975,199.5,136.19,0.1593395
902,199.5,135.56,0.1476791
907.025,199.5,135.12,0.1346905
912.05,199.5,134.76,0.1207512
917.075,199.5,134.38,0.1075354
922.1,199.5,133.92,0.09723015
927.125,199.5,133.44,0.09069017
932.15,199.5,133.04,0.08679178
937.175,199.5,132.65,0.08425557
942.2,199.5,132.2,0.08282429
947.225,199.5,131.74,0.08264024
952.25,199.5,131.29,0.08391116
957.275,199.5,130.92,0.08568051
962.3,199.5,130.61,0.08739194
967.325,199.5,130.29,0.08970188
972.35,199.5,129.92,0.0933424
977.375,199.5,129.49,0.09882616
982.4,199.5,129.01,0.1065497
987.425,199.5,128.48,0.1160671
992.45,199.5,127.86,0.1275866
997.475,199.5,127.18,0.13696
1002.5,199.5,126.47,0.1345969
-2.5,204.55,141.52,0.05265235
2.525,204.55,141.55,0.05256403
7.55,204.55,141.6,0.05265806
12.575,204.55,141.65,0.05303123
17.6,204.55,141.66,0.05349422
22.625,204.55,141.65,0.05396962
27.65,204.55,141.64,0.05447987
32.675,204.55,141.64,0.05495823
37.7,204.55,141.64,0.0554498
42.725,204.55,141.62,0.0559425
47.75,204.55,141.58,0.05654173
52.775,204.55,141.51,0.05721059
57.8,204.55,141.47,0.05813536
62.825,204.55,141.44,0.05947063
67.85,204.55,141.43,0.06084478
72.875,204.55,141.42,0.06205536
77.9,204.55,141.4,0.06317879
82.925,204.55,141.39,0.06447972
87.95,204.55,141.28,0.06485705
92.975,204.55,141.13,0.06416845
98,204.55,141.03,0.06333643
103.025,204.55,140.92,0.06302316
108.05,204.55,140.92,0.06425791
113.075,204.55,140.94,0.06947343
118.1,204.55,140.76,0.07531859
123.125,204.55,140.44,0.07594123
128.15,204.55,140.61,0.07597152
133.175,204.55,140.94,0.07441488
138.2,204.55,140.44,0.07157592
143.225,204.55,139.79,0.06726157
148.25,204.55,139.73,0.06038395
153.275,204.55,140.06,0.04958318
158.3,204.55,139.84,0.03895347
163.325,204.55,138.5,0.02822138
168.35,204.55,138.19,0.01785232
173.375,204.55,137.88,0.0145533
178.4,204.55,138.27,0.02150013
183.425,204.55,139.14,0.03158181
188.45,204.55,139.38,0.04264183
193.475,204.55,139.48,0.05245093
198.5,204.55,139.74,0.0616469
203.525,204.55,140.12,0.06862872
208.55,204.55,140.49,0.07021726
213.575,204.55,140.72,0.067881
218.6,204.55,140.88,0.06312537
223.625,204.55,141,0.05850158
228.65,204.55,141.13,0.05548386
233.675,204.55,141.26,0.05413658
238.7,204.55,141.3,0.05420675
243.725,204.55,141.31,0.0550432
248.75,204.55,141.28,0.05591174
253.775,204.55,141.24,0.05599225
258.8,204.55,141.28,0.05532927
263.825,204.55,141.35,0.05412603
268.85,204.55,141.41,0.05207403
273.875,204.55,141.42,0.04970673
278.9,204.55,141.44,0.0472561
283.925,204.55,141.46,0.04467353
288.95,204.55,141.5,0.04235824
293.975,204.55,141.55,0.04076951
299,204.55,141.6,0.03989131
304.025,204.55,141.66,0.0395486
309.05,204.55,141.76,0.03965016
314.075,204.55,141.91,0.04013111
319.1,204.55,142.04,0.04071765
324.125,204.55,142.15,0.04128603
329.15,204.55,142.24,0.04167295
334.175,204.55,142.32,0.04192034
339.2,204.55,142.39,0.04202129
344.225,204.55,142.47,0.0422921
349.25,204.55,142.54,0.04323262
354.275,204.55,142.59,0.04485371
359.3,204.55,142.62,0.04692914
364.325,204.55,142.58,0.04903872
369.35,204.55,142.48,0.05070361
374.375,204.55,142.34,0.05186301
379.4,204.55,142.18,0.05207709
384.425,204.55,142.03,0.0511306
389.45,204.55,141.84,0.04892363
394.475,204.55,141.65,0.04551136
399.5,204.55,141.5,0.04131443
404.525,204.55,141.37,0.03676501
409.55,204.55,141.27,0.03214753
414.575,204.55,141.2,0.02767925
419.6,204.55,141.18,0.02367754
424.625,204.55,141.19,0.02059717
429.65,204.55,141.21,0.01900116
434.675,204.55,141.24,0.01920731
439.7,204.55,141.29,0.0211068
444.725,204.55,141.37,0.02420595
449.75,204.55,141.49,0.02829612
454.775,204.55,141.64,0.03312709
459.8,204.55,141.8,0.03891729
464.825,204.55,141.96,0.0464375
469.85,204.55,142.1,0.05516406
474.875,204.55,142.23,0.06469626
479.9,204.55,142.42,0.07477962
484.925,204.55,142.72,0.08463338
489.95,204.55,143.23,0.09279457
494.975,204.55,143.9,0.09849218
500,204.55,144.52,0.1014255
505.025,204.55,145.16,0.1015284
510.05,204.55,145.7,0.09924228
515.075,204.55,146.11,0.0955636
520.1,204.55,146.47,0.09257288
525.125,204.55,146.83,0.09133536
530.15,204.55,147.24,0.09063168
535.175,204.55,147.67,0.08941387
540.2,204.55,148.13,0.08729063
545.225,204.55,148.69,0.08347863
550.25,204.55,149.35,0.07762435
555.275,204.55,149.96,0.07022037
560.3,204.55,150.24,0.06226051
565.325,204.55,150.41,0.055082
570.35,204.55,150.56,0.04959794
575.375,204.55,150.72,0.04662973
580.4,204.55,150.88,0.0461081
585.425,204.55,151.07,0.04579856
590.45,204.55,151.35,0.0441226
595.475,204.55,151.7,0.04101455
600.5,204.55,152.01,0.03726903
605.525,204.55,152.23,0.03327928
610.55,204.55,152.25,0.02951756
615.575,204.55,152.15,0.02652516
620.6,204.55,152.22,0.02513811
625.625,204.55,152.38,0.02581324
630.65,204.55,152.54,0.02825746
635.675,204.55,152.69,0.0314478
640.7,204.55,152.85,0.03384108
645.725,204.55,153.01,0.03497452
650.75,204.55,153.21,0.03544146
655.775,204.55,153.43,0.0359314
660.8,204.55,153.59,0.03666436
665.825,204.55,153.74,0.03761859
670.85,204.55,153.86,0.03860065
675.875,204.55,153.97,0.03944301
680.9,204.55,154.11,0.04021331
685.925,204.55,154.26,0.04115105
690.95,204.55,154.53,0.04199097
695.975,204.55,154.86,0.04225297
701,204.55,155.1,0.0415491
706.025,204.55,155.3,0.03971613
711.05,204.55,155.49,0.03689988
716.075,204.55,155.65,0.03337071
721.1,204.55,155.78,0.02953691
726.125,204.55,155.88,0.02581112
731.15,204.55,155.96,0.02223054
736.175,204.55,156.02,0.01876742
741.2,204.55,156.09,0.01563584
746.225,204.55,156.15,0.0128834
751.25,204.55,156.17,0.01064863
756.275,204.55,156.16,0.009087144
761.3,204.55,156.13,0.00773379
766.325,204.55,156.1,0.004969113
771.35,204.55,156.06,0.001186257
776.375,204.55,156.02,0.006009004
781.4,204.55,155.97,0.01418942
786.425,204.55,155.94,0.02496809
791.45,204.55,156.24,0.03945138
796.475,204.55,156.61,0.05813238
801.5,204.55,156.34,0.08145325
806.525,204.55,155.87,0.1086192
811.55,204.55,155.29,0.1373484
816.575,204.55,154.7,0.1645376
821.6,204.55,153.84,0.189653
826.625,204.55,152.81,0.2140574
831.65,204.55,151.71,0.2354745
836.675,204.55,150.68,0.2497487
841.7,204.55,149.5,0.2543872
846.725,204.55,148.05,0.2513391
851.75,204.55,146.02,0.2435834
856.775,204.55,143.98,0.2332452
861.8,204.55,142.76,0.2222354
866.825,204.55,141.91,0.2122793
871.85,204.55,141.19,0.2021436
876.875,204.55,140.5,0.1916377
881.9,204.55,139.75,0.1830482
886.925,204.55,138.9,0.1764392
891.95,204.55,137.76,0.1699768
896.975,204.55,136.55,0.1626023
902,204.55,135.8,0.1537238
907.025,204.55,135.23,0.1423813
912.05,204.55,134.76,0.129046
917.075,204.55,134.32,0.1154381
922.1,204.55,133.78,0.1038413
927.125,204.55,133.29,0.09530276
932.15,204.55,132.85,0.08914857
937.175,204.55,132.51,0.08439615
942.2,204.55,132.1,0.08099928
947.225,204.55,131.61,0.07897418
952.25,204.55,131.15,0.07864146
957.275,204.55,130.81,0.0796633
962.3,204.55,130.53,0.08091341
967.325,204.55,130.23,0.08339095
972.35,204.55,129.86,0.08733954
977.375,204.55,129.53,0.09301978
982.4,204.55,129.14,0.1014062
987.425,204.55,128.57,0.1125479
992.45,204.55,127.89,0.1267519
997.475,204.55,127.23,0.1407323
1002.5,204.55,126.57,0.1455988
-2.5,209.6,141.79,0.05393927
2.525,209.6,141.82,0.05382254
7.55,209.6,141.87,0.05377929
12.575,209.6,141.91,0.05393062
17.6,209.6,141.92,0.05418312
22.625,209.6,141.92,0.05447761
27.65,209.6,141.91,0.05489615
32.675,209.6,141.91,0.05544828
37.7,209.6,141.91,0.05598943
42.725,209.6,141.9,0.05654795
47.75,209.6,141.86,0.05707721
52.775,209.6,141.81,0.05763661
57.8,209.6,141.77,0.05832395
62.825,209.6,141.74,0.05942285
67.85,209.6,141.72,0.06098448
72.875,209.6,141.71,0.06238047
77.9,209.6,141.7,0.06343339
82.925,209.6,141.71,0.06413014
87.95,209.6,141.71,0.06440999
92.975,209.6,141.56,0.0638958
98,209.6,141.39,0.0630211
103.025,209.6,141.23,0.06178447
108.05,209.6,141.04,0.06053576
113.075,209.6,140.99,0.06207661
118.1,209.6,140.86,0.06701676
123.125,209.6,140.63,0.07147164
128.15,209.6,140.39,0.07365834
133.175,209.6,140.61,0.07572665
138.2,209.6,140.53,0.07526643
143.225,209.6,140.18,0.0757778
148.25,209.6,139.86,0.07283003
153.275,209.6,139.9,0.06691942
158.3,209.6,139.89,0.05740609
163.325,209.6,139.12,0.04647793
168.35,209.6,138.89,0.03511764
173.375,209.6,138.47,0.0244644
178.4,209.6,138.03,0.01641524
183.425,209.6,138.28,0.01770268
188.45,209.6,138.75,0.0259435
193.475,209.6,138.57,0.03465837
198.5,209.6,139.48,0.0453158
203.525,209.6,139.77,0.05664169
208.55,209.6,139.98,0.06399518
213.575,209.6,140.35,0.06553493
218.6,209.6,140.6,0.06291947
223.625,209.6,140.77,0.05807259
228.65,209.6,140.87,0.0544135
233.675,209.6,140.97,0.05188243
238.7,209.6,141.03,0.05062855
243.725,209.6,141.06,0.05009844
248.75,209.6,141.1,0.0505193
253.775,209.6,141.08,0.05067929
258.8,209.6,141.09,0.04992681
263.825,209.6,141.13,0.04858238
268.85,209.6,141.16,0.04663032
273.875,209.6,141.21,0.04439584
278.9,209.6,141.22,0.04233482
283.925,209.6,141.25,0.04045753
288.95,209.6,141.29,0.03909877
293.975,209.6,141.34,0.03846559
299,209.6,141.4,0.03839914
304.025,209.6,141.48,0.03861301
309.05,209.6,141.56,0.03909018
314.075,209.6,141.68,0.03987444
319.1,209.6,141.8,0.04080595
324.125,209.6,141.92,0.04169131
329.15,209.6,142.03,0.04247862
334.175,209.6,142.1,0.04312463
339.2,209.6,142.16,0.04371563
344.225,209.6,142.25,0.04449573
349.25,209.6,142.36,0.04590675
354.275,209.6,142.39,0.04783867
359.3,209.6,142.4,0.04984398
364.325,209.6,142.3,0.05151484
369.35,209.6,142.11,0.05237783
374.375,209.6,141.95,0.0521676
379.4,209.6,141.82,0.05080573
384.425,209.6,141.7,0.04824921
389.45,209.6,141.58,0.04465958
394.475,209.6,141.43,0.0402043
399.5,209.6,141.33,0.03524969
404.525,209.6,141.24,0.0302143
409.55,209.6,141.17,0.02545414
414.575,209.6,141.12,0.02103804
419.6,209.6,141.1,0.01723811
424.625,209.6,141.1,0.01457412
429.65,209.6,141.12,0.01381344
434.675,209.6,141.15,0.0151195
439.7,209.6,141.2,0.01783442
444.725,209.6,141.29,0.0212726
449.75,209.6,141.43,0.02511284
454.775,209.6,141.58,0.02957584
459.8,209.6,141.74,0.03499657
464.825,209.6,141.9,0.04247544
469.85,209.6,142.06,0.05192254
474.875,209.6,142.2,0.06243735
479.9,209.6,142.35,0.07396876
484.925,209.6,142.65,0.08552745
489.95,209.6,143.13,0.09544106
494.975,209.6,143.76,0.1024402
500,209.6,144.4,0.1060335
505.025,209.6,145.11,0.1062313
510.05,209.6,145.82,0.1036242
515.075,209.6,146.27,0.09942313
520.1,209.6,146.62,0.0956639
525.125,209.6,146.96,0.09383936
530.15,209.6,147.34,0.09277526
535.175,209.6,147.76,0.09081218
540.2,209.6,148.2,0.08800652
545.225,209.6,148.78,0.08394151
550.25,209.6,149.44,0.07799012
555.275,209.6,149.98,0.07062585
560.3,209.6,150.3,0.06271179
565.325,209.6,150.46,0.05552136
570.35,209.6,150.62,0.04995186
575.375,209.6,150.78,0.04657494
580.4,209.6,150.94,0.04577375
585.425,209.6,151.15,0.04558632
590.45,209.6,151.43,0.04391791
595.475,209.6,151.75,0.04097199
600.5,209.6,152.06,0.03729332
605.525,209.6,152.24,0.03334508
610.55,209.6,152.28,0.02963916
615.575,209.6,152.25,0.0266255
620.6,209.6,152.29,0.02512964
625.625,209.6,152.44,0.02563216
630.65,209.6,152.6,0.02782142
635.675,209.6,152.75,0.03091608
640.7,209.6,152.9,0.03349467
645.725,209.6,153.05,0.03491333
650.75,209.6,153.22,0.03584933
655.775,209.6,153.43,0.03677562
660.8,209.6,153.63,0.03771276
665.825,209.6,153.81,0.03875491
670.85,209.6,154,0.0396719
675.875,209.6,154.15,0.04036629
680.9,209.6,154.3,0.04093251
685.925,209.6,154.44,0.04162542
690.95,209.6,154.57,0.04218221
695.975,209.6,154.86,0.04213099
701,209.6,155.11,0.04109414
706.025,209.6,155.35,0.03901887
711.05,209.6,155.59,0.03604579
716.075,209.6,155.74,0.03246422
721.1,209.6,155.86,0.02861163
726.125,209.6,155.94,0.02465707
731.15,209.6,156.01,0.02077945
736.175,209.6,156.07,0.01708315
741.2,209.6,156.13,0.01383234
746.225,209.6,156.19,0.01115268
751.25,209.6,156.22,0.009097331
756.275,209.6,156.19,0.007968741
761.3,209.6,156.15,0.007482055
766.325,209.6,156.11,0.005713614
771.35,209.6,156.05,0.003965142
776.375,209.6,156,0.008889591
781.4,209.6,155.95,0.01846298
786.425,209.6,155.94,0.03067397
791.45,209.6,155.84,0.04596062
796.475,209.6,155.89,0.0651945
801.5,209.6,155.61,0.0885586
806.525,209.6,155.22,0.1151642
811.55,209.6,154.8,0.1423146
816.575,209.6,154.03,0.1672734
821.6,209.6,153.14,0.1890882
826.625,209.6,152.1,0.2104746
831.65,209.6,150.93,0.2309348
836.675,209.6,149.83,0.2452287
841.7,209.6,148.81,0.2500561
846.725,209.6,147.51,0.2462324
851.75,209.6,145.92,0.2374794
856.775,209.6,144.12,0.2260977
861.8,209.6,142.88,0.2134798
866.825,209.6,142.08,0.2022227
871.85,209.6,141.36,0.1926883
876.875,209.6,140.72,0.1839473
881.9,209.6,140,0.1778542
886.925,209.6,139.16,0.1743615
891.95,209.6,138.25,0.1710185
896.975,209.6,137.14,0.1667502
902,209.6,136.21,0.1604197
907.025,209.6,135.48,0.1506501
912.05,209.6,134.73,0.1374684
917.075,209.6,134.12,0.1231049
922.1,209.6,133.45,0.1101693
927.125,209.6,132.94,0.09975187
932.15,209.6,132.62,0.09113912
937.175,209.6,132.24,0.08383683
942.2,209.6,131.9,0.07816345
947.225,209.6,131.46,0.0744849
952.25,209.6,130.88,0.07277157
957.275,209.6,130.46,0.07312292
962.3,209.6,130.18,0.07473354
967.325,209.6,129.93,0.07778486
972.35,209.6,129.62,0.08274029
977.375,209.6,129.29,0.08853602
982.4,209.6,129.04,0.09681732
987.425,209.6,128.55,0.1090704
992.45,209.6,127.73,0.1254929
997.475,209.6,127.04,0.1441725
1002.5,209.6,126.45,0.1588033
-2.5,214.65,142.06,0.0545414
2.525,214.65,142.09,0.05453049
7.55,214.65,142.14,0.05444434
12.575,214.65,142.18,0.05443571
17.6,214.65,142.19,0.05452647
22.625,214.65,142.19,0.05458751
27.65,214.65,142.19,0.05476287
32.675,214.65,142.19,0.05523989
37.7,214.65,142.19,0.05583467
42.725,214.65,142.18,0.05639869
47.75,214.65,142.14,0.05688405
52.775,214.65,142.11,0.05743746
57.8,214.65,142.07,0.05806088
62.825,214.65,142.05,0.05903199
67.85,214.65,142.02,0.06043244
72.875,214.65,142,0.06206403
77.9,214.65,141.98,0.06332257
82.925,214.65,141.99,0.06405971
87.95,214.65,142.04,0.06419761
92.975,214.65,141.97,0.06418542
98,214.65,141.77,0.06409116
103.025,214.65,141.55,0.06334247
108.05,214.65,141.3,0.06126512
113.075,214.65,141.07,0.05972801
118.1,214.65,140.92,0.06131731
123.125,214.65,140.74,0.06432879
128.15,214.65,140.58,0.06653432
133.175,214.65,140.43,0.07024903
138.2,214.65,140.42,0.07390022
143.225,214.65,140.25,0.0754282
148.25,214.65,140.11,0.07691989
153.275,214.65,139.81,0.07603026
158.3,214.65,139.59,0.07151609
163.325,214.65,139.27,0.06275173
168.35,214.65,139.66,0.05360298
173.375,214.65,139.88,0.04406014
178.4,214.65,138.75,0.03305032
183.425,214.65,138.71,0.0235116
188.45,214.65,138.11,0.01635233
193.475,214.65,138.41,0.01505737
198.5,214.65,139.42,0.02501179
203.525,214.65,139.74,0.03823831
208.55,214.65,139.77,0.04997288
213.575,214.65,139.95,0.05600327
218.6,214.65,140.31,0.05838912
223.625,214.65,140.54,0.05645052
228.65,214.65,140.67,0.05175414
233.675,214.65,140.73,0.04883913
238.7,214.65,140.78,0.04673098
243.725,214.65,140.82,0.04480523
248.75,214.65,140.88,0.0438835
253.775,214.65,140.94,0.0436257
258.8,214.65,140.98,0.04292477
263.825,214.65,141.02,0.04161512
268.85,214.65,141.01,0.03989868
273.875,214.65,141.02,0.03813603
278.9,214.65,141.04,0.03675275
283.925,214.65,141.07,0.03575139
288.95,214.65,141.11,0.03519323
293.975,214.65,141.16,0.03540653
299,214.65,141.22,0.03607477
304.025,214.65,141.3,0.03686243
309.05,214.65,141.38,0.0377327
314.075,214.65,141.47,0.0387589
319.1,214.65,141.57,0.03996771
324.125,214.65,141.67,0.04115771
329.15,214.65,141.8,0.04228158
334.175,214.65,141.89,0.04337336
339.2,214.65,141.93,0.0443774
344.225,214.65,141.99,0.04550013
349.25,214.65,142.11,0.04710788
354.275,214.65,142.17,0.04906183
359.3,214.65,142.14,0.05076167
364.325,214.65,142.04,0.0517916
369.35,214.65,141.8,0.05172746
374.375,214.65,141.58,0.05029023
379.4,214.65,141.46,0.04750189
384.425,214.65,141.37,0.04351826
389.45,214.65,141.31,0.03867135
394.475,214.65,141.24,0.03341931
399.5,214.65,141.19,0.02810524
404.525,214.65,141.16,0.02303158
409.55,214.65,141.11,0.01840149
414.575,214.65,141.07,0.01435536
419.6,214.65,141.06,0.01112466
424.625,214.65,141.06,0.009369379
429.65,214.65,141.07,0.009765176
434.675,214.65,141.1,0.01209391
439.7,214.65,141.14,0.01539208
444.725,214.65,141.22,0.01909045
449.75,214.65,141.36,0.02295408
454.775,214.65,141.53,0.02707634
459.8,214.65,141.69,0.03237604
464.825,214.65,141.86,0.03996522
469.85,214.65,142.02,0.05020705
474.875,214.65,142.18,0.06215177
479.9,214.65,142.35,0.07519869
484.925,214.65,142.62,0.08850542
489.95,214.65,143.15,0.1000829
494.975,214.65,143.76,0.1082985
500,214.65,144.37,0.1124137
505.025,214.65,145.07,0.1125013
510.05,214.65,145.87,0.1092048
515.075,214.65,146.48,0.1041083
520.1,214.65,146.83,0.09945283
525.125,214.65,147.18,0.09653207
530.15,214.65,147.54,0.0946002
535.175,214.65,147.93,0.09195832
540.2,214.65,148.35,0.08826522
545.225,214.65,148.88,0.08351984
550.25,214.65,149.56,0.07732827
555.275,214.65,150.08,0.06980572
560.3,214.65,150.35,0.06199136
565.325,214.65,150.51,0.05497215
570.35,214.65,150.68,0.04966471
575.375,214.65,150.84,0.04648621
580.4,214.65,151,0.04546561
585.425,214.65,151.2,0.04530283
590.45,214.65,151.5,0.04382901
595.475,214.65,151.82,0.04098366
600.5,214.65,152.11,0.03738591
605.525,214.65,152.31,0.03357898
610.55,214.65,152.3,0.02989258
615.575,214.65,152.28,0.02690248
620.6,214.65,152.37,0.0252514
625.625,214.65,152.51,0.02540713
630.65,214.65,152.66,0.02732278
635.675,214.65,152.81,0.03020339
640.7,214.65,152.96,0.03296721
645.725,214.65,153.1,0.03484583
650.75,214.65,153.25,0.03628976
655.775,214.65,153.44,0.03769072
660.8,214.65,153.66,0.03889508
665.825,214.65,153.87,0.03980814
670.85,214.65,154.09,0.04056327
675.875,214.65,154.31,0.0410487
680.9,214.65,154.5,0.04145251
685.925,214.65,154.66,0.04195674
690.95,214.65,154.75,0.04221014
695.975,214.65,154.89,0.04178605
701,214.65,155.12,0.04043009
706.025,214.65,155.35,0.0380943
711.05,214.65,155.64,0.03502674
716.075,214.65,155.84,0.0314697
721.1,214.65,155.93,0.02761198
726.125,214.65,155.99,0.0235931
731.15,214.65,156.05,0.01949293
736.175,214.65,156.11,0.01561068
741.2,214.65,156.16,0.01228495
746.225,214.65,156.21,0.009710471
751.25,214.65,156.25,0.00797495
756.275,214.65,156.23,0.007359604
761.3,214.65,156.17,0.007722783
766.325,214.65,156.11,0.008028345
771.35,214.65,156.05,0.00870876
776.375,214.65,155.98,0.01387748
781.4,214.65,155.92,0.0232245
786.425,214.65,155.89,0.03552914
791.45,214.65,155.78,0.05094312
796.475,214.65,155.42,0.07042899
801.5,214.65,154.91,0.09367954
806.525,214.65,154.35,0.119534
811.55,214.65,154.13,0.1453766
816.575,214.65,153.5,0.168518
821.6,214.65,152.41,0.1884174
826.625,214.65,151.27,0.2067372
831.65,214.65,150.18,0.2248744
836.675,214.65,149.03,0.2382956
841.7,214.65,148.01,0.2432418
846.725,214.65,146.84,0.239446
851.75,214.65,145.41,0.2300906
856.775,214.65,144.07,0.2180558
861.8,214.65,143.05,0.2049604
866.825,214.65,142.31,0.1926568
871.85,214.65,141.6,0.1831488
876.875,214.65,140.91,0.1762918
881.9,214.65,140.2,0.1728468
886.925,214.65,139.38,0.1728863
891.95,214.65,138.47,0.1732014
896.975,214.65,137.56,0.1720508
902,214.65,136.63,0.167802
907.025,214.65,135.79,0.1588888
912.05,214.65,134.87,0.1456395
917.075,214.65,133.96,0.1301535
922.1,214.65,133.11,0.1152875
927.125,214.65,132.43,0.1026382
932.15,214.65,132.23,0.09158307
937.175,214.65,132.03,0.08176385
942.2,214.65,131.69,0.07386261
947.225,214.65,131.34,0.06856683
952.25,214.65,130.79,0.06628796
957.275,214.65,130.22,0.06647518
962.3,214.65,129.85,0.068777
967.325,214.65,129.56,0.07296021
972.35,214.65,129.35,0.07893682
977.375,214.65,129.1,0.08541657
982.4,214.65,128.9,0.09344855
987.425,214.65,128.54,0.1060301
992.45,214.65,127.74,0.1235714
997.475,214.65,126.91,0.1460201
1002.5,214.65,126.36,0.1689325
-2.5,219.7,142.34,0.05379984
2.525,219.7,142.37,0.05399475
7.55,219.7,142.41,0.05406288
12.575,219.7,142.45,0.0539029
17.6,219.7,142.46,0.053832
22.625,219.7,142.46,0.05371992
27.65,219.7,142.46,0.0535934
32.675,219.7,142.46,0.0537821
37.7,219.7,142.46,0.05431445
42.725,219.7,142.45,0.05491055
47.75,219.7,142.43,0.05547084
52.775,219.7,142.4,0.05604416
57.8,219.7,142.37,0.05675438
62.825,219.7,142.35,0.05779173
67.85,219.7,142.32,0.05922721
72.875,219.7,142.3,0.06076923
77.9,219.7,142.27,0.06222174
82.925,219.7,142.27,0.06314664
87.95,219.7,142.33,0.06355867
92.975,219.7,142.31,0.06376783
98,219.7,142.12,0.06436027
103.025,219.7,141.87,0.06480827
108.05,219.7,141.58,0.06359416
113.075,219.7,141.31,0.06125761
118.1,219.7,141.11,0.06043721
123.125,219.7,140.94,0.06159964
128.15,219.7,140.79,0.06171384
133.175,219.7,140.67,0.06303805
138.2,219.7,140.57,0.06753117
143.225,219.7,140.46,0.07070774
148.25,219.7,140.31,0.07425608
153.275,219.7,140.03,0.07854593
158.3,219.7,139.63,0.07775948
163.325,219.7,139.56,0.07409
168.35,219.7,140.21,0.06932139
173.375,219.7,140.54,0.06233689
178.4,219.7,139.83,0.052882
183.425,219.7,138.39,0.04295822
188.45,219.7,138.52,0.0298564
193.475,219.7,138.58,0.01617288
198.5,219.7,139.19,0.008601298
203.525,219.7,139.55,0.01869275
208.55,219.7,139.68,0.03117038
213.575,219.7,139.79,0.04167293
218.6,219.7,140.1,0.04767094
223.625,219.7,140.36,0.05030648
228.65,219.7,140.48,0.04844418
233.675,219.7,140.53,0.04486892
238.7,219.7,140.57,0.04229288
243.725,219.7,140.62,0.03972865
248.75,219.7,140.68,0.03783761
253.775,219.7,140.75,0.03655824
258.8,219.7,140.83,0.03572229
263.825,219.7,140.89,0.03464805
268.85,219.7,140.9,0.0333845
273.875,219.7,140.87,0.03208867
278.9,219.7,140.88,0.0313024
283.925,219.7,140.91,0.03106673
288.95,219.7,140.95,0.03127814
293.975,219.7,141.01,0.03200875
299,219.7,141.07,0.03315959
304.025,219.7,141.14,0.03436211
309.05,219.7,141.21,0.03553347
314.075,219.7,141.29,0.03679249
319.1,219.7,141.37,0.03815529
324.125,219.7,141.45,0.03963181
329.15,219.7,141.57,0.04103554
334.175,219.7,141.68,0.04244264
339.2,219.7,141.73,0.04377876
344.225,219.7,141.76,0.04506104
349.25,219.7,141.84,0.04644453
354.275,219.7,141.89,0.04794003
359.3,219.7,141.86,0.04897851
364.325,219.7,141.75,0.0492203
369.35,219.7,141.54,0.04821703
374.375,219.7,141.32,0.04574422
379.4,219.7,141.2,0.04182607
384.425,219.7,141.14,0.03683761
389.45,219.7,141.1,0.03123091
394.475,219.7,141.09,0.02559777
399.5,219.7,141.09,0.02034315
404.525,219.7,141.1,0.01564473
409.55,219.7,141.07,0.01154978
414.575,219.7,141.04,0.00807256
419.6,219.7,141.03,0.005720919
424.625,219.7,141.04,0.005284233
429.65,219.7,141.05,0.00704207
434.675,219.7,141.08,0.009955499
439.7,219.7,141.13,0.01341347
444.725,219.7,141.2,0.01718567
449.75,219.7,141.32,0.02115758
454.775,219.7,141.47,0.0253465
459.8,219.7,141.64,0.03083405
464.825,219.7,141.81,0.03909036
469.85,219.7,141.98,0.05038153
474.875,219.7,142.15,0.06383152
479.9,219.7,142.33,0.07849937
484.925,219.7,142.61,0.0932183
489.95,219.7,143.16,0.1060494
494.975,219.7,143.84,0.1151071
500,219.7,144.47,0.11949
505.025,219.7,145.17,0.1192606
510.05,219.7,145.96,0.1151389
515.075,219.7,146.62,0.1089356
520.1,219.7,147.04,0.1031243
525.125,219.7,147.4,0.09887675
530.15,219.7,147.76,0.09559373
535.175,219.7,148.13,0.09196788
540.2,219.7,148.54,0.08749776
545.225,219.7,149.02,0.08208182
550.25,219.7,149.63,0.07552186
555.275,219.7,150.15,0.06801057
560.3,219.7,150.4,0.06042607
565.325,219.7,150.57,0.05376657
570.35,219.7,150.73,0.04883415
575.375,219.7,150.9,0.0461653
580.4,219.7,151.06,0.04536205
585.425,219.7,151.26,0.04515032
590.45,219.7,151.55,0.04382574
595.475,219.7,151.87,0.04105302
600.5,219.7,152.16,0.03754791
605.525,219.7,152.38,0.03377191
610.55,219.7,152.39,0.03008736
615.575,219.7,152.35,0.0270452
620.6,219.7,152.44,0.025246
625.625,219.7,152.58,0.02514774
630.65,219.7,152.72,0.02674061
635.675,219.7,152.87,0.02946172
640.7,219.7,153.01,0.03230187
645.725,219.7,153.15,0.03459805
650.75,219.7,153.29,0.03652148
655.775,219.7,153.47,0.0383695
660.8,219.7,153.69,0.03986244
665.825,219.7,153.93,0.04072939
670.85,219.7,154.17,0.04128608
675.875,219.7,154.41,0.0415994
680.9,219.7,154.63,0.04177006
685.925,219.7,154.81,0.0420638
690.95,219.7,154.9,0.04208205
695.975,219.7,155,0.0413633
701,219.7,155.17,0.03971973
706.025,219.7,155.38,0.0372213
711.05,219.7,155.66,0.03416259
716.075,219.7,155.9,0.03073567
721.1,219.7,156,0.02685884
726.125,219.7,156.05,0.02271988
731.15,219.7,156.1,0.01847043
736.175,219.7,156.15,0.01448874
741.2,219.7,156.2,0.0112274
746.225,219.7,156.25,0.008852423
751.25,219.7,156.28,0.007425597
756.275,219.7,156.26,0.007321277
761.3,219.7,156.2,0.008419879
766.325,219.7,156.13,0.01018993
771.35,219.7,156.05,0.01280923
776.375,219.7,155.98,0.01862115
781.4,219.7,155.92,0.02791938
786.425,219.7,155.84,0.03979113
791.45,219.7,155.66,0.05483222
796.475,219.7,155.24,0.07406514
801.5,219.7,154.55,0.09707562
806.525,219.7,153.87,0.1221034
811.55,219.7,153.53,0.146466
816.575,219.7,153.06,0.1678272
821.6,219.7,152.01,0.186103
826.625,219.7,150.8,0.2026708
831.65,219.7,149.66,0.2184533
836.675,219.7,148.59,0.2303599
841.7,219.7,147.58,0.2346102
846.725,219.7,146.51,0.2308658
851.75,219.7,145.19,0.2216757
856.775,219.7,143.97,0.2098044
861.8,219.7,143.14,0.1969172
866.825,219.7,142.45,0.1848161
871.85,219.7,141.76,0.1755102
876.875,219.7,141.05,0.17014
881.9,219.7,140.31,0.1690449
886.925,219.7,139.52,0.1718981
891.95,219.7,138.65,0.1756494
896.975,219.7,137.74,0.1775348
902,219.7,136.85,0.1753225
907.025,219.7,135.93,0.1670234
912.05,219.7,134.91,0.1532662
917.075,219.7,133.88,0.1365389
922.1,219.7,132.9,0.1194092
927.125,219.7,132.12,0.1038197
932.15,219.7,131.88,0.08985813
937.175,219.7,131.82,0.07753334
942.2,219.7,131.59,0.0679279
947.225,219.7,131.29,0.06182889
952.25,219.7,130.82,0.05974968
957.275,219.7,130.27,0.0607584
962.3,219.7,129.84,0.06403495
967.325,219.7,129.51,0.06941739
972.35,219.7,129.28,0.07636368
977.375,219.7,129.11,0.08353786
982.4,219.7,128.97,0.09158151
987.425,219.7,128.69,0.10365
992.45,219.7,127.95,0.1208363
997.475,219.7,127.1,0.1440066
1002.5,219.7,126.53,0.1704084
-2.5,224.75,142.64,0.05134896
2.525,224.75,142.65,0.05166395
7.55,224.75,142.69,0.05193008
12.575,224.75,142.72,0.05181062
17.6,224.75,142.74,0.05163391
22.625,224.75,142.74,0.05138481
27.65,224.75,142.76,0.05098087
32.675,224.75,142.75,0.0508386
37.7,224.75,142.74,0.05112649
42.725,224.75,142.73,0.05165093
47.75,224.75,142.73,0.05230833
52.775,224.75,142.7,0.05314743
57.8,224.75,142.68,0.05412458
62.825,224.75,142.64,0.05527065
67.85,224.75,142.62,0.05683597
72.875,224.75,142.59,0.05847924
77.9,224.75,142.56,0.05997626
82.925,224.75,142.58,0.061323
87.95,224.75,142.64,0.06216628
92.975,224.75,142.64,0.0628327
98,224.75,142.46,0.0636919
103.025,224.75,142.18,0.06499401
108.05,224.75,141.88,0.06551965
113.075,224.75,141.58,0.06422781
118.1,224.75,141.37,0.06256884
123.125,224.75,141.22,0.06202988
128.15,224.75,141.09,0.06175884
133.175,224.75,140.98,0.06159026
138.2,224.75,140.88,0.06301057
143.225,224.75,140.73,0.0642301
148.25,224.75,140.55,0.06771944
153.275,224.75,140.25,0.07386838
158.3,224.75,139.85,0.07788817
163.325,224.75,139.62,0.0796458
168.35,224.75,140.14,0.08007092
173.375,224.75,140.69,0.07609918
178.4,224.75,140.2,0.07007488
183.425,224.75,139.42,0.06187282
188.45,224.75,138.48,0.05033648
193.475,224.75,138.5,0.03730617
198.5,224.75,138.87,0.02338877
203.525,224.75,139.09,0.01196583
208.55,224.75,139.35,0.01454976
213.575,224.75,139.42,0.02394261
218.6,224.75,139.99,0.03357767
223.625,224.75,140.28,0.03958913
228.65,224.75,140.34,0.04157535
233.675,224.75,140.35,0.04012082
238.7,224.75,140.37,0.03746973
243.725,224.75,140.42,0.03481919
248.75,224.75,140.49,0.03247115
253.775,224.75,140.57,0.03051767
258.8,224.75,140.66,0.02939313
263.825,224.75,140.75,0.02847788
268.85,224.75,140.76,0.02761185
273.875,224.75,140.73,0.02691358
278.9,224.75,140.73,0.02658863
283.925,224.75,140.78,0.02672303
288.95,224.75,140.83,0.02739967
293.975,224.75,140.88,0.02852541
299,224.75,140.94,0.02994718
304.025,224.75,141,0.03143608
309.05,224.75,141.05,0.0327612
314.075,224.75,141.12,0.0340963
319.1,224.75,141.18,0.0354883
324.125,224.75,141.26,0.03700869
329.15,224.75,141.36,0.0386944
334.175,224.75,141.47,0.04031253
339.2,224.75,141.52,0.04177414
344.225,224.75,141.51,0.04288891
349.25,224.75,141.53,0.04376265
354.275,224.75,141.57,0.04429538
359.3,224.75,141.53,0.04428571
364.325,224.75,141.46,0.04342724
369.35,224.75,141.28,0.04154671
374.375,224.75,141.08,0.0382676
379.4,224.75,140.99,0.03364179
384.425,224.75,140.97,0.02821042
389.45,224.75,140.97,0.02255854
394.475,224.75,140.99,0.017197
399.5,224.75,141.03,0.01246662
404.525,224.75,141.06,0.008447336
409.55,224.75,141.06,0.005200102
414.575,224.75,141.03,0.002901928
419.6,224.75,141.02,0.002784556
424.625,224.75,141.04,0.004276936
429.65,224.75,141.07,0.0062242
434.675,224.75,141.1,0.008805785
439.7,224.75,141.15,0.01191007
444.725,224.75,141.18,0.01553277
449.75,224.75,141.27,0.01962256
454.775,224.75,141.41,0.0241901
459.8,224.75,141.58,0.03018603
464.825,224.75,141.76,0.03949508
469.85,224.75,141.93,0.05222706
474.875,224.75,142.11,0.06731558
479.9,224.75,142.31,0.08336033
484.925,224.75,142.67,0.09906726
489.95,224.75,143.27,0.1125112
494.975,224.75,144,0.1218307
500,224.75,144.69,0.1261502
505.025,224.75,145.36,0.1254533
510.05,224.75,146.14,0.1203637
515.075,224.75,146.81,0.1126797
520.1,224.75,147.26,0.1055251
525.125,224.75,147.65,0.0999109
530.15,224.75,148.03,0.09513017
535.175,224.75,148.39,0.0904237
540.2,224.75,148.77,0.0852334
545.225,224.75,149.17,0.07942048
550.25,224.75,149.71,0.07267781
555.275,224.75,150.21,0.06531823
560.3,224.75,150.46,0.05817244
565.325,224.75,150.62,0.05213288
570.35,224.75,150.78,0.04784922
575.375,224.75,150.95,0.04574323
580.4,224.75,151.12,0.04535465
585.425,224.75,151.32,0.04511908
590.45,224.75,151.59,0.04380399
595.475,224.75,151.92,0.04109283
600.5,224.75,152.21,0.03763116
605.525,224.75,152.43,0.03382572
610.55,224.75,152.49,0.0301053
615.575,224.75,152.44,0.02694569
620.6,224.75,152.51,0.02503056
625.625,224.75,152.65,0.0247027
630.65,224.75,152.79,0.02611422
635.675,224.75,152.93,0.02878657
640.7,224.75,153.06,0.03162811
645.725,224.75,153.19,0.03418947
650.75,224.75,153.33,0.03648433
655.775,224.75,153.5,0.03865526
660.8,224.75,153.73,0.04037124
665.825,224.75,153.99,0.04127805
670.85,224.75,154.25,0.04175406
675.875,224.75,154.51,0.04201006
680.9,224.75,154.74,0.04201497
685.925,224.75,154.92,0.04209516
690.95,224.75,155.02,0.04194391
695.975,224.75,155.08,0.04100943
701,224.75,155.24,0.03916722
706.025,224.75,155.45,0.036602
711.05,224.75,155.71,0.03359571
716.075,224.75,155.96,0.03030109
721.1,224.75,156.07,0.02645726
726.125,224.75,156.11,0.02224367
731.15,224.75,156.15,0.01786382
736.175,224.75,156.19,0.0138638
741.2,224.75,156.24,0.0107702
746.225,224.75,156.28,0.00862488
751.25,224.75,156.31,0.0075923
756.275,224.75,156.29,0.007824565
761.3,224.75,156.23,0.009243468
766.325,224.75,156.16,0.01196817
771.35,224.75,156.09,0.01616262
776.375,224.75,156,0.02285248
781.4,224.75,155.93,0.03239116
786.425,224.75,155.86,0.04387594
791.45,224.75,155.62,0.05849704
796.475,224.75,155.11,0.0772197
801.5,224.75,154.38,0.09955114
806.525,224.75,153.66,0.1236111
811.55,224.75,153.24,0.1468712
816.575,224.75,152.79,0.1667093
821.6,224.75,151.78,0.1832284
826.625,224.75,150.58,0.19815
831.65,224.75,149.47,0.2120298
836.675,224.75,148.39,0.2225716
841.7,224.75,147.37,0.2258437
846.725,224.75,146.34,0.2218
851.75,224.75,145.19,0.2128527
856.775,224.75,144.02,0.2016138
861.8,224.75,143.2,0.1895738
866.825,224.75,142.49,0.1782226
871.85,224.75,141.78,0.1696397
876.875,224.75,141.1,0.1655954
881.9,224.75,140.37,0.1666012
886.925,224.75,139.59,0.1717851
891.95,224.75,138.7,0.1781142
896.975,224.75,137.79,0.182444
902,224.75,136.88,0.1821858
907.025,224.75,135.89,0.1747066
912.05,224.75,134.77,0.1605554
917.075,224.75,133.67,0.142206
922.1,224.75,132.7,0.1224681
927.125,224.75,131.97,0.1036558
932.15,224.75,131.7,0.08665116
937.175,224.75,131.73,0.07190995
942.2,224.75,131.56,0.06105316
947.225,224.75,131.37,0.05520494
952.25,224.75,131.03,0.05426573
957.275,224.75,130.48,0.05671506
962.3,224.75,130.05,0.06085485
967.325,224.75,129.71,0.06718778
972.35,224.75,129.52,0.07513804
977.375,224.75,129.34,0.08313941
982.4,224.75,129.18,0.0911354
987.425,224.75,128.96,0.1022434
992.45,224.75,128.36,0.1181244
997.475,224.75,127.48,0.1396988
1002.5,224.75,126.87,0.1635281
-2.5,229.8,142.98,0.04766638
2.525,229.8,142.98,0.04815761
7.55,229.8,142.97,0.04839461
12.575,229.8,143.01,0.04822442
17.6,229.8,143.03,0.04802289
22.625,229.8,143.04,0.04778439
27.65,229.8,143.06,0.04729975
32.675,229.8,143.07,0.0468367
37.7,229.8,143.04,0.04684988
42.725,229.8,143.01,0.0472681
47.75,229.8,143.03,0.04797146
52.775,229.8,143.04,0.04906608
57.8,229.8,143.03,0.05046814
62.825,229.8,142.98,0.0519718
67.85,229.8,142.91,0.05352269
72.875,229.8,142.89,0.05514903
77.9,229.8,142.86,0.05680522
82.925,229.8,142.9,0.0585243
87.95,229.8,142.99,0.06022151
92.975,229.8,142.98,0.06161789
98,229.8,142.82,0.0629738
103.025,229.8,142.52,0.06437376
108.05,229.8,142.18,0.06600007
113.075,229.8,141.91,0.06663414
118.1,229.8,141.7,0.06597519
123.125,229.8,141.55,0.06513944
128.15,229.8,141.43,0.06468873
133.175,229.8,141.33,0.06450181
138.2,229.8,141.22,0.06494824
143.225,229.8,141.04,0.06468739
148.25,229.8,140.85,0.06509904
153.275,229.8,140.65,0.06882956
158.3,229.8,140.37,0.07527033
163.325,229.8,140.26,0.08189908
168.35,229.8,140.39,0.08544752
173.375,229.8,140.82,0.08574787
178.4,229.8,140.62,0.08293676
183.425,229.8,139.82,0.07721777
188.45,229.8,139.47,0.06889015
193.475,229.8,139.3,0.05750256
198.5,229.8,138.47,0.04344205
203.525,229.8,138.84,0.02867499
208.55,229.8,138.88,0.01610311
213.575,229.8,139.06,0.01119713
218.6,229.8,139.74,0.01679414
223.625,229.8,139.99,0.02578914
228.65,229.8,140.22,0.03168071
233.675,229.8,140.17,0.03277859
238.7,229.8,140.17,0.03141647
243.725,229.8,140.23,0.0295325
248.75,229.8,140.3,0.02734969
253.775,229.8,140.39,0.02511873
258.8,229.8,140.49,0.02379399
263.825,229.8,140.59,0.02309764
268.85,229.8,140.63,0.02245712
273.875,229.8,140.61,0.02213022
278.9,229.8,140.6,0.02223329
283.925,229.8,140.66,0.02267875
288.95,229.8,140.73,0.02351569
293.975,229.8,140.78,0.02480937
299,229.8,140.83,0.02637653
304.025,229.8,140.88,0.02807231
309.05,229.8,140.91,0.02964158
314.075,229.8,140.95,0.03096951
319.1,229.8,141,0.03218466
324.125,229.8,141.08,0.03349762
329.15,229.8,141.16,0.03510058
334.175,229.8,141.26,0.03681126
339.2,229.8,141.33,0.03820624
344.225,229.8,141.31,0.03899147
349.25,229.8,141.18,0.03905267
354.275,229.8,141.16,0.03851338
359.3,229.8,141.12,0.03723323
364.325,229.8,141.08,0.03516711
369.35,229.8,141.01,0.03220988
374.375,229.8,140.87,0.02831855
379.4,229.8,140.82,0.02355139
384.425,229.8,140.85,0.01834255
389.45,229.8,140.88,0.01327513
394.475,229.8,140.94,0.008840935
399.5,229.8,141.01,0.00527043
404.525,229.8,141.05,0.002688528
409.55,229.8,141.05,0.002246965
414.575,229.8,141.05,0.003698906
419.6,229.8,141.05,0.00523746
424.625,229.8,141.08,0.006315213
429.65,229.8,141.13,0.007211649
434.675,229.8,141.18,0.008683183
439.7,229.8,141.22,0.01107524
444.725,229.8,141.22,0.01432405
449.75,229.8,141.21,0.01841565
454.775,229.8,141.33,0.02344754
459.8,229.8,141.51,0.03031718
464.825,229.8,141.7,0.04094017
469.85,229.8,141.89,0.055428
474.875,229.8,142.08,0.07204638
479.9,229.8,142.29,0.08918763
484.925,229.8,142.76,0.1052962
489.95,229.8,143.57,0.1188048
494.975,229.8,144.35,0.1279353
500,229.8,145.1,0.1318428
505.025,229.8,145.76,0.1303799
510.05,229.8,146.38,0.1241815
515.075,229.8,147.05,0.1149549
520.1,229.8,147.54,0.1058761
525.125,229.8,147.94,0.09880447
530.15,229.8,148.38,0.09279474
535.175,229.8,148.77,0.08720361
540.2,229.8,149.12,0.08166886
545.225,229.8,149.47,0.07567693
550.25,229.8,149.82,0.069048
555.275,229.8,150.25,0.06209909
560.3,229.8,150.52,0.05552297
565.325,229.8,150.67,0.05021582
570.35,229.8,150.82,0.04678277
575.375,229.8,150.99,0.04530518
580.4,229.8,151.17,0.04535812
585.425,229.8,151.39,0.04520032
590.45,229.8,151.66,0.04369451
595.475,229.8,151.96,0.0409806
600.5,229.8,152.26,0.03751127
605.525,229.8,152.45,0.03368556
610.55,229.8,152.53,0.02993185
615.575,229.8,152.54,0.02672816
620.6,229.8,152.59,0.02472099
625.625,229.8,152.72,0.02435598
630.65,229.8,152.86,0.02560646
635.675,229.8,152.99,0.02819992
640.7,229.8,153.12,0.03105485
645.725,229.8,153.23,0.03357868
650.75,229.8,153.35,0.03607943
655.775,229.8,153.53,0.03844348
660.8,229.8,153.77,0.04040865
665.825,229.8,154.04,0.0415722
670.85,229.8,154.32,0.04205541
675.875,229.8,154.59,0.04235923
680.9,229.8,154.83,0.04233763
685.925,229.8,155,0.0422745
690.95,229.8,155.11,0.04204211
695.975,229.8,155.2,0.0409991
701,229.8,155.34,0.03899647
706.025,229.8,155.56,0.03633015
711.05,229.8,155.81,0.03328875
716.075,229.8,156.02,0.02998745
721.1,229.8,156.13,0.02614508
726.125,229.8,156.17,0.02180982
731.15,229.8,156.2,0.01741828
736.175,229.8,156.23,0.01348065
741.2,229.8,156.28,0.01058663
746.225,229.8,156.32,0.008745471
751.25,229.8,156.35,0.008050435
756.275,229.8,156.33,0.008600188
761.3,229.8,156.27,0.01014516
766.325,229.8,156.19,0.01295898
771.35,229.8,156.13,0.01808157
776.375,229.8,156.05,0.02587093
781.4,229.8,155.96,0.03619843
786.425,229.8,155.89,0.04786621
791.45,229.8,155.73,0.06190016
796.475,229.8,155.24,0.08022738
801.5,229.8,154.49,0.1018517
806.525,229.8,153.8,0.1249563
811.55,229.8,153.25,0.1471175
816.575,229.8,152.72,0.1660867
821.6,229.8,151.77,0.1814514
826.625,229.8,150.57,0.1949329
831.65,229.8,149.45,0.2070502
836.675,229.8,148.4,0.2158892
841.7,229.8,147.34,0.2183469
846.725,229.8,146.24,0.2139822
851.75,229.8,145.13,0.2054971
856.775,229.8,144.09,0.1948765
861.8,229.8,143.23,0.183616
866.825,229.8,142.5,0.173265
871.85,229.8,141.74,0.1655398
876.875,229.8,141.01,0.162433
881.9,229.8,140.31,0.1649495
886.925,229.8,139.57,0.1719716
891.95,229.8,138.67,0.1803195
896.975,229.8,137.66,0.1864936
902,229.8,136.69,0.1878377
907.025,229.8,135.66,0.1814317
912.05,229.8,134.51,0.1670821
917.075,229.8,133.41,0.1473636
922.1,229.8,132.5,0.124707
927.125,229.8,131.95,0.1021957
932.15,229.8,131.72,0.08199439
937.175,229.8,131.7,0.06539908
942.2,229.8,131.61,0.0541809
947.225,229.8,131.44,0.04945834
952.25,229.8,131.35,0.05019431
957.275,229.8,130.98,0.05414375
962.3,229.8,130.56,0.05901748
967.325,229.8,130.2,0.0653751
972.35,229.8,129.93,0.0739611
977.375,229.8,129.76,0.08295025
982.4,229.8,129.54,0.0913332
987.425,229.8,129.21,0.1012341
992.45,229.8,128.8,0.1151541
997.475,229.8,128.11,0.1334949
1002.5,229.8,127.45,0.1526032
-2.5,234.85,143.29,0.04415141
2.525,234.85,143.31,0.04461425
7.55,234.85,143.28,0.04463944
12.575,234.85,143.27,0.04431046
17.6,234.85,143.3,0.04398689
22.625,234.85,143.32,0.04371327
27.65,234.85,143.34,0.04340104
32.675,234.85,143.34,0.0428487
37.7,234.85,143.31,0.0425784
42.725,234.85,143.28,0.04289897
47.75,234.85,143.28,0.04370279
52.775,234.85,143.31,0.04500205
57.8,234.85,143.33,0.04673313
62.825,234.85,143.31,0.04849828
67.85,234.85,143.23,0.05012033
72.875,234.85,143.18,0.05153575
77.9,234.85,143.15,0.05315757
82.925,234.85,143.18,0.05518997
87.95,234.85,143.29,0.05754092
92.975,234.85,143.3,0.05989711
98,234.85,143.14,0.06198711
103.025,234.85,142.87,0.06384566
108.05,234.85,142.51,0.06547843
113.075,234.85,142.23,0.0671997
118.1,234.85,142.06,0.0682757
123.125,234.85,141.92,0.0686706
128.15,234.85,141.8,0.06845496
133.175,234.85,141.68,0.06842049
138.2,234.85,141.57,0.06897718
143.225,234.85,141.4,0.06885252
148.25,234.85,141.16,0.06791544
153.275,234.85,141.04,0.06837978
158.3,234.85,140.98,0.07305677
163.325,234.85,141.01,0.07963202
168.35,234.85,141.2,0.08507387
173.375,234.85,141.26,0.08911752
178.4,234.85,141.08,0.08960614
183.425,234.85,140.67,0.0862488
188.45,234.85,140.5,0.08116444
193.475,234.85,140.18,0.07274816
198.5,234.85,139.22,0.06064959
203.525,234.85,138.66,0.04586159
208.55,234.85,139.17,0.03152532
213.575,234.85,139.25,0.01795612
218.6,234.85,139.56,0.008668828
223.625,234.85,139.58,0.01286307
228.65,234.85,139.89,0.02078624
233.675,234.85,140.04,0.02422836
238.7,234.85,140.02,0.02374479
243.725,234.85,140.07,0.02313763
248.75,234.85,140.16,0.02218345
253.775,234.85,140.25,0.02035368
258.8,234.85,140.36,0.01885355
263.825,234.85,140.46,0.01819664
268.85,234.85,140.51,0.01782389
273.875,234.85,140.51,0.01768331
278.9,234.85,140.52,0.01800318
283.925,234.85,140.56,0.01864595
288.95,234.85,140.63,0.01962526
293.975,234.85,140.7,0.02095432
299,234.85,140.75,0.02258923
304.025,234.85,140.79,0.02432286
309.05,234.85,140.81,0.02597186
314.075,234.85,140.82,0.02743685
319.1,234.85,140.86,0.02853221
324.125,234.85,140.91,0.02937651
329.15,234.85,141,0.03044038
334.175,234.85,141.08,0.0318182
339.2,234.85,141.15,0.03296783
344.225,234.85,141.16,0.03334607
349.25,234.85,141.01,0.03267661
354.275,234.85,140.84,0.0310612
359.3,234.85,140.77,0.02869244
364.325,234.85,140.71,0.02552322
369.35,234.85,140.72,0.02167808
374.375,234.85,140.72,0.01736077
379.4,234.85,140.73,0.01302618
384.425,234.85,140.79,0.009050088
389.45,234.85,140.85,0.005844994
394.475,234.85,140.93,0.004159385
399.5,234.85,141.03,0.004311927
404.525,234.85,141.1,0.005344292
409.55,234.85,141.08,0.006520648
414.575,234.85,141.07,0.00762417
419.6,234.85,141.1,0.008397748
424.625,234.85,141.15,0.008663818
429.65,234.85,141.2,0.008675953
434.675,234.85,141.26,0.009173088
439.7,234.85,141.32,0.01081384
444.725,234.85,141.33,0.01374155
449.75,234.85,141.24,0.01775492
454.775,234.85,141.26,0.02302665
459.8,234.85,141.45,0.03086154
464.825,234.85,141.65,0.04289142
469.85,234.85,141.86,0.0591367
474.875,234.85,142.08,0.07735257
479.9,234.85,142.31,0.09526975
484.925,234.85,142.77,0.111271
489.95,234.85,143.74,0.1242903
494.975,234.85,144.74,0.1329057
500,234.85,145.53,0.1360718
505.025,234.85,146.27,0.1336512
510.05,234.85,146.81,0.126082
515.075,234.85,147.3,0.1154158
520.1,234.85,147.81,0.1046005
525.125,234.85,148.24,0.09578084
530.15,234.85,148.67,0.08879147
535.175,234.85,149.09,0.08268709
540.2,234.85,149.46,0.07710988
545.225,234.85,149.8,0.07134657
550.25,234.85,150.07,0.06506475
555.275,234.85,150.33,0.05873766
560.3,234.85,150.57,0.05300227
565.325,234.85,150.73,0.04852724
570.35,234.85,150.89,0.0459057
575.375,234.85,151.05,0.04505439
580.4,234.85,151.22,0.04527597
585.425,234.85,151.44,0.04519301
590.45,234.85,151.73,0.04351971
595.475,234.85,152.03,0.04067894
600.5,234.85,152.31,0.0371805
605.525,234.85,152.51,0.03339536
610.55,234.85,152.55,0.02972451
615.575,234.85,152.58,0.02661686
620.6,234.85,152.66,0.02465273
625.625,234.85,152.8,0.02423829
630.65,234.85,152.92,0.02541532
635.675,234.85,153.05,0.027801
640.7,234.85,153.18,0.03055059
645.725,234.85,153.29,0.03296444
650.75,234.85,153.39,0.03533733
655.775,234.85,153.56,0.03773123
660.8,234.85,153.8,0.03991224
665.825,234.85,154.07,0.0415024
670.85,234.85,154.36,0.04237075
675.875,234.85,154.64,0.04283334
680.9,234.85,154.88,0.0429301
685.925,234.85,155.07,0.04279015
690.95,234.85,155.17,0.04245689
695.975,234.85,155.28,0.04133781
701,234.85,155.44,0.03916935
706.025,234.85,155.65,0.03633424
711.05,234.85,155.92,0.03298796
716.075,234.85,156.11,0.0294149
721.1,234.85,156.2,0.02537187
726.125,234.85,156.22,0.02087728
731.15,234.85,156.25,0.0164009
736.175,234.85,156.28,0.01258958
741.2,234.85,156.32,0.009938477
746.225,234.85,156.35,0.008446869
751.25,234.85,156.38,0.008090353
756.275,234.85,156.36,0.009091288
761.3,234.85,156.3,0.01094319
766.325,234.85,156.23,0.01379455
771.35,234.85,156.16,0.01884744
776.375,234.85,156.09,0.02722734
781.4,234.85,156,0.03825391
786.425,234.85,155.91,0.05088018
791.45,234.85,155.77,0.06501428
796.475,234.85,155.4,0.08273185
801.5,234.85,154.71,0.1038133
806.525,234.85,154.02,0.126124
811.55,234.85,153.49,0.1474528
816.575,234.85,152.82,0.1656585
821.6,234.85,151.85,0.1805257
826.625,234.85,150.7,0.1931866
831.65,234.85,149.56,0.2042236
836.675,234.85,148.48,0.2115534
841.7,234.85,147.42,0.2130386
846.725,234.85,146.31,0.2084038
851.75,234.85,145.12,0.2002748
856.775,234.85,144.1,0.1903922
861.8,234.85,143.26,0.1796764
866.825,234.85,142.5,0.1699452
871.85,234.85,141.73,0.1630626
876.875,234.85,140.96,0.1607142
881.9,234.85,140.24,0.164079
886.925,234.85,139.51,0.1722606
891.95,234.85,138.66,0.181882
896.975,234.85,137.6,0.1895632
902,234.85,136.52,0.1919702
907.025,234.85,135.44,0.1866363
912.05,234.85,134.28,0.1725875
917.075,234.85,133.22,0.1518135
922.1,234.85,132.41,0.1270178
927.125,234.85,131.93,0.1011484
932.15,234.85,131.84,0.07759835
937.175,234.85,131.81,0.05901031
942.2,234.85,131.69,0.04776855
947.225,234.85,131.54,0.04433887
952.25,234.85,131.48,0.04669599
957.275,234.85,131.38,0.05160246
962.3,234.85,131.1,0.05713585
967.325,234.85,130.81,0.06337099
972.35,234.85,130.47,0.07171642
977.375,234.85,130.19,0.08122811
982.4,234.85,129.93,0.09009717
987.425,234.85,129.57,0.09949177
992.45,234.85,129.1,0.1116199
997.475,234.85,128.62,0.126619
1002.5,234.85,128.07,0.1405346
-2.5,239.9,143.51,0.04193353
2.525,239.9,143.55,0.04207854
7.55,239.9,143.54,0.04158725
12.575,239.9,143.52,0.0411227
17.6,239.9,143.53,0.04070047
22.625,239.9,143.55,0.04036426
27.65,239.9,143.56,0.04022444
32.675,239.9,143.55,0.03986035
37.7,239.9,143.52,0.03948658
42.725,239.9,143.49,0.03963994
47.75,239.9,143.48,0.04044221
52.775,239.9,143.51,0.04188387
57.8,239.9,143.54,0.04379473
62.825,239.9,143.55,0.04563067
67.85,239.9,143.52,0.04703946
72.875,239.9,143.47,0.0482128
77.9,239.9,143.44,0.04959478
82.925,239.9,143.45,0.05177795
87.95,239.9,143.52,0.05469452
92.975,239.9,143.53,0.05777507
98,239.9,143.38,0.06059741
103.025,239.9,143.15,0.06287247
108.05,239.9,142.84,0.06472114
113.075,239.9,142.55,0.06645658
118.1,239.9,142.39,0.06842515
123.125,239.9,142.27,0.06999147
128.15,239.9,142.15,0.07098804
133.175,239.9,142.03,0.07115281
138.2,239.9,141.91,0.07159303
143.225,239.9,141.75,0.07160314
148.25,239.9,141.53,0.07077317
153.275,239.9,141.38,0.06990106
158.3,239.9,141.42,0.07092508
163.325,239.9,141.53,0.07601701
168.35,239.9,141.77,0.08028583
173.375,239.9,141.84,0.08567476
178.4,239.9,141.57,0.08953237
183.425,239.9,141.41,0.08950515
188.45,239.9,141.52,0.08734584
193.475,239.9,141.34,0.08256634
198.5,239.9,140.64,0.0726831
203.525,239.9,139.65,0.05985921
208.55,239.9,138.85,0.04555385
213.575,239.9,139.34,0.03189446
218.6,239.9,139.56,0.01978426
223.625,239.9,139.46,0.01169266
228.65,239.9,139.66,0.01270144
233.675,239.9,139.89,0.01590033
238.7,239.9,139.96,0.01722216
243.725,239.9,140,0.01686763
248.75,239.9,140.07,0.01699647
253.775,239.9,140.17,0.0159779
258.8,239.9,140.29,0.01467197
263.825,239.9,140.4,0.013905
268.85,239.9,140.45,0.01355274
273.875,239.9,140.45,0.01355442
278.9,239.9,140.46,0.01403369
283.925,239.9,140.49,0.01477577
288.95,239.9,140.54,0.01572325
293.975,239.9,140.6,0.01699167
299,239.9,140.65,0.01856625
304.025,239.9,140.69,0.02031354
309.05,239.9,140.71,0.02196749
314.075,239.9,140.72,0.02337532
319.1,239.9,140.75,0.02437248
324.125,239.9,140.79,0.02478151
329.15,239.9,140.85,0.02509458
334.175,239.9,140.92,0.02566438
339.2,239.9,141,0.02621805
344.225,239.9,141.03,0.02613638
349.25,239.9,140.89,0.02500966
354.275,239.9,140.69,0.02266447
359.3,239.9,140.58,0.01953507
364.325,239.9,140.54,0.0157266
369.35,239.9,140.56,0.01147164
374.375,239.9,140.62,0.007728352
379.4,239.9,140.71,0.00607844
384.425,239.9,140.81,0.006658974
389.45,239.9,140.89,0.007737151
394.475,239.9,140.97,0.008677735
399.5,239.9,141.08,0.009408305
404.525,239.9,141.17,0.00994529
409.55,239.9,141.15,0.01040874
414.575,239.9,141.11,0.01077003
419.6,239.9,141.14,0.01088277
424.625,239.9,141.2,0.01051143
429.65,239.9,141.26,0.0099289
434.675,239.9,141.33,0.009853678
439.7,239.9,141.39,0.01097384
444.725,239.9,141.41,0.01362065
449.75,239.9,141.31,0.01768221
454.775,239.9,141.27,0.02316694
459.8,239.9,141.42,0.03161287
464.825,239.9,141.64,0.04489536
469.85,239.9,141.87,0.06261174
474.875,239.9,142.11,0.08218366
479.9,239.9,142.37,0.1007561
484.925,239.9,142.81,0.1165454
489.95,239.9,143.79,0.1287212
494.975,239.9,144.92,0.1364059
500,239.9,145.81,0.1386613
505.025,239.9,146.59,0.1350602
510.05,239.9,147.16,0.1260218
515.075,239.9,147.57,0.1137633
520.1,239.9,148,0.1016428
525.125,239.9,148.45,0.09157484
530.15,239.9,148.88,0.08385158
535.175,239.9,149.29,0.07770088
540.2,239.9,149.66,0.07228588
545.225,239.9,149.98,0.06693183
550.25,239.9,150.24,0.06124713
555.275,239.9,150.43,0.05563901
560.3,239.9,150.61,0.05076418
565.325,239.9,150.78,0.04720175
570.35,239.9,150.95,0.04535584
575.375,239.9,151.12,0.0450311
580.4,239.9,151.3,0.04531874
585.425,239.9,151.51,0.04503722
590.45,239.9,151.78,0.04331352
595.475,239.9,152.09,0.04035167
600.5,239.9,152.36,0.0368326
605.525,239.9,152.58,0.03313096
610.55,239.9,152.63,0.0295909
615.575,239.9,152.64,0.02672073
620.6,239.9,152.73,0.02493931
625.625,239.9,152.86,0.02458689
630.65,239.9,152.98,0.02569024
635.675,239.9,153.11,0.02782517
640.7,239.9,153.23,0.03026324
645.725,239.9,153.35,0.03244254
650.75,239.9,153.45,0.03455166
655.775,239.9,153.6,0.03679335
660.8,239.9,153.84,0.03904187
665.825,239.9,154.11,0.04102235
670.85,239.9,154.38,0.04244048
675.875,239.9,154.65,0.04328428
680.9,239.9,154.89,0.043622
685.925,239.9,155.09,0.04355526
690.95,239.9,155.23,0.04305945
695.975,239.9,155.37,0.04173527
701,239.9,155.54,0.03933526
706.025,239.9,155.73,0.03611676
711.05,239.9,155.99,0.03228986
716.075,239.9,156.19,0.02804338
721.1,239.9,156.26,0.02352479
726.125,239.9,156.28,0.01874879
731.15,239.9,156.31,0.0141731
736.175,239.9,156.33,0.01031305
741.2,239.9,156.36,0.00785892
746.225,239.9,156.39,0.006902088
751.25,239.9,156.41,0.007354957
756.275,239.9,156.39,0.009089082
761.3,239.9,156.33,0.01139478
766.325,239.9,156.25,0.01434371
771.35,239.9,156.17,0.01931076
776.375,239.9,156.09,0.02758847
781.4,239.9,156,0.03888514
786.425,239.9,155.91,0.05206896
791.45,239.9,155.77,0.06695956
796.475,239.9,155.42,0.0845403
801.5,239.9,154.8,0.1050299
806.525,239.9,154.11,0.1267374
811.55,239.9,153.55,0.1475235
816.575,239.9,152.87,0.1653164
821.6,239.9,151.86,0.1797658
826.625,239.9,150.76,0.1921038
831.65,239.9,149.65,0.2025001
836.675,239.9,148.55,0.2090684
841.7,239.9,147.48,0.2098994
846.725,239.9,146.39,0.2052531
851.75,239.9,145.23,0.1973033
856.775,239.9,144.16,0.187904
861.8,239.9,143.32,0.1776281
866.825,239.9,142.54,0.1680453
871.85,239.9,141.77,0.161487
876.875,239.9,141.01,0.1596971
881.9,239.9,140.28,0.1637281
886.925,239.9,139.55,0.1726708
891.95,239.9,138.7,0.1830704
896.975,239.9,137.68,0.1915015
902,239.9,136.56,0.1947208
907.025,239.9,135.44,0.1900996
912.05,239.9,134.26,0.1768485
917.075,239.9,133.21,0.1559002
922.1,239.9,132.48,0.1298058
927.125,239.9,132.02,0.101786
932.15,239.9,131.9,0.07560727
937.175,239.9,131.89,0.05498468
942.2,239.9,131.74,0.04274188
947.225,239.9,131.62,0.03919579
952.25,239.9,131.6,0.04197822
957.275,239.9,131.56,0.04719765
962.3,239.9,131.4,0.05284468
967.325,239.9,131.17,0.05900958
972.35,239.9,130.87,0.06698894
977.375,239.9,130.55,0.07648634
982.4,239.9,130.22,0.08568433
987.425,239.9,129.87,0.0950506
992.45,239.9,129.46,0.1061041
997.475,239.9,129,0.119575
1002.5,239.9,128.55,0.1319356
-2.5,244.95,143.65,0.04163286
2.525,244.95,143.73,0.04111037
7.55,244.95,143.73,0.04015867
12.575,244.95,143.71,0.03951424
17.6,244.95,143.71,0.03905889
22.625,244.95,143.71,0.03877674
27.65,244.95,143.69,0.03883849
32.675,244.95,143.69,0.03870396
37.7,244.95,143.67,0.03840462
42.725,244.95,143.62,0.03846601
47.75,244.95,143.58,0.0391121
52.775,244.95,143.63,0.04041044
57.8,244.95,143.69,0.04219375
62.825,244.95,143.76,0.04379124
67.85,244.95,143.76,0.04478626
72.875,244.95,143.75,0.04542263
77.9,244.95,143.75,0.04643717
82.925,244.95,143.68,0.04855262
87.95,244.95,143.68,0.05178892
92.975,244.95,143.7,0.05555299
98,244.95,143.57,0.0590013
103.025,244.95,143.41,0.06177145
108.05,244.95,143.15,0.06373144
113.075,244.95,142.88,0.06542604
118.1,244.95,142.72,0.06753517
123.125,244.95,142.6,0.06972344
128.15,244.95,142.48,0.07116533
133.175,244.95,142.36,0.07185534
138.2,244.95,142.24,0.07187951
143.225,244.95,142.09,0.07178366
148.25,244.95,141.89,0.07089314
153.275,244.95,141.75,0.06980732
158.3,244.95,141.79,0.06984735
163.325,244.95,141.9,0.07152261
168.35,244.95,142.08,0.07477717
173.375,244.95,142.23,0.07912925
178.4,244.95,142.05,0.08503634
183.425,244.95,141.81,0.08847111
188.45,244.95,141.9,0.09043263
193.475,244.95,142,0.08819122
198.5,244.95,141.48,0.08103006
203.525,244.95,140.37,0.07000273
208.55,244.95,139.36,0.05741226
213.575,244.95,139.46,0.04455194
218.6,244.95,139.49,0.03224638
223.625,244.95,139.37,0.02180681
228.65,244.95,139.62,0.0152464
233.675,244.95,139.86,0.01347278
238.7,244.95,139.94,0.01293114
243.725,244.95,140,0.01255553
248.75,244.95,140.08,0.01310487
253.775,244.95,140.16,0.01247177
258.8,244.95,140.26,0.01121893
263.825,244.95,140.38,0.01030003
268.85,244.95,140.44,0.009775872
273.875,244.95,140.43,0.009727169
278.9,244.95,140.42,0.01025922
283.925,244.95,140.42,0.01110944
288.95,244.95,140.45,0.01193834
293.975,244.95,140.49,0.01297469
299,244.95,140.53,0.01433185
304.025,244.95,140.61,0.0158643
309.05,244.95,140.64,0.01738775
314.075,244.95,140.64,0.01876102
319.1,244.95,140.66,0.01960979
324.125,244.95,140.68,0.01959803
329.15,244.95,140.71,0.01910637
334.175,244.95,140.76,0.01872851
339.2,244.95,140.83,0.01843657
344.225,244.95,140.91,0.01781696
349.25,244.95,140.83,0.01643672
354.275,244.95,140.62,0.01401805
359.3,244.95,140.51,0.01079369
364.325,244.95,140.51,0.007328252
369.35,244.95,140.58,0.005004273
374.375,244.95,140.67,0.006627886
379.4,244.95,140.76,0.009896931
384.425,244.95,140.88,0.01224404
389.45,244.95,140.98,0.01336755
394.475,244.95,141.06,0.0136759
399.5,244.95,141.16,0.01362152
404.525,244.95,141.22,0.01339074
409.55,244.95,141.21,0.01318851
414.575,244.95,141.16,0.01299468
419.6,244.95,141.18,0.01254772
424.625,244.95,141.25,0.01172555
429.65,244.95,141.33,0.01071651
434.675,244.95,141.39,0.01031599
439.7,244.95,141.46,0.01121729
444.725,244.95,141.44,0.0138032
449.75,244.95,141.35,0.01800861
454.775,244.95,141.28,0.02384538
459.8,244.95,141.42,0.03267358
464.825,244.95,141.67,0.04682322
469.85,244.95,141.93,0.06558141
474.875,244.95,142.19,0.08613005
479.9,244.95,142.46,0.1051493
484.925,244.95,142.92,0.1206005
489.95,244.95,143.86,0.1318641
494.975,244.95,145.09,0.1384052
500,244.95,146.03,0.139502
505.025,244.95,146.81,0.1347786
510.05,244.95,147.39,0.1244275
515.075,244.95,147.77,0.1106732
520.1,244.95,148.16,0.09747285
525.125,244.95,148.59,0.08667449
530.15,244.95,149.01,0.07865308
535.175,244.95,149.42,0.0728575
540.2,244.95,149.78,0.06793093
545.225,244.95,150.08,0.06303211
550.25,244.95,150.3,0.05797318
555.275,244.95,150.48,0.05306996
560.3,244.95,150.65,0.0489601
565.325,244.95,150.84,0.04613081
570.35,244.95,151.03,0.04483352
575.375,244.95,151.21,0.04493993
580.4,244.95,151.4,0.0453455
585.425,244.95,151.6,0.04489318
590.45,244.95,151.86,0.04306775
595.475,244.95,152.15,0.04007849
600.5,244.95,152.41,0.03661422
605.525,244.95,152.62,0.03304685
610.55,244.95,152.7,0.02982022
615.575,244.95,152.7,0.02727997
620.6,244.95,152.78,0.02579102
625.625,244.95,152.9,0.02558074
630.65,244.95,153.02,0.0266129
635.675,244.95,153.14,0.02849064
640.7,244.95,153.28,0.03050615
645.725,244.95,153.41,0.03233476
650.75,244.95,153.51,0.03407528
655.775,244.95,153.65,0.03610404
660.8,244.95,153.86,0.03822362
665.825,244.95,154.1,0.04034711
670.85,244.95,154.34,0.04218352
675.875,244.95,154.61,0.04341077
680.9,244.95,154.85,0.04397581
685.925,244.95,155.12,0.04400602
690.95,244.95,155.31,0.04342886
695.975,244.95,155.46,0.04192832
701,244.95,155.65,0.03921687
706.025,244.95,155.83,0.0354393
711.05,244.95,156.07,0.03080363
716.075,244.95,156.27,0.02563308
721.1,244.95,156.35,0.02041725
726.125,244.95,156.37,0.01533452
731.15,244.95,156.41,0.01055726
736.175,244.95,156.42,0.006365464
741.2,244.95,156.42,0.003673846
746.225,244.95,156.43,0.003795344
751.25,244.95,156.45,0.005929127
756.275,244.95,156.43,0.008817832
761.3,244.95,156.37,0.01173876
766.325,244.95,156.26,0.01464441
771.35,244.95,156.17,0.01927188
776.375,244.95,156.08,0.02735041
781.4,244.95,155.98,0.03860529
786.425,244.95,155.91,0.05198232
791.45,244.95,155.77,0.06726214
796.475,244.95,155.45,0.08494867
801.5,244.95,154.84,0.1051277
806.525,244.95,154.13,0.1263418
811.55,244.95,153.49,0.146719
816.575,244.95,152.81,0.164527
821.6,244.95,151.84,0.1789345
826.625,244.95,150.8,0.1911129
831.65,244.95,149.71,0.2011583
836.675,244.95,148.62,0.2073351
841.7,244.95,147.55,0.2079544
846.725,244.95,146.45,0.2035647
851.75,244.95,145.32,0.1961463
856.775,244.95,144.25,0.1869605
861.8,244.95,143.4,0.1768114
866.825,244.95,142.64,0.1672131
871.85,244.95,141.88,0.1605832
876.875,244.95,141.12,0.1589301
881.9,244.95,140.39,0.1633746
886.925,244.95,139.72,0.1729169
891.95,244.95,138.91,0.183929
896.975,244.95,137.88,0.1927433
902,244.95,136.73,0.1963661
907.025,244.95,135.5,0.1921968
912.05,244.95,134.31,0.1798246
917.075,244.95,133.25,0.1599114
922.1,244.95,132.52,0.1339841
927.125,244.95,132.13,0.1051406
932.15,244.95,131.94,0.07725233
937.175,244.95,131.92,0.05444063
942.2,244.95,131.77,0.04014471
947.225,244.95,131.65,0.03444121
952.25,244.95,131.67,0.03553628
957.275,244.95,131.7,0.04004241
962.3,244.95,131.6,0.04528044
967.325,244.95,131.38,0.05124681
972.35,244.95,131.1,0.05874524
977.375,244.95,130.78,0.06811255
982.4,244.95,130.47,0.07772875
987.425,244.95,130.16,0.08735794
992.45,244.95,129.81,0.097752
997.475,244.95,129.41,0.1106112
1002.5,244.95,128.99,0.1236057
-2.5,250,143.67,0.04335071
2.525,250,143.79,0.04172656
7.55,250,143.89,0.04046878
12.575,250,143.85,0.03984686
17.6,250,143.82,0.03945554
22.625,250,143.8,0.03932844
27.65,250,143.74,0.03957534
32.675,250,143.71,0.0396567
37.7,250,143.72,0.03946975
42.725,250,143.7,0.03940888
47.75,250,143.6,0.03988906
52.775,250,143.61,0.04087344
57.8,250,143.71,0.04222274
62.825,250,143.85,0.04326125
67.85,250,143.99,0.04368312
72.875,250,144.03,0.04375322
77.9,250,144.08,0.04423968
82.925,250,144.01,0.04600705
87.95,250,143.78,0.0491543
92.975,250,143.73,0.05315622
98,250,143.65,0.05716348
103.025,250,143.55,0.0604488
108.05,250,143.44,0.06289985
113.075,250,143.21,0.06461762
118.1,250,143.05,0.06653647
123.125,250,142.93,0.06889349
128.15,250,142.81,0.07065264
133.175,250,142.69,0.07123199
138.2,250,142.57,0.07092439
143.225,250,142.39,0.07001902
148.25,250,142.18,0.06911217
153.275,250,142.08,0.06817022
158.3,250,142.11,0.06769471
163.325,250,142.25,0.06783007
168.35,250,142.38,0.06822034
173.375,250,142.46,0.0711417
178.4,250,142.37,0.07747792
183.425,250,142.16,0.0846015
188.45,250,141.91,0.08857894
193.475,250,141.93,0.08962783
198.5,250,141.7,0.0860063
203.525,250,140.42,0.07759368
208.55,250,140,0.06635757
213.575,250,139.81,0.05457685
218.6,250,139.74,0.04267346
223.625,250,139.57,0.03149563
228.65,250,139.63,0.02303305
233.675,250,139.92,0.01738845
238.7,250,140.02,0.01365936
243.725,250,140.06,0.0120726
248.75,250,140.15,0.01147378
253.775,250,140.23,0.0103834
258.8,250,140.29,0.008912216
263.825,250,140.38,0.007506756
268.85,250,140.47,0.006569152
273.875,250,140.48,0.006300537
278.9,250,140.44,0.006814169
283.925,250,140.4,0.007649572
288.95,250,140.36,0.00843493
293.975,250,140.37,0.00922366
299,250,140.39,0.01020132
304.025,250,140.48,0.01132387
309.05,250,140.61,0.01245966
314.075,250,140.62,0.01361389
319.1,250,140.6,0.01442965
324.125,250,140.59,0.01424946
329.15,250,140.58,0.0130786
334.175,250,140.6,0.01167953
339.2,250,140.66,0.01052441
344.225,250,140.74,0.009468653
349.25,250,140.8,0.008240993
354.275,250,140.69,0.006736086
359.3,250,140.61,0.005768602
364.325,250,140.63,0.006685343
369.35,250,140.73,0.009431871
374.375,250,140.85,0.01287086
379.4,250,140.94,0.01579794
384.425,250,141.02,0.0173685
389.45,250,141.13,0.01760913
394.475,250,141.22,0.01707272
399.5,250,141.29,0.01630476
404.525,250,141.3,0.01553724
409.55,250,141.24,0.01485794
414.575,250,141.2,0.01416375
419.6,250,141.21,0.01330811
424.625,250,141.3,0.012171
429.65,250,141.39,0.01103201
434.675,250,141.47,0.01038894
439.7,250,141.53,0.01124332
444.725,250,141.46,0.0140047
449.75,250,141.32,0.01862316
454.775,250,141.3,0.02504263
459.8,250,141.44,0.03420758
464.825,250,141.72,0.04852344
469.85,250,142.03,0.06776937
474.875,250,142.32,0.08875623
479.9,250,142.6,0.108128
484.925,250,143.15,0.1232745
489.95,250,144.08,0.1335974
494.975,250,145.2,0.1389568
500,250,146.2,0.1388582
505.025,250,146.95,0.1330046
510.05,250,147.53,0.1218937
515.075,250,147.94,0.1072601
520.1,250,148.3,0.09335192
525.125,250,148.69,0.08246611
530.15,250,149.06,0.07441438
535.175,250,149.44,0.06901991
540.2,250,149.8,0.06468506
545.225,250,150.09,0.06022798
550.25,250,150.32,0.05569849
555.275,250,150.5,0.05149426
560.3,250,150.69,0.04796201
565.325,250,150.9,0.04554836
570.35,250,151.11,0.04459682
575.375,250,151.31,0.04482005
580.4,250,151.52,0.04534722
585.425,250,151.73,0.04485501
590.45,250,151.95,0.04296027
595.475,250,152.21,0.04005246
600.5,250,152.46,0.03671437
605.525,250,152.63,0.03338483
610.55,250,152.72,0.0305001
615.575,250,152.74,0.02843358
620.6,250,152.8,0.02733366
625.625,250,152.93,0.02731379
630.65,250,153.04,0.02825963
635.675,250,153.16,0.02988158
640.7,250,153.3,0.03149578
645.725,250,153.45,0.03284677
650.75,250,153.58,0.03417874
655.775,250,153.7,0.03577511
660.8,250,153.87,0.0377068
665.825,250,154.07,0.03979467
670.85,250,154.25,0.04172513
675.875,250,154.47,0.04310423
680.9,250,154.72,0.04369139
685.925,250,155.04,0.0437028
690.95,250,155.39,0.04304631
695.975,250,155.59,0.04136026
701,250,155.78,0.03850088
706.025,250,155.97,0.03439782
711.05,250,156.18,0.02917281
716.075,250,156.38,0.02324681
721.1,250,156.48,0.01752562
726.125,250,156.5,0.01259131
731.15,250,156.53,0.00833306
736.175,250,156.55,0.004674318
741.2,250,156.52,0.002454362
746.225,250,156.5,0.003793067
751.25,250,156.5,0.006541752
756.275,250,156.49,0.009558595
761.3,250,156.42,0.01250638
766.325,250,156.3,0.01534249
771.35,250,156.16,0.01937867
776.375,250,156.06,0.02676026
781.4,250,155.94,0.03776585
786.425,250,155.9,0.05113563
791.45,250,155.82,0.06655206
796.475,250,155.47,0.08428094
801.5,250,154.87,0.1040471
806.525,250,154.19,0.1248517
811.55,250,153.5,0.1449363
816.575,250,152.75,0.1627886
821.6,250,151.83,0.1774785
826.625,250,150.82,0.189642
831.65,250,149.83,0.1996361
836.675,250,148.75,0.2058325
841.7,250,147.68,0.2066478
846.725,250,146.54,0.2024984
851.75,250,145.36,0.1954667
856.775,250,144.35,0.1866943
861.8,250,143.51,0.1765747
866.825,250,142.77,0.1667181
871.85,250,142.04,0.1597803
876.875,250,141.3,0.157928
881.9,250,140.57,0.1623908
886.925,250,139.93,0.1724191
891.95,250,139.28,0.1841227
896.975,250,138.28,0.1932032
902,250,137.07,0.197153
907.025,250,135.72,0.1936196
912.05,250,134.29,0.182253
917.075,250,133.2,0.1641231
922.1,250,132.43,0.1399581
927.125,250,132.12,0.1118793
932.15,250,132.06,0.08347035
937.175,250,131.94,0.05863257
942.2,250,131.81,0.04108109
947.225,250,131.69,0.03196897
952.25,250,131.68,0.02960946
957.275,250,131.72,0.03188749
962.3,250,131.67,0.03588563
967.325,250,131.49,0.04126341
972.35,250,131.26,0.04849014
977.375,250,130.98,0.05741138
982.4,250,130.7,0.06736633
987.425,250,130.42,0.07767513
992.45,250,130.13,0.08800711
997.475,250,129.8,0.1003066
1002.5,250,129.42,0.1136006
-2.5,255.05,143.7,0.04583373
2.525,255.05,143.77,0.04326238
7.55,255.05,143.94,0.0420019
12.575,255.05,144.01,0.04168618
17.6,255.05,143.94,0.04163331
22.625,255.05,143.89,0.04183706
27.65,255.05,143.83,0.04219869
32.675,255.05,143.78,0.0424671
37.7,255.05,143.79,0.04240902
42.725,255.05,143.78,0.0422142
47.75,255.05,143.7,0.04231736
52.775,255.05,143.65,0.04289064
57.8,255.05,143.74,0.04360027
62.825,255.05,143.88,0.04408404
67.85,255.05,144.1,0.04392018
72.875,255.05,144.27,0.04356755
77.9,255.05,144.38,0.0436589
82.925,255.05,144.38,0.04489034
87.95,255.05,144.09,0.04757725
92.975,255.05,143.82,0.05132278
98,255.05,143.72,0.05541084
103.025,255.05,143.64,0.05903296
108.05,255.05,143.61,0.06190445
113.075,255.05,143.53,0.06404302
118.1,255.05,143.38,0.06592214
123.125,255.05,143.26,0.06808508
128.15,255.05,143.14,0.06992309
133.175,255.05,143.02,0.07048225
138.2,255.05,142.9,0.06971268
143.225,255.05,142.73,0.06803907
148.25,255.05,142.47,0.06603467
153.275,255.05,142.34,0.06469213
158.3,255.05,142.38,0.06371707
163.325,255.05,142.48,0.06282194
168.35,255.05,142.67,0.06177315
173.375,255.05,142.71,0.06203192
178.4,255.05,142.58,0.06676414
183.425,255.05,142.37,0.0758256
188.45,255.05,142.13,0.08295916
193.475,255.05,141.87,0.08648987
198.5,255.05,141.69,0.08602936
203.525,255.05,141.13,0.08074159
208.55,255.05,140.64,0.07194203
213.575,255.05,140.28,0.06163491
218.6,255.05,140.18,0.05018819
223.625,255.05,140.08,0.0391589
228.65,255.05,139.98,0.02973902
233.675,255.05,140.04,0.02292009
238.7,255.05,140.14,0.01772847
243.725,255.05,140.18,0.01434582
248.75,255.05,140.24,0.01192075
253.775,255.05,140.31,0.00957327
258.8,255.05,140.36,0.00759143
263.825,255.05,140.41,0.00582261
268.85,255.05,140.48,0.004253761
273.875,255.05,140.52,0.003429479
278.9,255.05,140.47,0.003766058
283.925,255.05,140.42,0.004642216
288.95,255.05,140.35,0.005432044
293.975,255.05,140.29,0.00612602
299,255.05,140.28,0.006842357
304.025,255.05,140.34,0.007554238
309.05,255.05,140.52,0.008243848
314.075,255.05,140.61,0.008980305
319.1,255.05,140.58,0.009647167
324.125,255.05,140.55,0.009653723
329.15,255.05,140.51,0.008458999
334.175,255.05,140.5,0.006557481
339.2,255.05,140.53,0.005046471
344.225,255.05,140.6,0.004779563
349.25,255.05,140.69,0.00575982
354.275,255.05,140.76,0.007507456
359.3,255.05,140.77,0.009906697
364.325,255.05,140.84,0.01266159
369.35,255.05,140.93,0.01553517
374.375,255.05,141.05,0.01828547
379.4,255.05,141.14,0.02017043
384.425,255.05,141.22,0.02068836
389.45,255.05,141.29,0.02002952
394.475,255.05,141.37,0.01883789
399.5,255.05,141.43,0.01764289
404.525,255.05,141.44,0.01656575
409.55,255.05,141.32,0.01557429
414.575,255.05,141.24,0.01453882
419.6,255.05,141.26,0.01333632
424.625,255.05,141.34,0.01202697
429.65,255.05,141.44,0.01084446
434.675,255.05,141.53,0.01018266
439.7,255.05,141.59,0.01103784
444.725,255.05,141.55,0.01412994
449.75,255.05,141.33,0.01930624
454.775,255.05,141.28,0.02634873
459.8,255.05,141.49,0.03613136
464.825,255.05,141.79,0.0503519
469.85,255.05,142.12,0.069344
474.875,255.05,142.45,0.09009302
479.9,255.05,142.76,0.1093337
484.925,255.05,143.28,0.1242806
489.95,255.05,144.3,0.1340002
494.975,255.05,145.38,0.1383957
500,255.05,146.29,0.137332
505.025,255.05,147.05,0.1306406
510.05,255.05,147.6,0.1189609
515.075,255.05,148,0.1043542
520.1,255.05,148.37,0.09035128
525.125,255.05,148.75,0.07968124
530.15,255.05,149.1,0.0720449
535.175,255.05,149.43,0.06695327
540.2,255.05,149.76,0.06309012
545.225,255.05,150.05,0.0590452
550.25,255.05,150.28,0.05486123
555.275,255.05,150.49,0.05109031
560.3,255.05,150.71,0.04802115
565.325,255.05,150.95,0.04588637
570.35,255.05,151.19,0.04496167
575.375,255.05,151.42,0.04516914
580.4,255.05,151.64,0.04559227
585.425,255.05,151.86,0.04511464
590.45,255.05,152.07,0.04324008
595.475,255.05,152.29,0.04046571
600.5,255.05,152.51,0.03734986
605.525,255.05,152.68,0.03432329
610.55,255.05,152.74,0.0318269
615.575,255.05,152.77,0.03019263
620.6,255.05,152.84,0.02943474
625.625,255.05,152.95,0.02954658
630.65,255.05,153.08,0.03039155
635.675,255.05,153.2,0.031741
640.7,255.05,153.35,0.03308134
645.725,255.05,153.51,0.03405454
650.75,255.05,153.65,0.03493714
655.775,255.05,153.77,0.03598203
660.8,255.05,153.9,0.03742997
665.825,255.05,154.05,0.03925902
670.85,255.05,154.22,0.04104249
675.875,255.05,154.38,0.042221
680.9,255.05,154.6,0.04264277
685.925,255.05,154.89,0.04237752
690.95,255.05,155.32,0.04156088
695.975,255.05,155.67,0.0398089
701,255.05,155.88,0.03687224
706.025,255.05,156.08,0.03278307
711.05,255.05,156.28,0.02767865
716.075,255.05,156.45,0.02216734
721.1,255.05,156.56,0.01717062
726.125,255.05,156.61,0.01358328
731.15,255.05,156.62,0.01121916
736.175,255.05,156.62,0.009807233
741.2,255.05,156.58,0.00911265
746.225,255.05,156.54,0.009208174
751.25,255.05,156.53,0.01031724
756.275,255.05,156.52,0.0122462
761.3,255.05,156.44,0.01435712
766.325,255.05,156.33,0.01663724
771.35,255.05,156.17,0.02013498
776.375,255.05,156.02,0.02667897
781.4,255.05,155.89,0.03697233
786.425,255.05,155.81,0.05008781
791.45,255.05,155.79,0.06531028
796.475,255.05,155.51,0.08293556
801.5,255.05,154.88,0.1023478
806.525,255.05,154.18,0.1225803
811.55,255.05,153.53,0.1423655
816.575,255.05,152.76,0.1601013
821.6,255.05,151.82,0.1750417
826.625,255.05,150.82,0.1873765
831.65,255.05,149.87,0.197462
836.675,255.05,148.89,0.2039754
841.7,255.05,147.84,0.205413
846.725,255.05,146.73,0.2017238
851.75,255.05,145.48,0.1948393
856.775,255.05,144.41,0.1862115
861.8,255.05,143.63,0.1763425
866.825,255.05,142.92,0.1663506
871.85,255.05,142.2,0.1587968
876.875,255.05,141.49,0.1563051
881.9,255.05,140.78,0.1602067
886.925,255.05,140.13,0.1700974
891.95,255.05,139.53,0.1823881
896.975,255.05,138.67,0.1923025
902,255.05,137.47,0.1967215
907.025,255.05,136.13,0.1942764
912.05,255.05,134.59,0.184521
917.075,255.05,133.29,0.1686124
922.1,255.05,132.46,0.1469645
927.125,255.05,132.02,0.1207916
932.15,255.05,132.05,0.09293391
937.175,255.05,132.05,0.06699227
942.2,255.05,131.86,0.04661807
947.225,255.05,131.71,0.03368759
952.25,255.05,131.69,0.02748379
957.275,255.05,131.69,0.02600831
962.3,255.05,131.64,0.02755684
967.325,255.05,131.5,0.03140112
972.35,255.05,131.31,0.03812895
977.375,255.05,131.1,0.04688964
982.4,255.05,130.87,0.05677239
987.425,255.05,130.64,0.06739406
992.45,255.05,130.37,0.07795476
997.475,255.05,130.08,0.0899249
1002.5,255.05,129.75,0.1034691
-2.5,260.1,143.86,0.04814957
2.525,260.1,143.9,0.04552206
7.55,260.1,144.05,0.04474209
12.575,260.1,144.17,0.04481396
17.6,260.1,144.14,0.04519999
22.625,260.1,144.07,0.04578743
27.65,260.1,144.01,0.04631127
32.675,260.1,143.97,0.04668334
37.7,260.1,143.98,0.04679987
42.725,260.1,143.98,0.04657697
47.75,260.1,143.9,0.04632627
52.775,260.1,143.84,0.04622184
57.8,260.1,143.91,0.04617151
62.825,260.1,144.05,0.04606208
67.85,260.1,144.25,0.04565854
72.875,260.1,144.46,0.04507859
77.9,260.1,144.62,0.04490797
82.925,260.1,144.66,0.04559485
87.95,260.1,144.41,0.04754051
92.975,260.1,144.08,0.0507554
98,260.1,143.91,0.05452517
103.025,260.1,143.83,0.05815033
108.05,260.1,143.82,0.06121969
113.075,260.1,143.8,0.06355598
118.1,260.1,143.71,0.06550342
123.125,260.1,143.59,0.06750799
128.15,260.1,143.47,0.06917016
133.175,260.1,143.35,0.06974527
138.2,260.1,143.23,0.0687996
143.225,260.1,143.07,0.06657616
148.25,260.1,142.82,0.0636896
153.275,260.1,142.65,0.06113537
158.3,260.1,142.66,0.05940574
163.325,260.1,142.73,0.05779685
168.35,260.1,142.89,0.05584379
173.375,260.1,142.97,0.0543858
178.4,260.1,142.82,0.057234
183.425,260.1,142.6,0.06552748
188.45,260.1,142.36,0.07484997
193.475,260.1,142.11,0.08025314
198.5,260.1,141.85,0.08242759
203.525,260.1,141.51,0.0794955
208.55,260.1,141.02,0.073482
213.575,260.1,140.61,0.06499883
218.6,260.1,140.47,0.05467699
223.625,260.1,140.42,0.04426751
228.65,260.1,140.33,0.03485394
233.675,260.1,140.25,0.02730944
238.7,260.1,140.25,0.02155809
243.725,260.1,140.28,0.01687837
248.75,260.1,140.32,0.01303495
253.775,260.1,140.37,0.009700811
258.8,260.1,140.4,0.007023774
263.825,260.1,140.44,0.005036849
268.85,260.1,140.49,0.003253197
273.875,260.1,140.51,0.001768999
278.9,260.1,140.48,0.001423358
283.925,260.1,140.42,0.002268986
288.95,260.1,140.34,0.003324405
293.975,260.1,140.28,0.004230746
299,260.1,140.25,0.005010176
304.025,260.1,140.29,0.005708903
309.05,260.1,140.44,0.006258179
314.075,260.1,140.58,0.006812207
319.1,260.1,140.58,0.007465146
324.125,260.1,140.54,0.007821931
329.15,260.1,140.5,0.007439236
334.175,260.1,140.48,0.006752761
339.2,260.1,140.51,0.007020966
344.225,260.1,140.57,0.00845849
349.25,260.1,140.67,0.01052088
354.275,260.1,140.77,0.0127424
359.3,260.1,140.87,0.01511517
364.325,260.1,140.97,0.01752216
369.35,260.1,141.08,0.01969425
374.375,260.1,141.19,0.02145182
379.4,260.1,141.27,0.0223896
384.425,260.1,141.35,0.02205698
389.45,260.1,141.42,0.02079719
394.475,260.1,141.48,0.01928669
399.5,260.1,141.53,0.01793528
404.525,260.1,141.54,0.01678555
409.55,260.1,141.43,0.01568006
414.575,260.1,141.33,0.01442112
419.6,260.1,141.34,0.01305735
424.625,260.1,141.4,0.01172216
429.65,260.1,141.48,0.0104856
434.675,260.1,141.56,0.00969693
439.7,260.1,141.62,0.01057146
444.725,260.1,141.6,0.01407235
449.75,260.1,141.42,0.01991814
454.775,260.1,141.33,0.02766794
459.8,260.1,141.55,0.03806239
464.825,260.1,141.87,0.05246998
469.85,260.1,142.21,0.07087278
474.875,260.1,142.55,0.09089439
479.9,260.1,142.88,0.1094324
484.925,260.1,143.36,0.123929
489.95,260.1,144.33,0.1332054
494.975,260.1,145.44,0.1370569
500,260.1,146.32,0.1353353
505.025,260.1,147.1,0.1281399
510.05,260.1,147.66,0.1162597
515.075,260.1,148.04,0.1019312
520.1,260.1,148.4,0.08842002
525.125,260.1,148.76,0.07813255
530.15,260.1,149.1,0.0710225
535.175,260.1,149.41,0.06624958
540.2,260.1,149.72,0.06274705
545.225,260.1,150.01,0.05913755
550.25,260.1,150.25,0.05530563
555.275,260.1,150.48,0.05187903
560.3,260.1,150.73,0.04905957
565.325,260.1,150.99,0.04703007
570.35,260.1,151.25,0.04601636
575.375,260.1,151.5,0.04599349
580.4,260.1,151.74,0.04620985
585.425,260.1,151.96,0.04566375
590.45,260.1,152.17,0.04391754
595.475,260.1,152.36,0.04133677
600.5,260.1,152.56,0.03847113
605.525,260.1,152.73,0.03579868
610.55,260.1,152.81,0.03365303
615.575,260.1,152.85,0.0323101
620.6,260.1,152.93,0.03175685
625.625,260.1,153.04,0.03190488
630.65,260.1,153.16,0.0326337
635.675,260.1,153.3,0.0336835
640.7,260.1,153.45,0.03472869
645.725,260.1,153.61,0.03547948
650.75,260.1,153.75,0.03600484
655.775,260.1,153.87,0.03651104
660.8,260.1,153.99,0.03738519
665.825,260.1,154.11,0.03869299
670.85,260.1,154.25,0.04007987
675.875,260.1,154.41,0.0408618
680.9,260.1,154.61,0.04082575
685.925,260.1,154.87,0.04019567
690.95,260.1,155.27,0.039041
695.975,260.1,155.66,0.03719672
701,260.1,155.91,0.03436887
706.025,260.1,156.1,0.03064381
711.05,260.1,156.28,0.0262996
716.075,260.1,156.43,0.02211256
721.1,260.1,156.52,0.01899256
726.125,260.1,156.58,0.01722686
731.15,260.1,156.6,0.01622776
736.175,260.1,156.58,0.01558243
741.2,260.1,156.53,0.01513238
746.225,260.1,156.48,0.01482949
751.25,260.1,156.48,0.01502845
756.275,260.1,156.47,0.0159377
761.3,260.1,156.4,0.01724304
766.325,260.1,156.29,0.0187994
771.35,260.1,156.14,0.02161372
776.375,260.1,155.99,0.02737921
781.4,260.1,155.84,0.03678826
786.425,260.1,155.74,0.04922774
791.45,260.1,155.71,0.06411454
796.475,260.1,155.48,0.08124245
801.5,260.1,154.87,0.1001521
806.525,260.1,154.15,0.1198495
811.55,260.1,153.5,0.1392571
816.575,260.1,152.78,0.1568577
821.6,260.1,151.85,0.1718469
826.625,260.1,150.86,0.1843725
831.65,260.1,149.91,0.194584
836.675,260.1,148.96,0.2015948
841.7,260.1,147.95,0.2037452
846.725,260.1,146.88,0.2007488
851.75,260.1,145.66,0.1941669
856.775,260.1,144.55,0.185683
861.8,260.1,143.74,0.1759548
866.825,260.1,143.05,0.1658521
871.85,260.1,142.35,0.1576819
876.875,260.1,141.65,0.1540679
881.9,260.1,140.95,0.1567394
886.925,260.1,140.29,0.1657225
891.95,260.1,139.7,0.1779689
896.975,260.1,138.91,0.1887004
902,260.1,137.76,0.1942356
907.025,260.1,136.48,0.1932812
912.05,260.1,135.02,0.1858944
917.075,260.1,133.69,0.1726593
922.1,260.1,132.79,0.1539209
927.125,260.1,132.22,0.1300601
932.15,260.1,132.09,0.1034445
937.175,260.1,132.08,0.0773379
942.2,260.1,131.89,0.05525991
947.225,260.1,131.71,0.03939761
952.25,260.1,131.66,0.02982341
957.275,260.1,131.65,0.02482854
962.3,260.1,131.58,0.02295221
967.325,260.1,131.47,0.02421203
972.35,260.1,131.33,0.02937375
977.375,260.1,131.17,0.03767851
982.4,260.1,130.99,0.04746286
987.425,260.1,130.79,0.0580024
992.45,260.1,130.56,0.06912561
997.475,260.1,130.28,0.08099934
1002.5,260.1,129.96,0.09359759
-2.5,265.15,144.11,0.05033065
2.525,265.15,144.12,0.04861715
7.55,265.15,144.26,0.04842291
12.575,265.15,144.39,0.04888252
17.6,265.15,144.39,0.0495586
22.625,265.15,144.34,0.05042572
27.65,265.15,144.31,0.05111449
32.675,265.15,144.26,0.05164046
37.7,265.15,144.26,0.05192257
42.725,265.15,144.27,0.05174165
47.75,265.15,144.23,0.05124623
52.775,265.15,144.14,0.05054821
57.8,265.15,144.17,0.04977298
62.825,265.15,144.26,0.04912099
67.85,265.15,144.43,0.04851897
72.875,265.15,144.65,0.04795741
77.9,265.15,144.81,0.04767376
82.925,265.15,144.9,0.04796293
87.95,265.15,144.71,0.04915928
92.975,265.15,144.35,0.05149965
98,265.15,144.17,0.05470733
103.025,265.15,144.1,0.05808326
108.05,265.15,144.11,0.06112927
113.075,265.15,144.12,0.06350446
118.1,265.15,144.05,0.06530727
123.125,265.15,143.92,0.06703742
128.15,265.15,143.81,0.06847413
133.175,265.15,143.68,0.06893533
138.2,265.15,143.56,0.06796283
143.225,265.15,143.39,0.06550226
148.25,265.15,143.16,0.06229945
153.275,265.15,142.97,0.05903386
158.3,265.15,142.95,0.05636753
163.325,265.15,143,0.05435421
168.35,265.15,143.11,0.0522301
173.375,265.15,143.2,0.05027548
178.4,265.15,143.07,0.05176127
183.425,265.15,142.84,0.05788506
188.45,265.15,142.61,0.06668834
193.475,265.15,142.37,0.07398114
198.5,265.15,142.11,0.0773611
203.525,265.15,141.75,0.0766964
208.55,265.15,141.28,0.07201168
213.575,265.15,140.84,0.06515656
218.6,265.15,140.68,0.05654502
223.625,265.15,140.64,0.04731759
228.65,265.15,140.54,0.03778694
233.675,265.15,140.4,0.029783
238.7,265.15,140.35,0.02370189
243.725,265.15,140.36,0.01840024
248.75,265.15,140.38,0.01366164
253.775,265.15,140.4,0.009823662
258.8,265.15,140.42,0.00683844
263.825,265.15,140.43,0.004699582
268.85,265.15,140.46,0.003137088
273.875,265.15,140.49,0.001942756
278.9,265.15,140.47,0.001259134
283.925,265.15,140.44,0.001465641
288.95,265.15,140.38,0.002669238
293.975,265.15,140.3,0.003950912
299,265.15,140.27,0.005118776
304.025,265.15,140.28,0.006163972
309.05,265.15,140.42,0.007014633
314.075,265.15,140.57,0.007802065
319.1,265.15,140.6,0.00866725
324.125,265.15,140.58,0.009469788
329.15,265.15,140.56,0.009919305
334.175,265.15,140.53,0.01022321
339.2,265.15,140.55,0.01115804
344.225,265.15,140.61,0.0127953
349.25,265.15,140.72,0.01468955
354.275,265.15,140.84,0.01658677
359.3,265.15,140.95,0.01839314
364.325,265.15,141.06,0.02013493
369.35,265.15,141.16,0.02154456
374.375,265.15,141.27,0.02240558
379.4,265.15,141.35,0.0225276
384.425,265.15,141.42,0.0217175
389.45,265.15,141.48,0.02026091
394.475,265.15,141.54,0.01876908
399.5,265.15,141.59,0.01752442
404.525,265.15,141.63,0.01643768
409.55,265.15,141.56,0.01544073
414.575,265.15,141.44,0.01422825
419.6,265.15,141.42,0.01281829
424.625,265.15,141.46,0.01155485
429.65,265.15,141.51,0.01029908
434.675,265.15,141.58,0.00914477
439.7,265.15,141.62,0.009718875
444.725,265.15,141.64,0.01372093
449.75,265.15,141.54,0.02045301
454.775,265.15,141.44,0.02914019
459.8,265.15,141.64,0.04018897
464.825,265.15,141.95,0.05495276
469.85,265.15,142.28,0.07288527
474.875,265.15,142.64,0.09197006
479.9,265.15,142.98,0.1094139
484.925,265.15,143.4,0.1231063
489.95,265.15,144.23,0.1318175
494.975,265.15,145.36,0.1351326
500,265.15,146.28,0.1328948
505.025,265.15,147.08,0.1253658
510.05,265.15,147.64,0.1135862
515.075,265.15,148.01,0.09979564
520.1,265.15,148.35,0.08705004
525.125,265.15,148.71,0.07711627
530.15,265.15,149.01,0.07024091
535.175,265.15,149.33,0.06575739
540.2,265.15,149.66,0.06262195
545.225,265.15,150,0.05956316
550.25,265.15,150.26,0.05629514
555.275,265.15,150.5,0.05334268
560.3,265.15,150.75,0.05083718
565.325,265.15,150.98,0.04884992
570.35,265.15,151.24,0.04761724
575.375,265.15,151.53,0.04726755
580.4,265.15,151.79,0.04720315
585.425,265.15,152.03,0.04650559
590.45,265.15,152.2,0.04489871
595.475,265.15,152.39,0.04260693
600.5,265.15,152.59,0.04003211
605.525,265.15,152.8,0.03759366
610.55,265.15,152.92,0.03569225
615.575,265.15,152.96,0.03449818
620.6,265.15,153.05,0.03397051
625.625,265.15,153.18,0.03397691
630.65,265.15,153.32,0.03446779
635.675,265.15,153.45,0.03518185
640.7,265.15,153.6,0.03588361
645.725,265.15,153.75,0.03637525
650.75,265.15,153.9,0.03659419
655.775,265.15,154.01,0.03670174
660.8,265.15,154.13,0.03702841
665.825,265.15,154.26,0.03788812
670.85,265.15,154.4,0.03882334
675.875,265.15,154.53,0.03910584
680.9,265.15,154.69,0.0385512
685.925,265.15,154.9,0.03750505
690.95,265.15,155.24,0.0359668
695.975,265.15,155.63,0.03382376
701,265.15,155.86,0.03103647
706.025,265.15,156.03,0.02783929
711.05,265.15,156.15,0.02474649
716.075,265.15,156.29,0.02225093
721.1,265.15,156.37,0.02080204
726.125,265.15,156.42,0.02028736
731.15,265.15,156.41,0.02008586
736.175,265.15,156.41,0.01980657
741.2,265.15,156.4,0.01953611
746.225,265.15,156.37,0.01921266
751.25,265.15,156.35,0.01915662
756.275,265.15,156.36,0.01965135
761.3,265.15,156.31,0.02058621
766.325,265.15,156.23,0.02180273
771.35,265.15,156.1,0.02410572
776.375,265.15,155.95,0.02901956
781.4,265.15,155.8,0.03735746
786.425,265.15,155.68,0.0488418
791.45,265.15,155.62,0.06307063
796.475,265.15,155.43,0.07962326
801.5,265.15,154.87,0.09778606
806.525,265.15,154.13,0.116817
811.55,265.15,153.47,0.1357729
816.575,265.15,152.79,0.1532657
821.6,265.15,151.93,0.1681521
826.625,265.15,150.95,0.1808434
831.65,265.15,150.02,0.1913795
836.675,265.15,149.07,0.1987583
841.7,265.15,148.07,0.2015794
846.725,265.15,147.05,0.1992019
851.75,265.15,145.9,0.1930672
856.775,265.15,144.74,0.1850364
861.8,265.15,143.86,0.1757611
866.825,265.15,143.2,0.165623
871.85,265.15,142.54,0.1567206
876.875,265.15,141.84,0.1516724
881.9,265.15,141.12,0.1524329
886.925,265.15,140.4,0.1595561
891.95,265.15,139.8,0.1709092
896.975,265.15,139.1,0.182196
902,265.15,138.05,0.189138
907.025,265.15,136.91,0.1900294
912.05,265.15,135.61,0.1852456
917.075,265.15,134.26,0.1751832
922.1,265.15,133.31,0.1596768
927.125,265.15,132.6,0.1385239
932.15,265.15,132.29,0.1135404
937.175,265.15,132.15,0.08801242
942.2,265.15,131.85,0.0652181
947.225,265.15,131.6,0.04717925
952.25,265.15,131.51,0.03455879
957.275,265.15,131.53,0.02670574
962.3,265.15,131.49,0.02227388
967.325,265.15,131.43,0.02091945
972.35,265.15,131.33,0.02355379
977.375,265.15,131.23,0.03040641
982.4,265.15,131.1,0.03940946
987.425,265.15,130.87,0.04949607
992.45,265.15,130.64,0.06086816
997.475,265.15,130.4,0.07304758
1002.5,265.15,130.1,0.08480038
-2.5,270.2,144.47,0.05266181
2.525,270.2,144.48,0.05211686
7.55,270.2,144.54,0.05237842
12.575,270.2,144.67,0.0530729
17.6,270.2,144.71,0.05397465
22.625,270.2,144.68,0.05488776
27.65,270.2,144.69,0.05567192
32.675,270.2,144.68,0.05643084
37.7,270.2,144.66,0.05694021
42.725,270.2,144.64,0.05692967
47.75,270.2,144.62,0.05623637
52.775,270.2,144.57,0.05513222
57.8,270.2,144.54,0.05379716
62.825,270.2,144.57,0.05259189
67.85,270.2,144.61,0.05187395
72.875,270.2,144.76,0.0513913
77.9,270.2,144.9,0.05111137
82.925,270.2,144.98,0.05121448
87.95,270.2,144.97,0.05186637
92.975,270.2,144.71,0.05341124
98,270.2,144.51,0.05586161
103.025,270.2,144.46,0.05868645
108.05,270.2,144.45,0.06140475
113.075,270.2,144.46,0.06358755
118.1,270.2,144.39,0.06515824
123.125,270.2,144.27,0.06655215
128.15,270.2,144.14,0.06774263
133.175,270.2,144.02,0.06806412
138.2,270.2,143.89,0.06708307
143.225,270.2,143.68,0.06455596
148.25,270.2,143.44,0.06115967
153.275,270.2,143.28,0.05778409
158.3,270.2,143.23,0.05469048
163.325,270.2,143.29,0.05213422
168.35,270.2,143.36,0.05027248
173.375,270.2,143.39,0.04894169
178.4,270.2,143.27,0.04971893
183.425,270.2,143.05,0.05493706
188.45,270.2,142.82,0.06251854
193.475,270.2,142.58,0.06942757
198.5,270.2,142.33,0.07266113
203.525,270.2,141.94,0.07265375
208.55,270.2,141.48,0.06998066
213.575,270.2,141.09,0.06390238
218.6,270.2,140.89,0.05626394
223.625,270.2,140.82,0.04789079
228.65,270.2,140.74,0.03896542
233.675,270.2,140.59,0.03091191
238.7,270.2,140.48,0.02453347
243.725,270.2,140.43,0.01918413
248.75,270.2,140.42,0.01429922
253.775,270.2,140.42,0.0101213
258.8,270.2,140.42,0.006923475
263.825,270.2,140.43,0.004670893
268.85,270.2,140.42,0.003355577
273.875,270.2,140.44,0.002717377
278.9,270.2,140.43,0.002484421
283.925,270.2,140.43,0.002586824
288.95,270.2,140.45,0.003411404
293.975,270.2,140.41,0.004783019
299,270.2,140.38,0.006288713
304.025,270.2,140.38,0.007682174
309.05,270.2,140.45,0.008891724
314.075,270.2,140.6,0.009992287
319.1,270.2,140.66,0.01108307
324.125,270.2,140.67,0.01219307
329.15,270.2,140.69,0.01304899
334.175,270.2,140.69,0.0137535
339.2,270.2,140.7,0.01477311
344.225,270.2,140.74,0.01614044
349.25,270.2,140.81,0.01756172
354.275,270.2,140.94,0.01887616
359.3,270.2,141.04,0.02001558
364.325,270.2,141.13,0.02103425
369.35,270.2,141.22,0.02177082
374.375,270.2,141.3,0.02201954
379.4,270.2,141.39,0.02165349
384.425,270.2,141.47,0.02062187
389.45,270.2,141.52,0.01920142
394.475,270.2,141.56,0.01789627
399.5,270.2,141.62,0.0168693
404.525,270.2,141.68,0.01595888
409.55,270.2,141.69,0.01510078
414.575,270.2,141.59,0.0141022
419.6,270.2,141.53,0.01282146
424.625,270.2,141.54,0.01167413
429.65,270.2,141.54,0.01048948
434.675,270.2,141.56,0.008848252
439.7,270.2,141.58,0.008872457
444.725,270.2,141.57,0.01323765
449.75,270.2,141.59,0.02105464
454.775,270.2,141.59,0.03096546
459.8,270.2,141.78,0.04283898
464.825,270.2,142.07,0.05796728
469.85,270.2,142.35,0.07572275
474.875,270.2,142.69,0.0938308
479.9,270.2,143.05,0.1101937
484.925,270.2,143.53,0.1227182
489.95,270.2,144.17,0.1305069
494.975,270.2,145.12,0.1331279
500,270.2,146.07,0.1303538
505.025,270.2,146.9,0.1225153
510.05,270.2,147.52,0.1108837
515.075,270.2,147.86,0.09757087
520.1,270.2,148.17,0.08559096
525.125,270.2,148.53,0.07627193
530.15,270.2,148.86,0.06948241
535.175,270.2,149.16,0.06508399
540.2,270.2,149.52,0.06219449
545.225,270.2,149.92,0.05970419
550.25,270.2,150.26,0.05711217
555.275,270.2,150.51,0.0547074
560.3,270.2,150.75,0.0527003
565.325,270.2,150.97,0.05098189
570.35,270.2,151.17,0.04965751
575.375,270.2,151.42,0.04893417
580.4,270.2,151.7,0.04858407
585.425,270.2,151.98,0.04781466
590.45,270.2,152.21,0.04630158
595.475,270.2,152.38,0.04423095
600.5,270.2,152.61,0.04192903
605.525,270.2,152.84,0.03971232
610.55,270.2,153.03,0.03790448
615.575,270.2,153.13,0.03663203
620.6,270.2,153.23,0.03588841
625.625,270.2,153.37,0.03561267
630.65,270.2,153.54,0.03565754
635.675,270.2,153.69,0.03594536
640.7,270.2,153.82,0.03627069
645.725,270.2,153.93,0.03643178
650.75,270.2,154.08,0.03639352
655.775,270.2,154.23,0.03623872
660.8,270.2,154.35,0.03616519
665.825,270.2,154.48,0.03654887
670.85,270.2,154.63,0.03711873
675.875,270.2,154.77,0.037079
680.9,270.2,154.89,0.0360922
685.925,270.2,155.05,0.03445819
690.95,270.2,155.23,0.03242509
695.975,270.2,155.52,0.02990711
701,270.2,155.71,0.02703823
706.025,270.2,155.85,0.02419158
711.05,270.2,155.95,0.02213389
716.075,270.2,155.99,0.02117201
721.1,270.2,156.05,0.02106105
726.125,270.2,156.1,0.02133196
731.15,270.2,156.1,0.0216115
736.175,270.2,156.08,0.0216953
741.2,270.2,156.12,0.0217569
746.225,270.2,156.17,0.02177108
751.25,270.2,156.18,0.02188993
756.275,270.2,156.17,0.02249657
761.3,270.2,156.14,0.02357546
766.325,270.2,156.09,0.0249381
771.35,270.2,156.04,0.02714086
776.375,270.2,155.91,0.031459
781.4,270.2,155.78,0.03875666
786.425,270.2,155.69,0.04911419
791.45,270.2,155.58,0.06225955
796.475,270.2,155.36,0.07786126
801.5,270.2,154.86,0.09529264
806.525,270.2,154.17,0.1137367
811.55,270.2,153.49,0.1322737
816.575,270.2,152.84,0.1495763
821.6,270.2,152.08,0.1643828
826.625,270.2,151.16,0.1770545
831.65,270.2,150.17,0.1879761
836.675,270.2,149.23,0.195872
841.7,270.2,148.24,0.1992623
846.725,270.2,147.19,0.1974496
851.75,270.2,146.11,0.1917307
856.775,270.2,144.98,0.1841591
861.8,270.2,143.97,0.1755884
866.825,270.2,143.28,0.1660771
871.85,270.2,142.77,0.1567189
876.875,270.2,142.08,0.1502399
881.9,270.2,141.34,0.1486064
886.925,270.2,140.6,0.1529021
891.95,270.2,139.9,0.1619519
896.975,270.2,139.23,0.1727645
902,270.2,138.36,0.1813724
907.025,270.2,137.32,0.1847818
912.05,270.2,136.29,0.182889
917.075,270.2,135.15,0.1760169
922.1,270.2,134.15,0.1637902
927.125,270.2,133.34,0.1457109
932.15,270.2,132.63,0.1228365
937.175,270.2,132.25,0.09811736
942.2,270.2,131.77,0.07517605
947.225,270.2,131.39,0.05588965
952.25,270.2,131.3,0.04065744
957.275,270.2,131.28,0.02970841
962.3,270.2,131.28,0.02307497
967.325,270.2,131.28,0.02015506
972.35,270.2,131.28,0.02086154
977.375,270.2,131.23,0.02563062
982.4,270.2,131.17,0.03315327
987.425,270.2,130.96,0.04228184
992.45,270.2,130.6,0.05338695
997.475,270.2,130.35,0.06584125
1002.5,270.2,130.09,0.07665512
-2.5,275.25,144.86,0.0554206
2.525,275.25,144.9,0.05556198
7.55,275.25,144.93,0.0559334
12.575,275.25,144.99,0.05659134
17.6,275.25,145.04,0.05747497
22.625,275.25,145.05,0.05835753
27.65,275.25,145.07,0.05917027
32.675,275.25,145.09,0.0600458
37.7,275.25,145.09,0.06082609
42.725,275.25,145.07,0.06114853
47.75,275.25,145.02,0.06062308
52.775,275.25,144.99,0.05927578
57.8,275.25,144.96,0.05759034
62.825,275.25,144.95,0.05598392
67.85,275.25,144.93,0.05493812
72.875,275.25,144.94,0.05448136
77.9,275.25,145,0.05422218
82.925,275.25,145.04,0.05434538
87.95,275.25,145.06,0.05482981
92.975,275.25,145,0.05579534
98,275.25,144.88,0.057568
103.025,275.25,144.84,0.05974518
108.05,275.25,144.83,0.06188788
113.075,275.25,144.81,0.06362723
118.1,275.25,144.73,0.06478191
123.125,275.25,144.61,0.06579104
128.15,275.25,144.47,0.06677879
133.175,275.25,144.34,0.06710635
138.2,275.25,144.21,0.06613156
143.225,275.25,144.01,0.06368589
148.25,275.25,143.72,0.06018134
153.275,275.25,143.53,0.05665091
158.3,275.25,143.5,0.05347269
163.325,275.25,143.53,0.050703
168.35,275.25,143.63,0.04862255
173.375,275.25,143.62,0.04795596
178.4,275.25,143.46,0.04937765
183.425,275.25,143.23,0.05408956
188.45,275.25,143,0.06139205
193.475,275.25,142.76,0.06723984
198.5,275.25,142.5,0.06993168
203.525,275.25,142.15,0.06948532
208.55,275.25,141.64,0.06695326
213.575,275.25,141.26,0.06186907
218.6,275.25,141.08,0.0551466
223.625,275.25,140.99,0.04738648
228.65,275.25,140.87,0.03902358
233.675,275.25,140.75,0.03129939
238.7,275.25,140.61,0.02504133
243.725,275.25,140.52,0.0199856
248.75,275.25,140.46,0.01542145
253.775,275.25,140.44,0.01124314
258.8,275.25,140.43,0.007776464
263.825,275.25,140.42,0.005246036
268.85,275.25,140.41,0.003839787
273.875,275.25,140.41,0.003408456
278.9,275.25,140.41,0.003500047
283.925,275.25,140.42,0.003905441
288.95,275.25,140.47,0.004686885
293.975,275.25,140.51,0.006016198
299,275.25,140.5,0.007678617
304.025,275.25,140.52,0.009324506
309.05,275.25,140.57,0.01081337
314.075,275.25,140.65,0.01228806
319.1,275.25,140.73,0.0136871
324.125,275.25,140.77,0.01501524
329.15,275.25,140.81,0.01620461
334.175,275.25,140.86,0.01709447
339.2,275.25,140.88,0.01803022
344.225,275.25,140.93,0.01900153
349.25,275.25,140.97,0.01988567
354.275,275.25,141.04,0.02056553
359.3,275.25,141.13,0.02109451
364.325,275.25,141.21,0.02144476
369.35,275.25,141.28,0.02167209
374.375,275.25,141.34,0.02146191
379.4,275.25,141.42,0.02086599
384.425,275.25,141.49,0.01981266
389.45,275.25,141.55,0.01850345
394.475,275.25,141.59,0.0173137
399.5,275.25,141.65,0.01638214
404.525,275.25,141.71,0.01563284
409.55,275.25,141.74,0.01496168
414.575,275.25,141.72,0.01426967
419.6,275.25,141.66,0.01326851
424.625,275.25,141.63,0.01221253
429.65,275.25,141.59,0.01111115
434.675,275.25,141.56,0.009191683
439.7,275.25,141.54,0.008526987
444.725,275.25,141.51,0.01320762
449.75,275.25,141.51,0.02204244
454.775,275.25,141.64,0.03323397
459.8,275.25,141.9,0.04639041
464.825,275.25,142.21,0.06188428
469.85,275.25,142.48,0.07951156
474.875,275.25,142.78,0.09692303
479.9,275.25,143.13,0.1121879
484.925,275.25,143.59,0.123587
489.95,275.25,144.3,0.130195
494.975,275.25,145.07,0.1317489
500,275.25,145.91,0.1283106
505.025,275.25,146.71,0.1202646
510.05,275.25,147.38,0.1087566
515.075,275.25,147.76,0.09588686
520.1,275.25,148.02,0.08421962
525.125,275.25,148.34,0.07526738
530.15,275.25,148.7,0.06873118
535.175,275.25,149.05,0.06440651
540.2,275.25,149.42,0.06169212
545.225,275.25,149.83,0.05960526
550.25,275.25,150.22,0.05764358
555.275,275.25,150.51,0.05580086
560.3,275.25,150.74,0.05419698
565.325,275.25,150.96,0.05282106
570.35,275.25,151.17,0.05166027
575.375,275.25,151.37,0.05086518
580.4,275.25,151.63,0.05029889
585.425,275.25,151.89,0.04952263
590.45,275.25,152.16,0.04807807
595.475,275.25,152.4,0.04609906
600.5,275.25,152.64,0.04390078
605.525,275.25,152.89,0.04177889
610.55,275.25,153.1,0.0399256
615.575,275.25,153.27,0.03849611
620.6,275.25,153.42,0.03737621
625.625,275.25,153.57,0.03657127
630.65,275.25,153.74,0.03610805
635.675,275.25,153.9,0.03590784
640.7,275.25,154.04,0.03582679
645.725,275.25,154.15,0.03568575
650.75,275.25,154.25,0.03543268
655.775,275.25,154.41,0.0351586
660.8,275.25,154.57,0.03499856
665.825,275.25,154.72,0.03508692
670.85,275.25,154.86,0.03529869
675.875,275.25,155,0.034895
680.9,275.25,155.12,0.0336484
685.925,275.25,155.24,0.03155087
690.95,275.25,155.37,0.02889512
695.975,275.25,155.48,0.02580769
701,275.25,155.57,0.0226787
706.025,275.25,155.62,0.01997134
711.05,275.25,155.73,0.01838876
716.075,275.25,155.76,0.0182783
721.1,275.25,155.74,0.01900542
726.125,275.25,155.74,0.01987219
731.15,275.25,155.78,0.02056679
736.175,275.25,155.79,0.02106841
741.2,275.25,155.83,0.02157381
746.225,275.25,155.92,0.0222158
751.25,275.25,156,0.02298792
756.275,275.25,155.99,0.02410436
761.3,275.25,155.95,0.02562748
766.325,275.25,155.9,0.02742763
771.35,275.25,155.88,0.0299229
776.375,275.25,155.83,0.03403053
781.4,275.25,155.73,0.04062529
786.425,275.25,155.64,0.05007032
791.45,275.25,155.56,0.06198937
796.475,275.25,155.3,0.07614886
801.5,275.25,154.8,0.09246667
806.525,275.25,154.18,0.1103982
811.55,275.25,153.53,0.1287699
816.575,275.25,152.88,0.1459488
821.6,275.25,152.2,0.1607376
826.625,275.25,151.39,0.1732724
831.65,275.25,150.38,0.1843697
836.675,275.25,149.35,0.1928722
841.7,275.25,148.37,0.1969954
846.725,275.25,147.33,0.1959414
851.75,275.25,146.24,0.1907557
856.775,275.25,145.15,0.1836992
861.8,275.25,144.09,0.1757145
866.825,275.25,143.26,0.1669257
871.85,275.25,142.77,0.1578232
876.875,275.25,142.25,0.1503265
881.9,275.25,141.49,0.1465955
886.925,275.25,140.75,0.1477381
891.95,275.25,140.05,0.1535144
896.975,275.25,139.34,0.1621781
902,275.25,138.58,0.1711035
907.025,275.25,137.71,0.1772961
912.05,275.25,136.75,0.1790512
917.075,275.25,135.86,0.1758164
922.1,275.25,134.99,0.166775
927.125,275.25,134.18,0.1515586
932.15,275.25,133.28,0.1311764
937.175,275.25,132.45,0.1077178
942.2,275.25,131.73,0.08453176
947.225,275.25,131.12,0.06415643
952.25,275.25,131.03,0.04686523
957.275,275.25,131.09,0.03304297
962.3,275.25,131.07,0.02385998
967.325,275.25,131.08,0.0195663
972.35,275.25,131.15,0.0194743
977.375,275.25,131.18,0.02293485
982.4,275.25,131.16,0.02911077
987.425,275.25,131.03,0.03704533
992.45,275.25,130.65,0.04752815
997.475,275.25,130.27,0.05981684
1002.5,275.25,130.02,0.07023185
-2.5,280.3,145.18,0.05796375
2.525,280.3,145.23,0.05809737
7.55,280.3,145.27,0.05814916
12.575,280.3,145.31,0.05865562
17.6,280.3,145.34,0.05937314
22.625,280.3,145.37,0.06007702
27.65,280.3,145.41,0.06088728
32.675,280.3,145.43,0.06187877
37.7,280.3,145.44,0.06278083
42.725,280.3,145.43,0.06329096
47.75,280.3,145.39,0.06317233
52.775,280.3,145.34,0.06213166
57.8,280.3,145.32,0.06052495
62.825,280.3,145.29,0.05880797
67.85,280.3,145.25,0.05747609
72.875,280.3,145.21,0.05680827
77.9,280.3,145.21,0.05651711
82.925,280.3,145.23,0.05660595
87.95,280.3,145.25,0.05717711
92.975,280.3,145.25,0.05787706
98,280.3,145.22,0.05904417
103.025,280.3,145.18,0.06063669
108.05,280.3,145.17,0.06216871
113.075,280.3,145.14,0.06337662
118.1,280.3,145.04,0.06413409
123.125,280.3,144.92,0.06480083
128.15,280.3,144.79,0.06555789
133.175,280.3,144.65,0.06587095
138.2,280.3,144.51,0.06498476
143.225,280.3,144.32,0.06261886
148.25,280.3,144.03,0.0592092
153.275,280.3,143.8,0.05551798
158.3,280.3,143.75,0.05223031
163.325,280.3,143.76,0.04942591
168.35,280.3,143.83,0.04730237
173.375,280.3,143.83,0.04664567
178.4,280.3,143.65,0.04863594
183.425,280.3,143.41,0.05366038
188.45,280.3,143.17,0.06060153
193.475,280.3,142.93,0.06603476
198.5,280.3,142.66,0.06825985
203.525,280.3,142.32,0.06762718
208.55,280.3,141.84,0.06443765
213.575,280.3,141.42,0.05981233
218.6,280.3,141.24,0.05381418
223.625,280.3,141.13,0.0467965
228.65,280.3,141,0.03909317
233.675,280.3,140.86,0.03176485
238.7,280.3,140.72,0.02588295
243.725,280.3,140.59,0.02127555
248.75,280.3,140.51,0.01712366
253.775,280.3,140.47,0.01313448
258.8,280.3,140.45,0.009563438
263.825,280.3,140.43,0.00671354
268.85,280.3,140.42,0.004896279
273.875,280.3,140.41,0.00429289
278.9,280.3,140.41,0.004522377
283.925,280.3,140.43,0.005156285
288.95,280.3,140.48,0.006101374
293.975,280.3,140.54,0.007433126
299,280.3,140.57,0.009102037
304.025,280.3,140.6,0.01090502
309.05,280.3,140.64,0.01264389
314.075,280.3,140.7,0.01447843
319.1,280.3,140.77,0.01637533
324.125,280.3,140.84,0.01804689
329.15,280.3,140.9,0.01950035
334.175,280.3,140.96,0.02064899
339.2,280.3,141.02,0.02151033
344.225,280.3,141.07,0.02220715
349.25,280.3,141.11,0.0226265
354.275,280.3,141.15,0.02295058
359.3,280.3,141.21,0.02306713
364.325,280.3,141.28,0.02295454
369.35,280.3,141.34,0.02260577
374.375,280.3,141.41,0.02208847
379.4,280.3,141.48,0.02122894
384.425,280.3,141.55,0.02011425
389.45,280.3,141.6,0.01871788
394.475,280.3,141.64,0.01747408
399.5,280.3,141.7,0.01641985
404.525,280.3,141.76,0.01568008
409.55,280.3,141.8,0.0152107
414.575,280.3,141.81,0.01473574
419.6,280.3,141.77,0.01418011
424.625,280.3,141.72,0.01343979
429.65,280.3,141.65,0.01235506
434.675,280.3,141.59,0.01028766
439.7,280.3,141.55,0.009086085
444.725,280.3,141.51,0.01394201
449.75,280.3,141.51,0.02383637
454.775,280.3,141.65,0.03634272
459.8,280.3,141.96,0.05071249
464.825,280.3,142.31,0.0669514
469.85,280.3,142.62,0.08442615
474.875,280.3,142.93,0.1012737
479.9,280.3,143.29,0.1155137
484.925,280.3,143.74,0.1257681
489.95,280.3,144.41,0.1313069
494.975,280.3,145.2,0.1318098
500,280.3,145.98,0.1274996
505.025,280.3,146.76,0.1190115
510.05,280.3,147.38,0.1076334
515.075,280.3,147.79,0.09521253
520.1,280.3,148.06,0.08385476
525.125,280.3,148.34,0.07485144
530.15,280.3,148.67,0.06835578
535.175,280.3,149.04,0.06410281
540.2,280.3,149.44,0.06149147
545.225,280.3,149.85,0.05972288
550.25,280.3,150.22,0.05813922
555.275,280.3,150.52,0.05671567
560.3,280.3,150.76,0.0554338
565.325,280.3,150.99,0.05430501
570.35,280.3,151.22,0.0533808
575.375,280.3,151.47,0.05277668
580.4,280.3,151.71,0.05227854
585.425,280.3,151.95,0.05148234
590.45,280.3,152.2,0.0500732
595.475,280.3,152.45,0.04806299
600.5,280.3,152.72,0.04579111
605.525,280.3,152.99,0.04350969
610.55,280.3,153.21,0.04141927
615.575,280.3,153.39,0.03966974
620.6,280.3,153.56,0.03813988
625.625,280.3,153.73,0.03676984
630.65,280.3,153.9,0.03573425
635.675,280.3,154.05,0.03507745
640.7,280.3,154.18,0.03466272
645.725,280.3,154.29,0.03426678
650.75,280.3,154.4,0.03391383
655.775,280.3,154.53,0.03360068
660.8,280.3,154.7,0.03350514
665.825,280.3,154.87,0.03354378
670.85,280.3,155.02,0.03351517
675.875,280.3,155.14,0.03283139
680.9,280.3,155.25,0.03123325
685.925,280.3,155.36,0.02884248
690.95,280.3,155.46,0.02575983
695.975,280.3,155.52,0.02218406
701,280.3,155.52,0.01849295
706.025,280.3,155.52,0.01543416
711.05,280.3,155.58,0.01369206
716.075,280.3,155.63,0.01363737
721.1,280.3,155.6,0.01459258
726.125,280.3,155.57,0.01573682
731.15,280.3,155.57,0.01687384
736.175,280.3,155.62,0.01789874
741.2,280.3,155.69,0.01904768
746.225,280.3,155.78,0.02045084
751.25,280.3,155.85,0.02217442
756.275,280.3,155.86,0.02423468
761.3,280.3,155.81,0.02651719
766.325,280.3,155.75,0.02893317
771.35,280.3,155.72,0.03188885
776.375,280.3,155.68,0.03612663
781.4,280.3,155.6,0.04236411
786.425,280.3,155.52,0.05105792
791.45,280.3,155.44,0.06199664
796.475,280.3,155.19,0.07461485
801.5,280.3,154.69,0.08935363
806.525,280.3,154.11,0.1065125
811.55,280.3,153.5,0.1247898
816.575,280.3,152.88,0.1420495
821.6,280.3,152.23,0.1569524
826.625,280.3,151.49,0.1695572
831.65,280.3,150.52,0.1806039
836.675,280.3,149.43,0.1895393
841.7,280.3,148.4,0.1945045
846.725,280.3,147.39,0.194603
851.75,280.3,146.34,0.1902816
856.775,280.3,145.26,0.1837767
861.8,280.3,144.21,0.176543
866.825,280.3,143.29,0.1683197
871.85,280.3,142.71,0.1595416
876.875,280.3,142.2,0.1516529
881.9,280.3,141.49,0.1463261
886.925,280.3,140.76,0.1446668
891.95,280.3,140.1,0.1470104
896.975,280.3,139.43,0.152829
902,280.3,138.7,0.1606805
907.025,280.3,137.94,0.1683447
912.05,280.3,137.1,0.1737135
917.075,280.3,136.26,0.1747415
922.1,280.3,135.47,0.1694436
927.125,280.3,134.65,0.156976
932.15,280.3,133.69,0.1385677
937.175,280.3,132.68,0.1164851
942.2,280.3,131.73,0.09319627
947.225,280.3,130.98,0.07144702
952.25,280.3,130.81,0.05217694
957.275,280.3,130.95,0.03574783
962.3,280.3,130.99,0.02401435
967.325,280.3,130.99,0.01826045
972.35,280.3,131.05,0.01791804
977.375,280.3,131.11,0.02129614
982.4,280.3,131.12,0.02686593
987.425,280.3,131.03,0.03378952
992.45,280.3,130.71,0.04315191
997.475,280.3,130.31,0.05450385
1002.5,280.3,130.02,0.06463408
-2.5,285.35,145.48,0.05870945
2.525,285.35,145.53,0.05880649
7.55,285.35,145.57,0.0585479
12.575,285.35,145.6,0.05877935
17.6,285.35,145.63,0.0594665
22.625,285.35,145.66,0.0601218
27.65,285.35,145.69,0.06086527
32.675,285.35,145.72,0.06186524
37.7,285.35,145.74,0.06279968
42.725,285.35,145.75,0.0635041
47.75,285.35,145.71,0.06370535
52.775,285.35,145.67,0.06321031
57.8,285.35,145.64,0.0620823
62.825,285.35,145.63,0.0606623
67.85,285.35,145.57,0.05936569
72.875,285.35,145.49,0.05859032
77.9,285.35,145.47,0.05822715
82.925,285.35,145.5,0.05821557
87.95,285.35,145.55,0.05866375
92.975,285.35,145.57,0.05928961
98,285.35,145.55,0.05998549
103.025,285.35,145.5,0.06095672
108.05,285.35,145.47,0.0619438
113.075,285.35,145.43,0.06262721
118.1,285.35,145.34,0.06308282
123.125,285.35,145.21,0.0635794
128.15,285.35,145.08,0.06422442
133.175,285.35,144.94,0.06449001
138.2,285.35,144.8,0.06363316
143.225,285.35,144.6,0.06127009
148.25,285.35,144.32,0.05788606
153.275,285.35,144.06,0.05421966
158.3,285.35,143.98,0.05083126
163.325,285.35,143.98,0.04807516
168.35,285.35,144.02,0.04601651
173.375,285.35,144.02,0.04542042
178.4,285.35,143.84,0.047645
183.425,285.35,143.58,0.05301457
188.45,285.35,143.32,0.05986777
193.475,285.35,143.07,0.06545374
198.5,285.35,142.8,0.06762224
203.525,285.35,142.46,0.0665799
208.55,285.35,142,0.06330929
213.575,285.35,141.57,0.05880851
218.6,285.35,141.36,0.05321303
223.625,285.35,141.24,0.04671156
228.65,285.35,141.1,0.03965038
233.675,285.35,140.95,0.03283543
238.7,285.35,140.81,0.02731787
243.725,285.35,140.66,0.02306856
248.75,285.35,140.55,0.01927377
253.775,285.35,140.5,0.01551158
258.8,285.35,140.47,0.01200633
263.825,285.35,140.46,0.008994472
268.85,285.35,140.44,0.00680099
273.875,285.35,140.42,0.005807695
278.9,285.35,140.42,0.005896175
283.925,285.35,140.43,0.006555522
288.95,285.35,140.48,0.007586817
293.975,285.35,140.56,0.008963402
299,285.35,140.6,0.01066039
304.025,285.35,140.63,0.01262187
309.05,285.35,140.66,0.01465086
314.075,285.35,140.71,0.01692973
319.1,285.35,140.79,0.01938007
324.125,285.35,140.87,0.02150799
329.15,285.35,140.94,0.02324479
334.175,285.35,141.03,0.02466626
339.2,285.35,141.13,0.02572185
344.225,285.35,141.18,0.02644727
349.25,285.35,141.19,0.02682065
354.275,285.35,141.21,0.02703139
359.3,285.35,141.26,0.02712391
364.325,285.35,141.33,0.02679159
369.35,285.35,141.38,0.02600771
374.375,285.35,141.45,0.02491344
379.4,285.35,141.54,0.02359002
384.425,285.35,141.63,0.02206013
389.45,285.35,141.68,0.02032
394.475,285.35,141.71,0.01870407
399.5,285.35,141.76,0.01728061
404.525,285.35,141.83,0.01614118
409.55,285.35,141.89,0.01577986
414.575,285.35,141.9,0.01558527
419.6,285.35,141.86,0.01545971
424.625,285.35,141.79,0.01527139
429.65,285.35,141.71,0.01436274
434.675,285.35,141.62,0.01228231
439.7,285.35,141.57,0.0109246
444.725,285.35,141.48,0.01590225
449.75,285.35,141.48,0.02678091
454.775,285.35,141.64,0.04067123
459.8,285.35,141.98,0.05634187
464.825,285.35,142.39,0.07329227
469.85,285.35,142.74,0.09069459
474.875,285.35,143.1,0.1069825
479.9,285.35,143.51,0.1202365
484.925,285.35,144,0.1292558
489.95,285.35,144.66,0.1335196
494.975,285.35,145.42,0.1329562
500,285.35,146.18,0.1279763
505.025,285.35,146.94,0.1191061
510.05,285.35,147.57,0.1076318
515.075,285.35,147.95,0.0954844
520.1,285.35,148.2,0.08449722
525.125,285.35,148.47,0.0755672
530.15,285.35,148.81,0.06899588
535.175,285.35,149.16,0.06471102
540.2,285.35,149.53,0.06214867
545.225,285.35,149.9,0.06050346
550.25,285.35,150.25,0.05912124
555.275,285.35,150.54,0.05782107
560.3,285.35,150.79,0.05663996
565.325,285.35,151.05,0.05569053
570.35,285.35,151.32,0.05500585
575.375,285.35,151.59,0.05468455
580.4,285.35,151.85,0.05436624
585.425,285.35,152.1,0.05361837
590.45,285.35,152.34,0.05210274
595.475,285.35,152.57,0.04989089
600.5,285.35,152.82,0.04740022
605.525,285.35,153.09,0.0448688
610.55,285.35,153.33,0.04243091
615.575,285.35,153.52,0.04016354
620.6,285.35,153.68,0.03812025
625.625,285.35,153.83,0.03625934
630.65,285.35,153.98,0.03479356
635.675,285.35,154.14,0.03384324
640.7,285.35,154.27,0.03314162
645.725,285.35,154.38,0.0326379
650.75,285.35,154.47,0.03227695
655.775,285.35,154.6,0.03206262
660.8,285.35,154.76,0.03199036
665.825,285.35,154.93,0.03192981
670.85,285.35,155.07,0.03167039
675.875,285.35,155.2,0.03079284
680.9,285.35,155.32,0.02898157
685.925,285.35,155.44,0.02641672
690.95,285.35,155.51,0.02316838
695.975,285.35,155.53,0.01940558
701,285.35,155.52,0.01541419
706.025,285.35,155.51,0.01165878
711.05,285.35,155.55,0.008772548
716.075,285.35,155.58,0.00761133
721.1,285.35,155.55,0.008141568
726.125,285.35,155.53,0.00934502
731.15,285.35,155.55,0.01077186
736.175,285.35,155.58,0.01250547
741.2,285.35,155.63,0.01452538
746.225,285.35,155.7,0.01693844
751.25,285.35,155.76,0.0197227
756.275,285.35,155.76,0.02291861
761.3,285.35,155.69,0.02614534
766.325,285.35,155.59,0.02923558
771.35,285.35,155.52,0.03266352
776.375,285.35,155.49,0.03723724
781.4,285.35,155.41,0.04341337
786.425,285.35,155.35,0.05152539
791.45,285.35,155.23,0.06147442
796.475,285.35,155.01,0.07276278
801.5,285.35,154.54,0.08584268
806.525,285.35,153.96,0.1019414
811.55,285.35,153.36,0.1199944
816.575,285.35,152.79,0.1374509
821.6,285.35,152.21,0.1526323
826.625,285.35,151.46,0.1655215
831.65,285.35,150.46,0.1766913
836.675,285.35,149.36,0.1860305
841.7,285.35,148.34,0.192008
846.725,285.35,147.39,0.1934681
851.75,285.35,146.36,0.1904298
856.775,285.35,145.35,0.1843707
861.8,285.35,144.34,0.1776592
866.825,285.35,143.29,0.169985
871.85,285.35,142.53,0.1615003
876.875,285.35,142.02,0.1533771
881.9,285.35,141.33,0.147079
886.925,285.35,140.69,0.1433268
891.95,285.35,140.04,0.142487
896.975,285.35,139.44,0.1450751
902,285.35,138.74,0.1513175
907.025,285.35,138.03,0.1597361
912.05,285.35,137.21,0.1679841
917.075,285.35,136.43,0.1732605
922.1,285.35,135.65,0.1721335
927.125,285.35,134.86,0.1626645
932.15,285.35,133.82,0.1459198
937.175,285.35,132.71,0.1244284
942.2,285.35,131.7,0.1007755
947.225,285.35,130.96,0.07754744
952.25,285.35,130.71,0.05663991
957.275,285.35,130.88,0.03849668
962.3,285.35,130.94,0.02486042
967.325,285.35,130.93,0.01774933
972.35,285.35,130.95,0.01697299
977.375,285.35,131.02,0.02073231
982.4,285.35,131.04,0.02610862
987.425,285.35,131,0.03214893
992.45,285.35,130.74,0.04019068
997.475,285.35,130.36,0.05020316
1002.5,285.35,130.07,0.06029836
-2.5,290.4,145.76,0.05743237
2.525,290.4,145.81,0.05747439
7.55,290.4,145.85,0.05732592
12.575,290.4,145.88,0.05755283
17.6,290.4,145.91,0.05818317
22.625,290.4,145.93,0.05892136
27.65,290.4,145.94,0.0597539
32.675,290.4,145.97,0.06066484
37.7,290.4,146,0.06158248
42.725,290.4,146.02,0.0623656
47.75,290.4,146.02,0.06296585
52.775,290.4,145.98,0.06307064
57.8,290.4,145.95,0.06257044
62.825,290.4,145.94,0.06172975
67.85,290.4,145.92,0.06073909
72.875,290.4,145.86,0.06002659
77.9,290.4,145.81,0.0596709
82.925,290.4,145.82,0.05949356
87.95,290.4,145.87,0.05969612
92.975,290.4,145.91,0.06004953
98,290.4,145.88,0.06034058
103.025,290.4,145.82,0.06074988
108.05,290.4,145.76,0.06116486
113.075,290.4,145.7,0.061438
118.1,290.4,145.61,0.06165622
123.125,290.4,145.49,0.06211408
128.15,290.4,145.36,0.06285455
133.175,290.4,145.22,0.06313519
138.2,290.4,145.08,0.06232755
143.225,290.4,144.84,0.0599814
148.25,290.4,144.53,0.05654088
153.275,290.4,144.31,0.05287219
158.3,290.4,144.2,0.04947978
163.325,290.4,144.22,0.04671393
168.35,290.4,144.25,0.04487273
173.375,290.4,144.21,0.04451976
178.4,290.4,144.02,0.04689343
183.425,290.4,143.74,0.0525603
188.45,290.4,143.45,0.05947701
193.475,290.4,143.17,0.06498508
198.5,290.4,142.89,0.06726145
203.525,290.4,142.52,0.06618505
208.55,290.4,142.07,0.06292346
213.575,290.4,141.68,0.05843052
218.6,290.4,141.44,0.05307174
223.625,290.4,141.32,0.04698285
228.65,290.4,141.18,0.0404947
233.675,290.4,141.02,0.03419809
238.7,290.4,140.88,0.02902938
243.725,290.4,140.73,0.02503651
248.75,290.4,140.6,0.02150203
253.775,290.4,140.52,0.01806054
258.8,290.4,140.48,0.01480061
263.825,290.4,140.47,0.0119082
268.85,290.4,140.47,0.009561272
273.875,290.4,140.46,0.008203291
278.9,290.4,140.45,0.007962411
283.925,290.4,140.46,0.008454751
288.95,290.4,140.47,0.009470138
293.975,290.4,140.53,0.01082471
299,290.4,140.59,0.01258355
304.025,290.4,140.63,0.0147465
309.05,290.4,140.64,0.01721018
314.075,290.4,140.68,0.02003427
319.1,290.4,140.77,0.02307121
324.125,290.4,140.87,0.02570059
329.15,290.4,140.96,0.02777485
334.175,290.4,141.06,0.02945691
339.2,290.4,141.19,0.03079432
344.225,290.4,141.28,0.03184273
349.25,290.4,141.24,0.03258316
354.275,290.4,141.22,0.03306842
359.3,290.4,141.25,0.03327187
364.325,290.4,141.32,0.03292125
369.35,290.4,141.39,0.03188306
374.375,290.4,141.46,0.03019262
379.4,290.4,141.58,0.02809399
384.425,290.4,141.69,0.02575962
389.45,290.4,141.75,0.02327627
394.475,290.4,141.78,0.02095845
399.5,290.4,141.83,0.01894877
404.525,290.4,141.91,0.01728031
409.55,290.4,141.99,0.01659216
414.575,290.4,141.99,0.01660141
419.6,290.4,141.94,0.0168986
424.625,290.4,141.86,0.01754681
429.65,290.4,141.76,0.01729299
434.675,290.4,141.66,0.01543199
439.7,290.4,141.59,0.01436464
444.725,290.4,141.46,0.01964443
449.75,290.4,141.34,0.03136415
454.775,290.4,141.51,0.04646039
459.8,290.4,141.9,0.06327133
464.825,290.4,142.39,0.08101551
469.85,290.4,142.87,0.09841
474.875,290.4,143.3,0.1140005
479.9,290.4,143.79,0.1262432
484.925,290.4,144.38,0.1339013
489.95,290.4,145.09,0.1367367
494.975,290.4,145.84,0.1349531
500,290.4,146.59,0.1291275
505.025,290.4,147.27,0.11994
510.05,290.4,147.84,0.1085222
515.075,290.4,148.25,0.09649456
520.1,290.4,148.49,0.08571931
525.125,290.4,148.75,0.07697658
530.15,290.4,149.05,0.07039827
535.175,290.4,149.4,0.06615757
540.2,290.4,149.73,0.06359599
545.225,290.4,150.02,0.06194844
550.25,290.4,150.26,0.06057128
555.275,290.4,150.54,0.05925378
560.3,290.4,150.8,0.05806201
565.325,290.4,151.11,0.05716479
570.35,290.4,151.44,0.05668704
575.375,290.4,151.72,0.05661718
580.4,290.4,151.99,0.05648847
585.425,290.4,152.25,0.05562827
590.45,290.4,152.51,0.05392738
595.475,290.4,152.74,0.05137442
600.5,290.4,152.97,0.04849624
605.525,290.4,153.22,0.04562316
610.55,290.4,153.44,0.04279691
615.575,290.4,153.63,0.04009138
620.6,290.4,153.78,0.03757444
625.625,290.4,153.91,0.03535876
630.65,290.4,154.03,0.03367437
635.675,290.4,154.16,0.03255029
640.7,290.4,154.3,0.03179694
645.725,290.4,154.41,0.03127914
650.75,290.4,154.48,0.03096849
655.775,290.4,154.57,0.03084261
660.8,290.4,154.73,0.03079942
665.825,290.4,154.91,0.03064718
670.85,290.4,155.06,0.03011894
675.875,290.4,155.19,0.02903095
680.9,290.4,155.33,0.02717167
685.925,290.4,155.48,0.0246982
690.95,290.4,155.58,0.02168562
695.975,290.4,155.6,0.0181564
701,290.4,155.59,0.01446756
706.025,290.4,155.59,0.01082086
711.05,290.4,155.62,0.007404065
716.075,290.4,155.65,0.004476031
721.1,290.4,155.62,0.002335427
726.125,290.4,155.59,0.001819406
731.15,290.4,155.63,0.003521914
736.175,290.4,155.66,0.006239167
741.2,290.4,155.67,0.009431903
746.225,290.4,155.7,0.01292914
751.25,290.4,155.73,0.01684473
756.275,290.4,155.69,0.02100107
761.3,290.4,155.57,0.02501486
766.325,290.4,155.43,0.0286458
771.35,290.4,155.28,0.03244948
776.375,290.4,155.19,0.03732855
781.4,290.4,155.11,0.04353698
786.425,290.4,155.1,0.05115338
791.45,290.4,155.02,0.06012998
796.475,290.4,154.74,0.07013798
801.5,290.4,154.3,0.08178513
806.525,290.4,153.74,0.09666812
811.55,290.4,153.14,0.1143229
816.575,290.4,152.58,0.1320271
821.6,290.4,152.08,0.1476212
826.625,290.4,151.35,0.160931
831.65,290.4,150.24,0.1724996
836.675,290.4,149.12,0.1821983
841.7,290.4,148.11,0.1894491
846.725,290.4,147.23,0.192656
851.75,290.4,146.34,0.19121
856.775,290.4,145.37,0.1860032
861.8,290.4,144.46,0.1792169
866.825,290.4,143.45,0.1717592
871.85,290.4,142.3,0.1633831
876.875,290.4,141.57,0.1552085
881.9,290.4,140.89,0.1481477
886.925,290.4,140.35,0.1430016
891.95,290.4,139.95,0.1399848
896.975,290.4,139.3,0.1398146
902,290.4,138.59,0.1437855
907.025,290.4,137.91,0.152132
912.05,290.4,137.17,0.1626457
917.075,290.4,136.28,0.1717183
922.1,290.4,135.46,0.1747335
927.125,290.4,134.69,0.1681988
932.15,290.4,133.83,0.1528332
937.175,290.4,132.71,0.1317207
942.2,290.4,131.69,0.1074688
947.225,290.4,131.06,0.08276297
952.25,290.4,130.86,0.06049831
957.275,290.4,130.88,0.04214501
962.3,290.4,130.91,0.02853876
967.325,290.4,130.86,0.02152404
972.35,290.4,130.84,0.0203913
977.375,290.4,130.84,0.02322137
982.4,290.4,130.84,0.02775449
987.425,290.4,130.81,0.03227425
992.45,290.4,130.71,0.03845362
997.475,290.4,130.42,0.04687435
1002.5,290.4,130.16,0.05641826
-2.5,295.45,146.02,0.05458793
2.525,295.45,146.07,0.05474996
7.55,295.45,146.12,0.0549134
12.575,295.45,146.15,0.05543744
17.6,295.45,146.17,0.05622762
22.625,295.45,146.19,0.05714119
27.65,295.45,146.21,0.05810376
32.675,295.45,146.22,0.05908122
37.7,295.45,146.25,0.05997432
42.725,295.45,146.28,0.06075356
47.75,295.45,146.29,0.06151619
52.775,295.45,146.27,0.06216894
57.8,295.45,146.26,0.06238361
62.825,295.45,146.25,0.06221204
67.85,295.45,146.23,0.06178498
72.875,295.45,146.22,0.06121697
77.9,295.45,146.18,0.0608556
82.925,295.45,146.19,0.06050987
87.95,295.45,146.23,0.06036672
92.975,295.45,146.25,0.06038978
98,295.45,146.2,0.06022835
103.025,295.45,146.13,0.06008961
108.05,295.45,146.06,0.06006663
113.075,295.45,145.98,0.06001462
118.1,295.45,145.87,0.06012636
123.125,295.45,145.74,0.06059598
128.15,295.45,145.61,0.06148533
133.175,295.45,145.48,0.06199915
138.2,295.45,145.34,0.06123053
143.225,295.45,145.12,0.05902106
148.25,295.45,144.75,0.05556888
153.275,295.45,144.49,0.05180989
158.3,295.45,144.41,0.04839778
163.325,295.45,144.4,0.04567718
168.35,295.45,144.46,0.0439344
173.375,295.45,144.41,0.04392074
178.4,295.45,144.19,0.04660871
183.425,295.45,143.9,0.05234209
188.45,295.45,143.58,0.05933835
193.475,295.45,143.27,0.06470409
198.5,295.45,142.97,0.06691216
203.525,295.45,142.6,0.06584242
208.55,295.45,142.12,0.06268337
213.575,295.45,141.73,0.05826014
218.6,295.45,141.52,0.05303694
223.625,295.45,141.37,0.04722948
228.65,295.45,141.24,0.04116914
233.675,295.45,141.1,0.0354654
238.7,295.45,140.95,0.030674
243.725,295.45,140.81,0.0269518
248.75,295.45,140.67,0.02366498
253.775,295.45,140.57,0.02054296
258.8,295.45,140.52,0.01762907
263.825,295.45,140.5,0.01514149
268.85,295.45,140.51,0.01304087
273.875,295.45,140.51,0.01154194
278.9,295.45,140.5,0.01098876
283.925,295.45,140.51,0.0112723
288.95,295.45,140.52,0.01214162
293.975,295.45,140.53,0.01352378
299,295.45,140.58,0.01538852
304.025,295.45,140.62,0.017862
309.05,295.45,140.65,0.0207842
314.075,295.45,140.68,0.02416736
319.1,295.45,140.76,0.02774788
324.125,295.45,140.87,0.03086739
329.15,295.45,140.99,0.03326824
334.175,295.45,141.12,0.03523089
339.2,295.45,141.28,0.03680359
344.225,295.45,141.41,0.03819784
349.25,295.45,141.38,0.03933381
354.275,295.45,141.3,0.04017906
359.3,295.45,141.3,0.0405453
364.325,295.45,141.34,0.0401255
369.35,295.45,141.44,0.03878966
374.375,295.45,141.54,0.0366066
379.4,295.45,141.67,0.03373015
384.425,295.45,141.8,0.03048184
389.45,295.45,141.85,0.02708867
394.475,295.45,141.87,0.0238985
399.5,295.45,141.91,0.02119559
404.525,295.45,141.97,0.01899828
409.55,295.45,142.07,0.01783039
414.575,295.45,142.1,0.01783266
419.6,295.45,142.03,0.01848835
424.625,295.45,141.93,0.01981734
429.65,295.45,141.83,0.02075345
434.675,295.45,141.74,0.01988968
439.7,295.45,141.66,0.0196629
444.725,295.45,141.55,0.02541003
449.75,295.45,141.36,0.03769622
454.775,295.45,141.42,0.05364473
459.8,295.45,141.85,0.0711923
464.825,295.45,142.37,0.08923439
469.85,295.45,142.94,0.1066578
474.875,295.45,143.52,0.1215274
479.9,295.45,144.11,0.1325016
484.925,295.45,144.77,0.1387424
489.95,295.45,145.53,0.1400839
494.975,295.45,146.32,0.1369915
500,295.45,147.07,0.1302777
505.025,295.45,147.75,0.1206885
510.05,295.45,148.2,0.1092887
515.075,295.45,148.57,0.09761314
520.1,295.45,148.85,0.08701038
525.125,295.45,149.12,0.07836249
530.15,295.45,149.38,0.07191668
535.175,295.45,149.68,0.0677078
540.2,295.45,149.99,0.0652118
545.225,295.45,150.25,0.06352679
550.25,295.45,150.4,0.06209269
555.275,295.45,150.58,0.0607025
560.3,295.45,150.85,0.05950708
565.325,295.45,151.15,0.05870383
570.35,295.45,151.53,0.05836537
575.375,295.45,151.87,0.05836166
580.4,295.45,152.13,0.0582094
585.425,295.45,152.39,0.05719561
590.45,295.45,152.65,0.05513691
595.475,295.45,152.9,0.05224603
600.5,295.45,153.15,0.04893782
605.525,295.45,153.39,0.04570231
610.55,295.45,153.58,0.04258755
615.575,295.45,153.74,0.03962011
620.6,295.45,153.86,0.03692637
625.625,295.45,153.98,0.03456627
630.65,295.45,154.08,0.03277754
635.675,295.45,154.18,0.03165715
640.7,295.45,154.31,0.03096708
645.725,295.45,154.43,0.03055246
650.75,295.45,154.51,0.03029635
655.775,295.45,154.58,0.03014745
660.8,295.45,154.7,0.03001868
665.825,295.45,154.85,0.02970137
670.85,295.45,155.02,0.02897532
675.875,295.45,155.18,0.02775493
680.9,295.45,155.33,0.02598928
685.925,295.45,155.49,0.02379574
690.95,295.45,155.62,0.02129576
695.975,295.45,155.68,0.01849131
701,295.45,155.69,0.01567535
706.025,295.45,155.7,0.01310346
711.05,295.45,155.74,0.0108683
716.075,295.45,155.77,0.009025085
721.1,295.45,155.75,0.007389426
726.125,295.45,155.72,0.005689928
731.15,295.45,155.74,0.004181491
736.175,295.45,155.77,0.00472709
741.2,295.45,155.75,0.007512333
746.225,295.45,155.73,0.01108352
751.25,295.45,155.73,0.01522014
756.275,295.45,155.65,0.01971934
761.3,295.45,155.49,0.02394354
766.325,295.45,155.3,0.02773459
771.35,295.45,155.11,0.03165723
776.375,295.45,154.94,0.03662622
781.4,295.45,154.82,0.04270941
786.425,295.45,154.77,0.04983009
791.45,295.45,154.77,0.05787296
796.475,295.45,154.53,0.06667868
801.5,295.45,154.05,0.07715576
806.525,295.45,153.5,0.09088681
811.55,295.45,152.96,0.1079559
816.575,295.45,152.41,0.1257435
821.6,295.45,151.94,0.1419354
826.625,295.45,151.3,0.1558255
831.65,295.45,150.17,0.1680271
836.675,295.45,148.93,0.178379
841.7,295.45,147.92,0.1866049
846.725,295.45,147.04,0.1916389
851.75,295.45,146.25,0.1919687
856.775,295.45,145.44,0.1881799
861.8,295.45,144.6,0.1817887
866.825,295.45,143.68,0.1740536
871.85,295.45,142.48,0.1654956
876.875,295.45,141.34,0.1572167
881.9,295.45,140.53,0.1495853
886.925,295.45,139.88,0.1431539
891.95,295.45,139.69,0.1387503
896.975,295.45,139.27,0.1372197
902,295.45,138.47,0.1397487
907.025,295.45,137.69,0.1472599
912.05,295.45,137.08,0.1587883
917.075,295.45,136.26,0.1707434
922.1,295.45,135.29,0.1769421
927.125,295.45,134.39,0.1729367
932.15,295.45,133.6,0.1588896
937.175,295.45,132.72,0.1379098
942.2,295.45,131.75,0.1134055
947.225,295.45,131.1,0.0880152
952.25,295.45,131.09,0.06508286
957.275,295.45,131.14,0.04715937
962.3,295.45,131,0.03488002
967.325,295.45,130.85,0.02868426
972.35,295.45,130.8,0.0277904
977.375,295.45,130.74,0.02977925
982.4,295.45,130.67,0.03241075
987.425,295.45,130.6,0.03444701
992.45,295.45,130.53,0.03790232
997.475,295.45,130.4,0.04465909
1002.5,295.45,130.22,0.05360901
-2.5,300.5,146.25,0.0512046
2.525,300.5,146.31,0.05153009
7.55,300.5,146.37,0.05226825
12.575,300.5,146.41,0.05324444
17.6,300.5,146.44,0.05437472
22.625,300.5,146.46,0.05554966
27.65,300.5,146.48,0.05666679
32.675,300.5,146.5,0.05775204
37.7,300.5,146.53,0.05872615
42.725,300.5,146.56,0.05958485
47.75,300.5,146.57,0.06041457
52.775,300.5,146.57,0.06125136
57.8,300.5,146.56,0.0619066
62.825,300.5,146.55,0.06221683
67.85,300.5,146.54,0.06222972
72.875,300.5,146.53,0.06197278
77.9,300.5,146.52,0.06159173
82.925,300.5,146.52,0.06117823
87.95,300.5,146.56,0.0606243
92.975,300.5,146.57,0.06026939
98,300.5,146.51,0.05981297
103.025,300.5,146.43,0.0593119
108.05,300.5,146.35,0.05896
113.075,300.5,146.25,0.05872038
118.1,300.5,146.13,0.05881077
123.125,300.5,146,0.05936728
128.15,300.5,145.87,0.06027727
133.175,300.5,145.73,0.06098224
138.2,300.5,145.59,0.06038059
143.225,300.5,145.38,0.05827054
148.25,300.5,145.01,0.05505829
153.275,300.5,144.69,0.05129759
158.3,300.5,144.59,0.04785019
163.325,300.5,144.56,0.04513941
168.35,300.5,144.59,0.04350153
173.375,300.5,144.55,0.04361669
178.4,300.5,144.32,0.04658215
183.425,300.5,144.02,0.05238426
188.45,300.5,143.7,0.05922594
193.475,300.5,143.38,0.06444476
198.5,300.5,143.06,0.06650363
203.525,300.5,142.7,0.06543648
208.55,300.5,142.24,0.06230894
213.575,300.5,141.84,0.05802071
218.6,300.5,141.62,0.05296478
223.625,300.5,141.47,0.04742238
228.65,300.5,141.32,0.04165618
233.675,300.5,141.18,0.03638324
238.7,300.5,141.04,0.03208569
243.725,300.5,140.9,0.02870971
248.75,300.5,140.76,0.02572576
253.775,300.5,140.65,0.02294941
258.8,300.5,140.6,0.02045746
263.825,300.5,140.57,0.01841479
268.85,300.5,140.56,0.01686648
273.875,300.5,140.57,0.01569113
278.9,300.5,140.57,0.01517299
283.925,300.5,140.58,0.01536217
288.95,300.5,140.58,0.01613766
293.975,300.5,140.59,0.01759848
299,300.5,140.63,0.01969221
304.025,300.5,140.67,0.02247136
309.05,300.5,140.7,0.02585616
314.075,300.5,140.75,0.02969952
319.1,300.5,140.84,0.03365102
324.125,300.5,140.96,0.0371109
329.15,300.5,141.1,0.03979362
334.175,300.5,141.26,0.04191315
339.2,300.5,141.45,0.04361831
344.225,300.5,141.61,0.04513428
349.25,300.5,141.6,0.04647655
354.275,300.5,141.52,0.0474002
359.3,300.5,141.49,0.04768751
364.325,300.5,141.52,0.04705429
369.35,300.5,141.6,0.04541589
374.375,300.5,141.72,0.04273387
379.4,300.5,141.87,0.03913195
384.425,300.5,142,0.03506327
389.45,300.5,142.01,0.0309988
394.475,300.5,141.98,0.02715785
399.5,300.5,142,0.02386257
404.525,300.5,142.04,0.02125223
409.55,300.5,142.13,0.01969964
414.575,300.5,142.19,0.01952442
419.6,300.5,142.13,0.02048912
424.625,300.5,142.03,0.02238311
429.65,300.5,141.93,0.02439884
434.675,300.5,141.84,0.02521891
439.7,300.5,141.78,0.02649353
444.725,300.5,141.69,0.03285096
449.75,300.5,141.51,0.04536657
454.775,300.5,141.54,0.0616138
459.8,300.5,141.95,0.07942637
464.825,300.5,142.51,0.09741429
469.85,300.5,143.11,0.1143676
474.875,300.5,143.75,0.1285072
479.9,300.5,144.42,0.1381224
484.925,300.5,145.13,0.1425752
489.95,300.5,145.91,0.1422845
494.975,300.5,146.7,0.1378684
500,300.5,147.45,0.1302151
505.025,300.5,148.13,0.1200779
510.05,300.5,148.58,0.1086546
515.075,300.5,148.86,0.09723883
520.1,300.5,149.13,0.08698647
525.125,300.5,149.41,0.07857683
530.15,300.5,149.68,0.07247139
535.175,300.5,149.94,0.06854651
540.2,300.5,150.22,0.06615535
545.225,300.5,150.46,0.0644997
550.25,300.5,150.6,0.06304478
555.275,300.5,150.74,0.06167804
560.3,300.5,150.98,0.0605445
565.325,300.5,151.28,0.05985171
570.35,300.5,151.65,0.0595982
575.375,300.5,152,0.05953316
580.4,300.5,152.28,0.05909685
585.425,300.5,152.53,0.05771875
590.45,300.5,152.79,0.05534584
595.475,300.5,153.04,0.05220049
600.5,300.5,153.29,0.04874715
605.525,300.5,153.53,0.04537198
610.55,300.5,153.71,0.04216172
615.575,300.5,153.85,0.03916326
620.6,300.5,153.96,0.03651235
625.625,300.5,154.06,0.03430537
630.65,300.5,154.16,0.03264268
635.675,300.5,154.26,0.03164591
640.7,300.5,154.38,0.03109373
645.725,300.5,154.5,0.03080123
650.75,300.5,154.58,0.03053464
655.775,300.5,154.66,0.03020105
660.8,300.5,154.76,0.02981384
665.825,300.5,154.88,0.02924135
670.85,300.5,155.04,0.02835272
675.875,300.5,155.2,0.02710588
680.9,300.5,155.37,0.02551751
685.925,300.5,155.53,0.0236878
690.95,300.5,155.66,0.02174712
695.975,300.5,155.74,0.01963304
701,300.5,155.77,0.01762145
706.025,300.5,155.8,0.01583347
711.05,300.5,155.84,0.01443071
716.075,300.5,155.88,0.01332692
721.1,300.5,155.86,0.01218569
726.125,300.5,155.83,0.01082554
731.15,300.5,155.83,0.009644398
736.175,300.5,155.82,0.009336186
741.2,300.5,155.78,0.01046988
746.225,300.5,155.73,0.01288466
751.25,300.5,155.7,0.01611974
756.275,300.5,155.61,0.01995014
761.3,300.5,155.43,0.02367492
766.325,300.5,155.22,0.02704739
771.35,300.5,155.01,0.03070475
776.375,300.5,154.82,0.03536821
781.4,300.5,154.67,0.04115023
786.425,300.5,154.58,0.04770914
791.45,300.5,154.54,0.05487205
796.475,300.5,154.35,0.06254518
801.5,300.5,153.89,0.07201307
806.525,300.5,153.37,0.08498871
811.55,300.5,152.86,0.1013867
816.575,300.5,152.38,0.1190506
821.6,300.5,151.94,0.1357061
826.625,300.5,151.37,0.1504804
831.65,300.5,150.3,0.1635367
836.675,300.5,149.03,0.174834
841.7,300.5,147.99,0.1840232
846.725,300.5,147.1,0.1904374
851.75,300.5,146.31,0.1923922
856.775,300.5,145.56,0.19006
861.8,300.5,144.8,0.18471
866.825,300.5,143.93,0.1771457
871.85,300.5,142.74,0.1683354
876.875,300.5,141.51,0.1597027
881.9,300.5,140.53,0.1516188
886.925,300.5,139.8,0.1440968
891.95,300.5,139.54,0.1385262
896.975,300.5,139.29,0.1363116
902,300.5,138.58,0.1384965
907.025,300.5,137.75,0.1458863
912.05,300.5,137.12,0.1578462
917.075,300.5,136.43,0.1713514
922.1,300.5,135.47,0.1796309
927.125,300.5,134.46,0.1769482
932.15,300.5,133.56,0.1640285
937.175,300.5,132.71,0.1435924
942.2,300.5,131.84,0.1189957
947.225,300.5,131.18,0.0935784
952.25,300.5,131.19,0.07057425
957.275,300.5,131.39,0.05328747
962.3,300.5,131.26,0.04203252
967.325,300.5,131.02,0.03655649
972.35,300.5,130.85,0.03626712
977.375,300.5,130.73,0.038436
982.4,300.5,130.62,0.03969644
987.425,300.5,130.52,0.03899192
992.45,300.5,130.44,0.0385115
997.475,300.5,130.35,0.04296678
1002.5,300.5,130.24,0.05340655
-2.5,305.55,146.48,0.04801939
2.525,305.55,146.55,0.04877959
7.55,305.55,146.62,0.05001408
12.575,305.55,146.68,0.05145866
17.6,305.55,146.72,0.05292189
22.625,305.55,146.75,0.05433901
27.65,305.55,146.78,0.05570541
32.675,305.55,146.8,0.05696238
37.7,305.55,146.83,0.05810107
42.725,305.55,146.85,0.05909225
47.75,305.55,146.87,0.06004353
52.775,305.55,146.87,0.06094972
57.8,305.55,146.86,0.06173855
62.825,305.55,146.86,0.06220449
67.85,305.55,146.85,0.06229014
72.875,305.55,146.85,0.0620607
77.9,305.55,146.84,0.06164641
82.925,305.55,146.83,0.06111322
87.95,305.55,146.85,0.06044942
92.975,305.55,146.86,0.059742
98,305.55,146.8,0.05912504
103.025,305.55,146.71,0.05852352
108.05,305.55,146.62,0.05810087
113.075,305.55,146.52,0.0577964
118.1,305.55,146.39,0.05789106
123.125,305.55,146.26,0.05862624
128.15,305.55,146.13,0.05962493
133.175,305.55,145.99,0.0603013
138.2,305.55,145.83,0.05975838
143.225,305.55,145.6,0.05757024
148.25,305.55,145.25,0.05454172
153.275,305.55,144.9,0.05111715
158.3,305.55,144.76,0.0477873
163.325,305.55,144.7,0.04521546
168.35,305.55,144.68,0.0436256
173.375,305.55,144.65,0.0437499
178.4,305.55,144.43,0.04679881
183.425,305.55,144.13,0.05263166
188.45,305.55,143.81,0.05919783
193.475,305.55,143.48,0.0641514
198.5,305.55,143.16,0.06598775
203.525,305.55,142.81,0.06485827
208.55,305.55,142.39,0.06177644
213.575,305.55,141.97,0.05758036
218.6,305.55,141.74,0.05262832
223.625,305.55,141.58,0.04727419
228.65,305.55,141.43,0.04189125
233.675,305.55,141.28,0.03698971
238.7,305.55,141.14,0.03317554
243.725,305.55,141.01,0.03018136
248.75,305.55,140.88,0.02760148
253.775,305.55,140.76,0.0252492
258.8,305.55,140.7,0.02327085
263.825,305.55,140.66,0.02180755
268.85,305.55,140.64,0.02092526
273.875,305.55,140.63,0.02043031
278.9,305.55,140.63,0.02036003
283.925,305.55,140.65,0.02082578
288.95,305.55,140.65,0.02180808
293.975,305.55,140.66,0.02345326
299,305.55,140.71,0.02583664
304.025,305.55,140.76,0.02889293
309.05,305.55,140.8,0.03256822
314.075,305.55,140.86,0.03670142
319.1,305.55,140.96,0.04085109
324.125,305.55,141.12,0.04435296
329.15,305.55,141.3,0.04704612
334.175,305.55,141.48,0.0491046
339.2,305.55,141.69,0.05072321
344.225,305.55,141.87,0.05200086
349.25,305.55,141.92,0.05310678
354.275,305.55,141.82,0.05375764
359.3,305.55,141.79,0.05369278
364.325,305.55,141.84,0.05264939
369.35,305.55,141.95,0.0505604
374.375,305.55,142.04,0.0474645
379.4,305.55,142.15,0.04338494
384.425,305.55,142.22,0.03879334
389.45,305.55,142.21,0.0342153
394.475,305.55,142.11,0.03012528
399.5,305.55,142.06,0.02653879
404.525,305.55,142.1,0.02375544
409.55,305.55,142.19,0.02215444
414.575,305.55,142.27,0.02195048
419.6,305.55,142.24,0.0231847
424.625,305.55,142.15,0.02563659
429.65,305.55,142.06,0.02863638
434.675,305.55,141.98,0.03116575
439.7,305.55,141.93,0.03427574
444.725,305.55,141.85,0.04143975
449.75,305.55,141.73,0.05387583
454.775,305.55,141.74,0.06982691
459.8,305.55,142.15,0.08735782
464.825,305.55,142.77,0.1048788
469.85,305.55,143.44,0.1210716
474.875,305.55,144.1,0.134206
479.9,305.55,144.79,0.1423455
484.925,305.55,145.49,0.1449392
489.95,305.55,146.27,0.1427782
494.975,305.55,147.04,0.1368539
500,305.55,147.78,0.1281553
505.025,305.55,148.43,0.1174541
510.05,305.55,148.88,0.1057996
515.075,305.55,149.13,0.0946086
520.1,305.55,149.38,0.0847467
525.125,305.55,149.67,0.07678974
530.15,305.55,149.94,0.07117623
535.175,305.55,150.18,0.06780856
540.2,305.55,150.44,0.06577188
545.225,305.55,150.69,0.06430212
550.25,305.55,150.85,0.06292067
555.275,305.55,150.95,0.06171681
560.3,305.55,151.17,0.06073633
565.325,305.55,151.44,0.06013511
570.35,305.55,151.8,0.0598485
575.375,305.55,152.15,0.05959573
580.4,305.55,152.43,0.05878406
585.425,305.55,152.68,0.05710451
590.45,305.55,152.93,0.05454148
595.475,305.55,153.18,0.05145696
600.5,305.55,153.42,0.04814731
605.525,305.55,153.64,0.04491509
610.55,305.55,153.81,0.04187393
615.575,305.55,153.94,0.03907471
620.6,305.55,154.05,0.03664417
625.625,305.55,154.16,0.03474721
630.65,305.55,154.26,0.03341114
635.675,305.55,154.36,0.03268793
640.7,305.55,154.48,0.03230525
645.725,305.55,154.62,0.03205679
650.75,305.55,154.72,0.03170879
655.775,305.55,154.79,0.03110951
660.8,305.55,154.87,0.03033044
665.825,305.55,154.98,0.02946934
670.85,305.55,155.13,0.02845196
675.875,305.55,155.28,0.02723112
680.9,305.55,155.43,0.02582109
685.925,305.55,155.58,0.02429214
690.95,305.55,155.71,0.02269547
695.975,305.55,155.8,0.02098289
701,305.55,155.84,0.01926063
706.025,305.55,155.88,0.01767576
711.05,305.55,155.93,0.01622998
716.075,305.55,155.97,0.01517708
721.1,305.55,155.96,0.01431801
726.125,305.55,155.91,0.01343036
731.15,305.55,155.88,0.01281813
736.175,305.55,155.84,0.01308366
741.2,305.55,155.78,0.01421254
746.225,305.55,155.7,0.01617346
751.25,305.55,155.63,0.01871378
756.275,305.55,155.54,0.02159512
761.3,305.55,155.38,0.02444105
766.325,305.55,155.18,0.02705312
771.35,305.55,154.96,0.03012895
776.375,305.55,154.75,0.03423239
781.4,305.55,154.58,0.03935065
786.425,305.55,154.45,0.04527807
791.45,305.55,154.38,0.05171107
796.475,305.55,154.21,0.05850049
801.5,305.55,153.8,0.06696601
806.525,305.55,153.34,0.07932491
811.55,305.55,152.91,0.0952388
816.575,305.55,152.46,0.1126663
821.6,305.55,152.06,0.1295589
826.625,305.55,151.55,0.1450944
831.65,305.55,150.61,0.1592705
836.675,305.55,149.31,0.1715638
841.7,305.55,148.24,0.1815011
846.725,305.55,147.34,0.1890083
851.75,305.55,146.58,0.1924612
856.775,305.55,145.82,0.1914967
861.8,305.55,145.04,0.1874524
866.825,305.55,144.25,0.1802825
871.85,305.55,143.15,0.171434
876.875,305.55,141.81,0.162517
881.9,305.55,140.76,0.1540557
886.925,305.55,139.98,0.1456697
891.95,305.55,139.68,0.1394006
896.975,305.55,139.5,0.1371231
902,305.55,138.87,0.139466
907.025,305.55,138.11,0.1467878
912.05,305.55,137.51,0.1591887
917.075,305.55,136.83,0.1735229
922.1,305.55,135.84,0.1830077
927.125,305.55,134.71,0.1809622
932.15,305.55,133.73,0.1684797
937.175,305.55,132.82,0.1491978
942.2,305.55,131.91,0.1251104
947.225,305.55,131.45,0.09992927
952.25,305.55,131.49,0.07713896
957.275,305.55,131.76,0.05967988
962.3,305.55,131.65,0.04878917
967.325,305.55,131.26,0.0431714
972.35,305.55,131.01,0.04350533
977.375,305.55,130.78,0.04734095
982.4,305.55,130.58,0.04883938
987.425,305.55,130.49,0.04665852
992.45,305.55,130.41,0.04249498
997.475,305.55,130.34,0.04486199
1002.5,305.55,130.23,0.05642752
-2.5,310.6,146.69,0.04541813
2.525,310.6,146.78,0.04634978
7.55,310.6,146.87,0.04792122
12.575,310.6,146.95,0.04971298
17.6,310.6,147.01,0.05151078
22.625,310.6,147.05,0.05320084
27.65,310.6,147.09,0.05480195
32.675,310.6,147.13,0.05629561
37.7,310.6,147.17,0.05764508
42.725,310.6,147.17,0.05885444
47.75,310.6,147.16,0.05990609
52.775,310.6,147.16,0.06084004
57.8,310.6,147.16,0.06159569
62.825,310.6,147.16,0.06205043
67.85,310.6,147.16,0.06207925
72.875,310.6,147.16,0.06172869
77.9,310.6,147.15,0.06109952
82.925,310.6,147.16,0.0604035
87.95,310.6,147.15,0.05967099
92.975,310.6,147.14,0.05893711
98,310.6,147.08,0.05825639
103.025,310.6,146.99,0.05770563
108.05,310.6,146.89,0.05730558
113.075,310.6,146.78,0.05713669
118.1,310.6,146.64,0.05727842
123.125,310.6,146.52,0.05815525
128.15,310.6,146.4,0.05945787
133.175,310.6,146.24,0.06019374
138.2,310.6,146.05,0.05968195
143.225,310.6,145.76,0.05737962
148.25,310.6,145.4,0.05410855
153.275,310.6,145.08,0.05091992
158.3,310.6,144.9,0.0478636
163.325,310.6,144.85,0.04546026
168.35,310.6,144.79,0.04411779
173.375,310.6,144.7,0.04423026
178.4,310.6,144.49,0.04712951
183.425,310.6,144.2,0.05290577
188.45,310.6,143.9,0.05923058
193.475,310.6,143.58,0.06381108
198.5,310.6,143.26,0.06543656
203.525,310.6,142.89,0.06412758
208.55,310.6,142.5,0.06104162
213.575,310.6,142.14,0.05692543
218.6,310.6,141.9,0.05202798
223.625,310.6,141.72,0.04675426
228.65,310.6,141.55,0.04163843
233.675,310.6,141.4,0.03718486
238.7,310.6,141.24,0.03385747
243.725,310.6,141.11,0.03143875
248.75,310.6,141.03,0.0293426
253.775,310.6,140.93,0.02754188
258.8,310.6,140.85,0.02620104
263.825,310.6,140.78,0.02544963
268.85,310.6,140.72,0.02530199
273.875,310.6,140.7,0.02562332
278.9,310.6,140.69,0.0262764
283.925,310.6,140.71,0.02731742
288.95,310.6,140.73,0.02880102
293.975,310.6,140.75,0.03083335
299,310.6,140.8,0.03354693
304.025,310.6,140.87,0.03682645
309.05,310.6,140.93,0.04061351
314.075,310.6,141.01,0.04469682
319.1,310.6,141.13,0.04869597
324.125,310.6,141.33,0.05198084
329.15,310.6,141.57,0.05435564
334.175,310.6,141.79,0.05602429
339.2,310.6,142.01,0.05715829
344.225,310.6,142.18,0.0578786
349.25,310.6,142.29,0.05827429
354.275,310.6,142.29,0.05828129
359.3,310.6,142.26,0.05764202
364.325,310.6,142.3,0.05606997
369.35,310.6,142.42,0.05356849
374.375,310.6,142.53,0.0501095
379.4,310.6,142.59,0.04586842
384.425,310.6,142.55,0.04119916
389.45,310.6,142.4,0.03644782
394.475,310.6,142.26,0.03217233
399.5,310.6,142.12,0.02859083
404.525,310.6,142.13,0.02588789
409.55,310.6,142.27,0.02461457
414.575,310.6,142.34,0.0248744
419.6,310.6,142.34,0.02663763
424.625,310.6,142.28,0.02974175
429.65,310.6,142.21,0.03377935
434.675,310.6,142.15,0.03787365
439.7,310.6,142.12,0.04267759
444.725,310.6,142.01,0.05065955
449.75,310.6,141.93,0.06283236
454.775,310.6,142.04,0.07804986
459.8,310.6,142.46,0.09467535
464.825,310.6,143.13,0.111205
469.85,310.6,143.88,0.1261949
474.875,310.6,144.59,0.1379699
479.9,310.6,145.27,0.1446064
484.925,310.6,145.95,0.1453508
489.95,310.6,146.64,0.1413855
494.975,310.6,147.39,0.1339698
500,310.6,148.09,0.1241748
505.025,310.6,148.68,0.1129246
510.05,310.6,149.11,0.101228
515.075,310.6,149.4,0.09022195
520.1,310.6,149.64,0.08087143
525.125,310.6,149.93,0.07351766
530.15,310.6,150.2,0.06853803
535.175,310.6,150.45,0.06582182
540.2,310.6,150.69,0.06422597
545.225,310.6,150.91,0.06296298
550.25,310.6,151.12,0.06185963
555.275,310.6,151.27,0.06086351
560.3,310.6,151.46,0.06005712
565.325,310.6,151.71,0.05944921
570.35,310.6,151.98,0.05903015
575.375,310.6,152.32,0.05850715
580.4,310.6,152.6,0.05746257
585.425,310.6,152.84,0.05560668
590.45,310.6,153.08,0.05318061
595.475,310.6,153.32,0.05038505
600.5,310.6,153.55,0.04750885
605.525,310.6,153.74,0.04463771
610.55,310.6,153.89,0.04195419
615.575,310.6,154.01,0.0394966
620.6,310.6,154.12,0.03743839
625.625,310.6,154.24,0.0359159
630.65,310.6,154.37,0.03499054
635.675,310.6,154.48,0.03458018
640.7,310.6,154.6,0.03439298
645.725,310.6,154.75,0.03407456
650.75,310.6,154.91,0.03351808
655.775,310.6,154.99,0.03264402
660.8,310.6,155.06,0.03151966
665.825,310.6,155.14,0.03035929
670.85,310.6,155.25,0.02918582
675.875,310.6,155.38,0.02795166
680.9,310.6,155.5,0.02660812
685.925,310.6,155.63,0.02520817
690.95,310.6,155.76,0.02371556
695.975,310.6,155.85,0.02203368
701,310.6,155.91,0.02020284
706.025,310.6,155.97,0.01835485
711.05,310.6,156.04,0.01656455
716.075,310.6,156.09,0.01517277
721.1,310.6,156.11,0.0144465
726.125,310.6,156.05,0.01415567
731.15,310.6,155.92,0.01437983
736.175,310.6,155.85,0.01536005
741.2,310.6,155.77,0.01695933
746.225,310.6,155.68,0.01896355
751.25,310.6,155.57,0.02133184
756.275,310.6,155.47,0.02362684
761.3,310.6,155.34,0.02584144
766.325,310.6,155.17,0.02791017
771.35,310.6,154.97,0.03032393
776.375,310.6,154.77,0.03380091
781.4,310.6,154.59,0.03820003
786.425,310.6,154.44,0.04337107
791.45,310.6,154.27,0.0491432
796.475,310.6,154.09,0.05539625
801.5,310.6,153.75,0.0629318
806.525,310.6,153.37,0.07424321
811.55,310.6,153.04,0.08960381
816.575,310.6,152.68,0.1067492
821.6,310.6,152.3,0.1238948
826.625,310.6,151.75,0.1400729
831.65,310.6,150.96,0.1551389
836.675,310.6,149.86,0.1685482
841.7,310.6,148.75,0.1790197
846.725,310.6,147.82,0.1867302
851.75,310.6,146.96,0.1913732
856.775,310.6,146.2,0.1918115
861.8,310.6,145.36,0.1892529
866.825,310.6,144.51,0.183189
871.85,310.6,143.66,0.1741581
876.875,310.6,142.47,0.1649589
881.9,310.6,141.33,0.1561693
886.925,310.6,140.52,0.1473848
891.95,310.6,140.09,0.1403604
896.975,310.6,139.91,0.1381812
902,310.6,139.39,0.1414169
907.025,310.6,138.74,0.1493315
912.05,310.6,138.24,0.1617635
917.075,310.6,137.55,0.1764412
922.1,310.6,136.5,0.1865393
927.125,310.6,135.23,0.185271
932.15,310.6,133.99,0.1729837
937.175,310.6,132.97,0.154596
942.2,310.6,131.95,0.1318554
947.225,310.6,131.65,0.1071785
952.25,310.6,132.22,0.08460648
957.275,310.6,132.46,0.06676477
962.3,310.6,132.34,0.05516253
967.325,310.6,131.8,0.04925019
972.35,310.6,131.24,0.04883955
977.375,310.6,130.9,0.05419015
982.4,310.6,130.58,0.05804123
987.425,310.6,130.43,0.05593382
992.45,310.6,130.4,0.05002826
997.475,310.6,130.3,0.05030586
1002.5,310.6,130.18,0.06631941
-2.5,315.65,146.87,0.04318616
2.525,315.65,146.99,0.04420427
7.55,315.65,147.1,0.0458401
12.575,315.65,147.19,0.04781386
17.6,315.65,147.28,0.04983358
22.625,315.65,147.34,0.0517648
27.65,315.65,147.39,0.0535814
32.675,315.65,147.44,0.05529966
37.7,315.65,147.49,0.05689763
42.725,315.65,147.51,0.05828414
47.75,315.65,147.48,0.05947688
52.775,315.65,147.46,0.06041398
57.8,315.65,147.46,0.0610983
62.825,315.65,147.46,0.06140189
67.85,315.65,147.46,0.06134616
72.875,315.65,147.46,0.0609033
77.9,315.65,147.46,0.06014806
82.925,315.65,147.47,0.05931714
87.95,315.65,147.46,0.05849742
92.975,315.65,147.42,0.05777705
98,315.65,147.34,0.05716379
103.025,315.65,147.24,0.05666047
108.05,315.65,147.16,0.05633437
113.075,315.65,147.04,0.05626627
118.1,315.65,146.89,0.05662381
123.125,315.65,146.75,0.0576794
128.15,315.65,146.64,0.05932511
133.175,315.65,146.48,0.06047379
138.2,315.65,146.26,0.06009443
143.225,315.65,145.96,0.05786228
148.25,315.65,145.52,0.05430913
153.275,315.65,145.19,0.05088959
158.3,315.65,145.03,0.04802297
163.325,315.65,144.95,0.04577378
168.35,315.65,144.91,0.04457044
173.375,315.65,144.78,0.04487423
178.4,315.65,144.55,0.04757544
183.425,315.65,144.25,0.05300201
188.45,315.65,143.96,0.05915626
193.475,315.65,143.66,0.06341944
198.5,315.65,143.35,0.06472381
203.525,315.65,142.99,0.0632886
208.55,315.65,142.58,0.06013511
213.575,315.65,142.26,0.05603096
218.6,315.65,142.05,0.05121802
223.625,315.65,141.88,0.04600782
228.65,315.65,141.7,0.04104911
233.675,315.65,141.52,0.03698019
238.7,315.65,141.35,0.03414534
243.725,315.65,141.21,0.03241199
248.75,315.65,141.15,0.03107183
253.775,315.65,141.09,0.0299946
258.8,315.65,141.02,0.02943162
263.825,315.65,140.95,0.02947968
268.85,315.65,140.87,0.03011741
273.875,315.65,140.81,0.03121725
278.9,315.65,140.79,0.03264055
283.925,315.65,140.8,0.03441439
288.95,315.65,140.84,0.03655077
293.975,315.65,140.89,0.03909701
299,315.65,140.95,0.04210153
304.025,315.65,141.04,0.045528
309.05,315.65,141.1,0.04918895
314.075,315.65,141.2,0.05288926
319.1,315.65,141.36,0.05626277
324.125,315.65,141.58,0.05892871
329.15,315.65,141.84,0.06067241
334.175,315.65,142.11,0.06162302
339.2,315.65,142.35,0.06189433
344.225,315.65,142.54,0.06171825
349.25,315.65,142.63,0.06115574
354.275,315.65,142.7,0.060254
359.3,315.65,142.76,0.05883898
364.325,315.65,142.83,0.05674709
369.35,315.65,142.91,0.05397955
374.375,315.65,143,0.05055224
379.4,315.65,143.04,0.04650971
384.425,315.65,142.97,0.0420649
389.45,315.65,142.68,0.03748418
394.475,315.65,142.41,0.03320662
399.5,315.65,142.21,0.02965175
404.525,315.65,142.11,0.02724854
409.55,315.65,142.3,0.02655784
414.575,315.65,142.46,0.02790829
419.6,315.65,142.46,0.03073631
424.625,315.65,142.42,0.03470456
429.65,315.65,142.38,0.03967056
434.675,315.65,142.36,0.04512049
439.7,315.65,142.36,0.05127722
444.725,315.65,142.3,0.05988305
449.75,315.65,142.17,0.07163279
454.775,315.65,142.34,0.08574014
459.8,315.65,142.85,0.1010074
464.825,315.65,143.54,0.1159885
469.85,315.65,144.28,0.129392
474.875,315.65,145.05,0.1394786
479.9,315.65,145.74,0.1444599
484.925,315.65,146.41,0.1436033
489.95,315.65,147.05,0.1380889
494.975,315.65,147.71,0.1294678
500,315.65,148.37,0.1189625
505.025,315.65,148.94,0.1074359
510.05,315.65,149.31,0.09583857
515.075,315.65,149.59,0.0851981
520.1,315.65,149.87,0.07638483
525.125,315.65,150.16,0.06976258
530.15,315.65,150.43,0.06546647
535.175,315.65,150.69,0.06330257
540.2,315.65,150.93,0.06218754
545.225,315.65,151.15,0.06117353
550.25,315.65,151.33,0.06020542
555.275,315.65,151.54,0.05942893
560.3,315.65,151.76,0.05874067
565.325,315.65,152.01,0.05806713
570.35,315.65,152.24,0.05741876
575.375,315.65,152.49,0.05668431
580.4,315.65,152.75,0.05560911
585.425,315.65,152.99,0.05395598
590.45,315.65,153.22,0.05187412
595.475,315.65,153.44,0.04957182
600.5,315.65,153.66,0.04718014
605.525,315.65,153.86,0.0447626
610.55,315.65,153.99,0.04245005
615.575,315.65,154.1,0.04033786
620.6,315.65,154.21,0.0386609
625.625,315.65,154.33,0.03760026
630.65,315.65,154.47,0.03703558
635.675,315.65,154.62,0.03685499
640.7,315.65,154.75,0.03676988
645.725,315.65,154.9,0.03637355
650.75,315.65,155.07,0.03560772
655.775,315.65,155.2,0.03445054
660.8,315.65,155.27,0.03307686
665.825,315.65,155.34,0.03172463
670.85,315.65,155.42,0.03038122
675.875,315.65,155.51,0.02897658
680.9,315.65,155.6,0.0275282
685.925,315.65,155.7,0.02598012
690.95,315.65,155.82,0.02436105
695.975,315.65,155.92,0.02250326
701,315.65,155.98,0.02031654
706.025,315.65,156.05,0.0179852
711.05,315.65,156.14,0.01580767
716.075,315.65,156.21,0.01428457
721.1,315.65,156.25,0.01376505
726.125,315.65,156.22,0.01411715
731.15,315.65,156.05,0.01507576
736.175,315.65,155.88,0.01662153
741.2,315.65,155.77,0.01859216
746.225,315.65,155.67,0.02073676
751.25,315.65,155.56,0.02298016
756.275,315.65,155.45,0.02513759
761.3,315.65,155.35,0.02715668
766.325,315.65,155.22,0.02919567
771.35,315.65,155.01,0.03133354
776.375,315.65,154.82,0.03430947
781.4,315.65,154.65,0.03823343
786.425,315.65,154.49,0.04276651
791.45,315.65,154.29,0.04782126
796.475,315.65,154.04,0.05340708
801.5,315.65,153.75,0.06032566
806.525,315.65,153.43,0.07038828
811.55,315.65,153.15,0.08453788
816.575,315.65,152.88,0.1011138
821.6,315.65,152.55,0.1183243
826.625,315.65,152.07,0.1352165
831.65,315.65,151.22,0.1511991
836.675,315.65,150.27,0.1654121
841.7,315.65,149.3,0.1766173
846.725,315.65,148.4,0.184325
851.75,315.65,147.47,0.1890558
856.775,315.65,146.58,0.1906139
861.8,315.65,145.69,0.189157
866.825,315.65,144.78,0.1846782
871.85,315.65,143.92,0.1764332
876.875,315.65,143.04,0.1668837
881.9,315.65,142,0.1576916
886.925,315.65,141.18,0.1485531
891.95,315.65,140.7,0.1411376
896.975,315.65,140.4,0.1383873
902,315.65,139.94,0.1418991
907.025,315.65,139.37,0.1508314
912.05,315.65,138.96,0.1639532
917.075,315.65,138.33,0.1790507
922.1,315.65,137.23,0.1897408
927.125,315.65,135.94,0.1894442
932.15,315.65,134.56,0.1781756
937.175,315.65,133.26,0.1602308
942.2,315.65,132.12,0.1384297
947.225,315.65,131.59,0.1143915
952.25,315.65,132.44,0.09179094
957.275,315.65,133.18,0.07348947
962.3,315.65,132.99,0.06104663
967.325,315.65,132.47,0.05438351
972.35,315.65,131.75,0.053466
977.375,315.65,131.13,0.05866636
982.4,315.65,130.69,0.06522788
987.425,315.65,130.4,0.06498776
992.45,315.65,130.35,0.05970706
997.475,315.65,130.29,0.05826713
1002.5,315.65,130.11,0.07488431
-2.5,320.7,147.02,0.04189469
2.525,320.7,147.16,0.04256333
7.55,320.7,147.29,0.04398981
12.575,320.7,147.41,0.04578277
17.6,320.7,147.51,0.0477955
22.625,320.7,147.59,0.04979651
27.65,320.7,147.66,0.05178718
32.675,320.7,147.72,0.05367059
37.7,320.7,147.78,0.0554418
42.725,320.7,147.82,0.05701097
47.75,320.7,147.8,0.05831501
52.775,320.7,147.77,0.05936559
57.8,320.7,147.76,0.06004683
62.825,320.7,147.76,0.06031736
67.85,320.7,147.76,0.0601334
72.875,320.7,147.77,0.0596155
77.9,320.7,147.77,0.05884621
82.925,320.7,147.76,0.05800374
87.95,320.7,147.74,0.05712142
92.975,320.7,147.69,0.0563366
98,320.7,147.6,0.05573253
103.025,320.7,147.5,0.05524366
108.05,320.7,147.41,0.05494359
113.075,320.7,147.3,0.05497302
118.1,320.7,147.15,0.05558506
123.125,320.7,146.98,0.05702416
128.15,320.7,146.84,0.05910233
133.175,320.7,146.68,0.06077384
138.2,320.7,146.45,0.06081515
143.225,320.7,146.15,0.05875953
148.25,320.7,145.71,0.05516695
153.275,320.7,145.33,0.05139381
158.3,320.7,145.15,0.04838702
163.325,320.7,145.04,0.04624064
168.35,320.7,144.98,0.04512942
173.375,320.7,144.86,0.04548288
178.4,320.7,144.61,0.04808907
183.425,320.7,144.31,0.05308561
188.45,320.7,144.02,0.05885627
193.475,320.7,143.72,0.06284853
198.5,320.7,143.42,0.06387215
203.525,320.7,143.08,0.06221085
208.55,320.7,142.69,0.05895161
213.575,320.7,142.36,0.05484092
218.6,320.7,142.16,0.0501013
223.625,320.7,142,0.04500901
228.65,320.7,141.82,0.0402301
233.675,320.7,141.64,0.03657914
238.7,320.7,141.47,0.0343213
243.725,320.7,141.33,0.03326643
248.75,320.7,141.26,0.03285849
253.775,320.7,141.23,0.03277797
258.8,320.7,141.18,0.03316386
263.825,320.7,141.11,0.03405421
268.85,320.7,141.04,0.03543941
273.875,320.7,140.98,0.03722228
278.9,320.7,140.96,0.0393459
283.925,320.7,140.97,0.04181839
288.95,320.7,141.01,0.04471038
293.975,320.7,141.08,0.04773195
299,320.7,141.17,0.05089859
304.025,320.7,141.27,0.0541948
309.05,320.7,141.35,0.05744708
314.075,320.7,141.46,0.06036898
319.1,320.7,141.64,0.0627433
324.125,320.7,141.87,0.06434031
329.15,320.7,142.13,0.06506785
334.175,320.7,142.4,0.06494656
339.2,320.7,142.65,0.0640706
344.225,320.7,142.86,0.06264468
349.25,320.7,142.97,0.06097297
354.275,320.7,143.03,0.05902664
359.3,320.7,143.12,0.0567941
364.325,320.7,143.21,0.05424425
369.35,320.7,143.29,0.05147594
374.375,320.7,143.33,0.04850948
379.4,320.7,143.33,0.04524707
384.425,320.7,143.24,0.04141688
389.45,320.7,142.95,0.03719297
394.475,320.7,142.58,0.03304172
399.5,320.7,142.31,0.02957634
404.525,320.7,142.16,0.02771685
409.55,320.7,142.31,0.02832652
414.575,320.7,142.55,0.03128746
419.6,320.7,142.61,0.03573803
424.625,320.7,142.6,0.04073356
429.65,320.7,142.59,0.04639437
434.675,320.7,142.6,0.05272689
439.7,320.7,142.63,0.05971852
444.725,320.7,142.63,0.06840004
449.75,320.7,142.55,0.07945808
454.775,320.7,142.69,0.09217977
459.8,320.7,143.24,0.1056616
464.825,320.7,143.93,0.118821
469.85,320.7,144.66,0.1303667
474.875,320.7,145.37,0.1387015
479.9,320.7,146.06,0.1421292
484.925,320.7,146.73,0.1399558
489.95,320.7,147.37,0.1334015
494.975,320.7,148,0.1241239
500,320.7,148.62,0.1133323
505.025,320.7,149.17,0.1019514
510.05,320.7,149.52,0.09074992
515.075,320.7,149.77,0.08060043
520.1,320.7,150.05,0.07235293
525.125,320.7,150.34,0.06640994
530.15,320.7,150.62,0.06273708
535.175,320.7,150.88,0.06098618
540.2,320.7,151.12,0.06011412
545.225,320.7,151.34,0.05925664
550.25,320.7,151.54,0.05835568
555.275,320.7,151.75,0.05757217
560.3,320.7,151.99,0.05687452
565.325,320.7,152.23,0.05614358
570.35,320.7,152.45,0.05537894
575.375,320.7,152.66,0.05458735
580.4,320.7,152.89,0.05371079
585.425,320.7,153.12,0.05252461
590.45,320.7,153.34,0.05103043
595.475,320.7,153.56,0.04931318
600.5,320.7,153.77,0.04741254
605.525,320.7,153.97,0.04532914
610.55,320.7,154.12,0.04321909
615.575,320.7,154.23,0.04138914
620.6,320.7,154.34,0.04001274
625.625,320.7,154.46,0.03930348
630.65,320.7,154.6,0.03905679
635.675,320.7,154.75,0.03901381
640.7,320.7,154.9,0.03889885
645.725,320.7,155.06,0.03839605
650.75,320.7,155.23,0.03744726
655.775,320.7,155.37,0.03614516
660.8,320.7,155.45,0.03464956
665.825,320.7,155.52,0.03318991
670.85,320.7,155.57,0.03170004
675.875,320.7,155.63,0.03010397
680.9,320.7,155.7,0.02843065
685.925,320.7,155.78,0.02658548
690.95,320.7,155.9,0.02454659
695.975,320.7,156,0.02239566
701,320.7,156.07,0.01988155
706.025,320.7,156.13,0.01710059
711.05,320.7,156.21,0.01463622
716.075,320.7,156.28,0.01322528
721.1,320.7,156.33,0.0131686
726.125,320.7,156.31,0.01413155
731.15,320.7,156.15,0.01561344
736.175,320.7,155.93,0.01740832
741.2,320.7,155.79,0.01938697
746.225,320.7,155.68,0.02152809
751.25,320.7,155.56,0.02362739
756.275,320.7,155.46,0.02564917
761.3,320.7,155.38,0.02779349
766.325,320.7,155.27,0.03012245
771.35,320.7,155.09,0.03261183
776.375,320.7,154.87,0.03549204
781.4,320.7,154.71,0.03909314
786.425,320.7,154.54,0.0432098
791.45,320.7,154.33,0.04766596
796.475,320.7,154.07,0.05246715
801.5,320.7,153.77,0.0585761
806.525,320.7,153.49,0.06750061
811.55,320.7,153.24,0.08019459
816.575,320.7,152.99,0.0957429
821.6,320.7,152.7,0.1125972
826.625,320.7,152.29,0.1298528
831.65,320.7,151.52,0.1465643
836.675,320.7,150.56,0.1615579
841.7,320.7,149.66,0.1733791
846.725,320.7,148.78,0.1814023
851.75,320.7,147.86,0.1861765
856.775,320.7,146.9,0.1881748
861.8,320.7,145.95,0.1875963
866.825,320.7,145.03,0.1841369
871.85,320.7,144.19,0.1773463
876.875,320.7,143.36,0.168275
881.9,320.7,142.46,0.1587133
886.925,320.7,141.64,0.1490081
891.95,320.7,141.14,0.1408465
896.975,320.7,140.79,0.1374882
902,320.7,140.31,0.1403781
907.025,320.7,139.77,0.149394
912.05,320.7,139.41,0.1631104
917.075,320.7,138.83,0.1790524
922.1,320.7,137.75,0.1909905
927.125,320.7,136.46,0.1925049
932.15,320.7,135.09,0.1832858
937.175,320.7,133.73,0.1666606
942.2,320.7,132.49,0.1453889
947.225,320.7,131.77,0.1213833
952.25,320.7,132.39,0.097984
957.275,320.7,133.29,0.07880987
962.3,320.7,133.26,0.06507247
967.325,320.7,132.78,0.05745537
972.35,320.7,132.14,0.05597209
977.375,320.7,131.48,0.06138179
982.4,320.7,130.94,0.06987177
987.425,320.7,130.54,0.07299327
992.45,320.7,130.36,0.07160957
997.475,320.7,130.26,0.07170065
1002.5,320.7,130.06,0.08516382
-2.5,325.75,147.17,0.04175908
2.525,325.75,147.32,0.04166793
7.55,325.75,147.47,0.04247586
12.575,325.75,147.61,0.04382377
17.6,325.75,147.73,0.0455017
22.625,325.75,147.83,0.0473368
27.65,325.75,147.92,0.04926182
32.675,325.75,148,0.05119858
37.7,325.75,148.07,0.05308414
42.725,325.75,148.11,0.05477966
47.75,325.75,148.12,0.05624125
52.775,325.75,148.09,0.05739047
57.8,325.75,148.08,0.05815225
62.825,325.75,148.07,0.0585262
67.85,325.75,148.08,0.05845895
72.875,325.75,148.08,0.05798087
77.9,325.75,148.08,0.05727197
82.925,325.75,148.05,0.05637298
87.95,325.75,148.01,0.05548955
92.975,325.75,147.95,0.05463849
98,325.75,147.86,0.05397298
103.025,325.75,147.76,0.05344175
108.05,325.75,147.68,0.05311376
113.075,325.75,147.57,0.05320534
118.1,325.75,147.42,0.05408298
123.125,325.75,147.19,0.0559823
128.15,325.75,147.01,0.05859562
133.175,325.75,146.84,0.06091379
138.2,325.75,146.6,0.06159106
143.225,325.75,146.33,0.05989314
148.25,325.75,145.93,0.05635868
153.275,325.75,145.51,0.05228071
158.3,325.75,145.27,0.04899556
163.325,325.75,145.14,0.0467591
168.35,325.75,145.04,0.04572589
173.375,325.75,144.93,0.04618715
178.4,325.75,144.68,0.04869458
183.425,325.75,144.38,0.0533063
188.45,325.75,144.08,0.05849326
193.475,325.75,143.79,0.06216579
198.5,325.75,143.48,0.06283363
203.525,325.75,143.14,0.0608908
208.55,325.75,142.78,0.05741186
213.575,325.75,142.45,0.05323162
218.6,325.75,142.25,0.04857184
223.625,325.75,142.09,0.04369104
228.65,325.75,141.91,0.03921346
233.675,325.75,141.74,0.03606261
238.7,325.75,141.58,0.03460902
243.725,325.75,141.45,0.03441935
248.75,325.75,141.37,0.03504283
253.775,325.75,141.36,0.03612692
258.8,325.75,141.33,0.03754249
263.825,325.75,141.3,0.03932977
268.85,325.75,141.24,0.04135704
273.875,325.75,141.19,0.04375219
278.9,325.75,141.17,0.04648
283.925,325.75,141.19,0.04953005
288.95,325.75,141.25,0.05294704
293.975,325.75,141.33,0.05640834
299,325.75,141.43,0.05960673
304.025,325.75,141.56,0.06252248
309.05,325.75,141.67,0.06492383
314.075,325.75,141.77,0.06671951
319.1,325.75,141.95,0.06773737
324.125,325.75,142.17,0.06794142
329.15,325.75,142.43,0.06725956
334.175,325.75,142.69,0.06577184
339.2,325.75,142.93,0.06351325
344.225,325.75,143.15,0.06070685
349.25,325.75,143.28,0.05776096
354.275,325.75,143.34,0.05481404
359.3,325.75,143.41,0.05181112
364.325,325.75,143.48,0.0489929
369.35,325.75,143.52,0.04651267
374.375,325.75,143.54,0.04451125
379.4,325.75,143.52,0.04262015
384.425,325.75,143.43,0.03986854
389.45,325.75,143.14,0.03607696
394.475,325.75,142.73,0.03199318
399.5,325.75,142.42,0.02856546
404.525,325.75,142.25,0.02742832
409.55,325.75,142.38,0.02996862
414.575,325.75,142.68,0.03532997
419.6,325.75,142.79,0.0417607
424.625,325.75,142.8,0.04808092
429.65,325.75,142.83,0.05424528
434.675,325.75,142.87,0.06082701
439.7,325.75,142.94,0.06802639
444.725,325.75,142.99,0.0763062
449.75,325.75,142.99,0.08617418
454.775,325.75,143.1,0.09711612
459.8,325.75,143.62,0.1085369
464.825,325.75,144.29,0.1196495
469.85,325.75,144.98,0.1292256
474.875,325.75,145.66,0.1358501
479.9,325.75,146.32,0.137915
484.925,325.75,146.97,0.1348872
489.95,325.75,147.61,0.1278738
494.975,325.75,148.23,0.1185315
500,325.75,148.84,0.1079253
505.025,325.75,149.36,0.09697467
510.05,325.75,149.71,0.08641288
515.075,325.75,149.94,0.07699762
520.1,325.75,150.2,0.06931478
525.125,325.75,150.48,0.06391023
530.15,325.75,150.74,0.0607804
535.175,325.75,151.01,0.05933904
540.2,325.75,151.27,0.05843925
545.225,325.75,151.51,0.05747365
550.25,325.75,151.72,0.05646843
555.275,325.75,151.93,0.05553201
560.3,325.75,152.17,0.054693
565.325,325.75,152.41,0.05392198
570.35,325.75,152.6,0.05322503
575.375,325.75,152.8,0.05269684
580.4,325.75,153.01,0.05228418
585.425,325.75,153.21,0.05175082
590.45,325.75,153.42,0.05089778
595.475,325.75,153.63,0.04962196
600.5,325.75,153.85,0.04805648
605.525,325.75,154.1,0.04622681
610.55,325.75,154.28,0.04425335
615.575,325.75,154.4,0.04251084
620.6,325.75,154.51,0.04132789
625.625,325.75,154.62,0.04078752
630.65,325.75,154.76,0.04071483
635.675,325.75,154.91,0.04072177
640.7,325.75,155.05,0.04055199
645.725,325.75,155.21,0.03997098
650.75,325.75,155.38,0.03894153
655.775,325.75,155.52,0.03760443
660.8,325.75,155.6,0.03613346
665.825,325.75,155.66,0.0346751
670.85,325.75,155.69,0.0331005
675.875,325.75,155.73,0.03127738
680.9,325.75,155.79,0.02932581
685.925,325.75,155.89,0.02715854
690.95,325.75,156,0.0246956
695.975,325.75,156.1,0.02208448
701,325.75,156.16,0.01923615
706.025,325.75,156.2,0.01610254
711.05,325.75,156.26,0.01350158
716.075,325.75,156.33,0.01242723
721.1,325.75,156.37,0.01295164
726.125,325.75,156.36,0.01441925
731.15,325.75,156.21,0.01618547
736.175,325.75,155.97,0.0179252
741.2,325.75,155.82,0.01964278
746.225,325.75,155.72,0.0215441
751.25,325.75,155.62,0.02345702
756.275,325.75,155.52,0.02533661
761.3,325.75,155.43,0.02755282
766.325,325.75,155.33,0.03026946
771.35,325.75,155.17,0.03324703
776.375,325.75,154.94,0.03652492
781.4,325.75,154.77,0.04016511
786.425,325.75,154.61,0.04404099
791.45,325.75,154.41,0.04794658
796.475,325.75,154.13,0.05207512
801.5,325.75,153.83,0.05734833
806.525,325.75,153.54,0.06520274
811.55,325.75,153.3,0.07645828
816.575,325.75,153.07,0.09085162
821.6,325.75,152.79,0.1070631
826.625,325.75,152.43,0.1240973
831.65,325.75,151.75,0.1409684
836.675,325.75,150.82,0.1563038
841.7,325.75,149.92,0.1687405
846.725,325.75,149,0.1771311
851.75,325.75,148.03,0.1821058
856.775,325.75,147.08,0.1846692
861.8,325.75,146.15,0.1849939
866.825,325.75,145.23,0.1827569
871.85,325.75,144.38,0.1772542
876.875,325.75,143.63,0.1691064
881.9,325.75,142.8,0.1596519
886.925,325.75,141.99,0.1493618
891.95,325.75,141.42,0.1400268
896.975,325.75,141.07,0.1351206
902,325.75,140.61,0.1367557
907.025,325.75,140.07,0.1449651
912.05,325.75,139.64,0.15863
917.075,325.75,139.15,0.1752821
922.1,325.75,138.16,0.1891637
927.125,325.75,136.93,0.1933393
932.15,325.75,135.58,0.1871722
937.175,325.75,134.2,0.1729643
942.2,325.75,132.98,0.1527822
947.225,325.75,131.97,0.1292174
952.25,325.75,132.22,0.1047625
957.275,325.75,133.2,0.08355491
962.3,325.75,133.32,0.0677408
967.325,325.75,133.02,0.05804582
972.35,325.75,132.49,0.05602772
977.375,325.75,131.84,0.06146502
982.4,325.75,131.33,0.07145039
987.425,325.75,130.77,0.07802766
992.45,325.75,130.46,0.08185267
997.475,325.75,130.25,0.08512653
1002.5,325.75,129.95,0.09371858
-2.5,330.8,147.31,0.04272763
2.525,330.8,147.47,0.04197476
7.55,330.8,147.62,0.04175522
12.575,330.8,147.79,0.04232123
17.6,330.8,147.94,0.04335085
22.625,330.8,148.05,0.04473569
27.65,330.8,148.16,0.04633541
32.675,330.8,148.26,0.04810038
37.7,330.8,148.35,0.04988756
42.725,330.8,148.4,0.05160907
47.75,330.8,148.44,0.05313414
52.775,330.8,148.44,0.0543629
57.8,330.8,148.43,0.05525643
62.825,330.8,148.42,0.05578485
67.85,330.8,148.41,0.05594165
72.875,330.8,148.41,0.05572716
77.9,330.8,148.39,0.05513863
82.925,330.8,148.34,0.05429688
87.95,330.8,148.26,0.05336156
92.975,330.8,148.2,0.05249564
98,330.8,148.11,0.05185552
103.025,330.8,148.03,0.05140496
108.05,330.8,147.97,0.05118475
113.075,330.8,147.88,0.05142861
118.1,330.8,147.73,0.05244472
123.125,330.8,147.47,0.05474269
128.15,330.8,147.14,0.05788783
133.175,330.8,146.92,0.06079997
138.2,330.8,146.68,0.06221721
143.225,330.8,146.4,0.06106379
148.25,330.8,146.11,0.05769071
153.275,330.8,145.7,0.05340124
158.3,330.8,145.38,0.0496438
163.325,330.8,145.23,0.04722386
168.35,330.8,145.14,0.04615683
173.375,330.8,144.99,0.04668409
178.4,330.8,144.75,0.04923706
183.425,330.8,144.44,0.05365705
188.45,330.8,144.14,0.05838407
193.475,330.8,143.84,0.06152871
198.5,330.8,143.53,0.06185251
203.525,330.8,143.17,0.05943873
208.55,330.8,142.8,0.05561169
213.575,330.8,142.5,0.051191
218.6,330.8,142.3,0.04655809
223.625,330.8,142.16,0.04199858
228.65,330.8,141.99,0.03813861
233.675,330.8,141.83,0.03577237
238.7,330.8,141.69,0.0352517
243.725,330.8,141.58,0.03613082
248.75,330.8,141.5,0.0378935
253.775,330.8,141.48,0.04010019
258.8,330.8,141.47,0.04252234
263.825,330.8,141.47,0.04511559
268.85,330.8,141.48,0.04780315
273.875,330.8,141.45,0.05067331
278.9,330.8,141.45,0.0538988
283.925,330.8,141.49,0.05740725
288.95,330.8,141.55,0.06117363
293.975,330.8,141.65,0.06474877
299,330.8,141.76,0.06777195
304.025,330.8,141.9,0.0701244
309.05,330.8,142.05,0.07153521
314.075,330.8,142.17,0.07188064
319.1,330.8,142.32,0.07130111
324.125,330.8,142.52,0.06986021
329.15,330.8,142.75,0.06756186
334.175,330.8,142.99,0.06452728
339.2,330.8,143.19,0.0608027
344.225,330.8,143.39,0.05666505
349.25,330.8,143.54,0.05257677
354.275,330.8,143.61,0.04866381
359.3,330.8,143.64,0.04503665
364.325,330.8,143.68,0.0420863
369.35,330.8,143.69,0.04034063
374.375,330.8,143.66,0.03975098
379.4,330.8,143.61,0.03974994
384.425,330.8,143.49,0.03848556
389.45,330.8,143.28,0.03498762
394.475,330.8,142.91,0.03057656
399.5,330.8,142.57,0.02708681
404.525,330.8,142.43,0.02694234
409.55,330.8,142.55,0.03173744
414.575,330.8,142.82,0.03965711
419.6,330.8,143,0.04803475
424.625,330.8,143.05,0.05565211
429.65,330.8,143.1,0.06249137
434.675,330.8,143.18,0.06904872
439.7,330.8,143.28,0.07591722
444.725,330.8,143.34,0.0834708
449.75,330.8,143.42,0.09181736
454.775,330.8,143.6,0.1006835
459.8,330.8,144.05,0.1097925
464.825,330.8,144.67,0.1186878
469.85,330.8,145.29,0.126281
474.875,330.8,145.93,0.131287
479.9,330.8,146.56,0.1323041
484.925,330.8,147.19,0.1287367
489.95,330.8,147.81,0.1218251
494.975,330.8,148.42,0.1129236
500,330.8,149.02,0.1029906
505.025,330.8,149.5,0.09269003
510.05,330.8,149.81,0.08289465
515.075,330.8,150.04,0.07423408
520.1,330.8,150.28,0.06722915
525.125,330.8,150.56,0.06222966
530.15,330.8,150.83,0.05933793
535.175,330.8,151.08,0.05809816
540.2,330.8,151.36,0.05723741
545.225,330.8,151.63,0.05604901
550.25,330.8,151.88,0.05477757
555.275,330.8,152.09,0.05361804
560.3,330.8,152.31,0.05264693
565.325,330.8,152.53,0.05197806
570.35,330.8,152.73,0.05154729
575.375,330.8,152.9,0.05147315
580.4,330.8,153.1,0.05170106
585.425,330.8,153.29,0.05185259
590.45,330.8,153.46,0.05157116
595.475,330.8,153.66,0.05062221
600.5,330.8,153.89,0.04912632
605.525,330.8,154.19,0.04734821
610.55,330.8,154.48,0.04541537
615.575,330.8,154.64,0.04374078
620.6,330.8,154.75,0.042645
625.625,330.8,154.84,0.04215742
630.65,330.8,154.94,0.04206345
635.675,330.8,155.08,0.04198559
640.7,330.8,155.21,0.04170869
645.725,330.8,155.38,0.04111869
650.75,330.8,155.55,0.04014675
655.775,330.8,155.67,0.03886493
660.8,330.8,155.75,0.03747999
665.825,330.8,155.78,0.03607539
670.85,330.8,155.81,0.03448952
675.875,330.8,155.83,0.03256346
680.9,330.8,155.88,0.03030509
685.925,330.8,156,0.02781393
690.95,330.8,156.15,0.02497192
695.975,330.8,156.23,0.02190205
701,330.8,156.27,0.01862215
706.025,330.8,156.28,0.01518401
711.05,330.8,156.29,0.01256709
716.075,330.8,156.32,0.01201239
721.1,330.8,156.35,0.01315896
726.125,330.8,156.32,0.01489458
731.15,330.8,156.21,0.01671091
736.175,330.8,156.02,0.01825494
741.2,330.8,155.87,0.01955924
746.225,330.8,155.79,0.02095947
751.25,330.8,155.72,0.02258684
756.275,330.8,155.63,0.02435024
761.3,330.8,155.54,0.0266199
766.325,330.8,155.42,0.0295928
771.35,330.8,155.25,0.03307594
776.375,330.8,155.05,0.03684724
781.4,330.8,154.86,0.04087766
786.425,330.8,154.7,0.04484805
791.45,330.8,154.52,0.04850692
796.475,330.8,154.27,0.05206275
801.5,330.8,153.96,0.05649797
806.525,330.8,153.65,0.06351805
811.55,330.8,153.34,0.07371392
816.575,330.8,153.08,0.08689764
821.6,330.8,152.81,0.1022458
826.625,330.8,152.45,0.1187014
831.65,330.8,151.87,0.1351499
836.675,330.8,151.01,0.1501771
841.7,330.8,150.09,0.1626499
846.725,330.8,149.15,0.1715633
851.75,330.8,148.12,0.1768385
856.775,330.8,147.14,0.1798599
861.8,330.8,146.25,0.1814599
866.825,330.8,145.4,0.1809648
871.85,330.8,144.52,0.1774904
876.875,330.8,143.75,0.1706298
881.9,330.8,143.02,0.1616199
886.925,330.8,142.29,0.1508907
891.95,330.8,141.67,0.1402113
896.975,330.8,141.24,0.1334142
902,330.8,140.82,0.1325896
907.025,330.8,140.37,0.1384087
912.05,330.8,139.89,0.1506293
917.075,330.8,139.33,0.1671695
922.1,330.8,138.47,0.1836359
927.125,330.8,137.32,0.1922033
932.15,330.8,136.13,0.1899134
937.175,330.8,134.85,0.179123
942.2,330.8,133.67,0.1607161
947.225,330.8,132.7,0.1375775
952.25,330.8,132.11,0.1128776
957.275,330.8,132.7,0.0897705
962.3,330.8,133.06,0.07159092
967.325,330.8,132.97,0.05919298
972.35,330.8,132.88,0.05531088
977.375,330.8,132.44,0.06065445
982.4,330.8,132.01,0.07084292
987.425,330.8,131.4,0.08061483
992.45,330.8,130.61,0.0898873
997.475,330.8,130.23,0.09687117
1002.5,330.8,129.79,0.0956557
-2.5,335.85,147.4,0.04455166
2.525,335.85,147.6,0.04372035
7.55,335.85,147.76,0.04244688
12.575,335.85,147.93,0.04195315
17.6,335.85,148.1,0.04206257
22.625,335.85,148.24,0.04255954
27.65,335.85,148.36,0.04353795
32.675,335.85,148.48,0.0448121
37.7,335.85,148.59,0.04620585
42.725,335.85,148.67,0.04765765
47.75,335.85,148.71,0.04904895
52.775,335.85,148.74,0.05030779
57.8,335.85,148.76,0.05136382
62.825,335.85,148.76,0.05209057
67.85,335.85,148.73,0.05248066
72.875,335.85,148.71,0.05253212
77.9,335.85,148.68,0.05223822
82.925,335.85,148.63,0.05157785
87.95,335.85,148.53,0.05067696
92.975,335.85,148.43,0.04980911
98,335.85,148.36,0.04929826
103.025,335.85,148.28,0.04924991
108.05,335.85,148.22,0.04946459
113.075,335.85,148.14,0.05007141
118.1,335.85,148,0.05137785
123.125,335.85,147.77,0.05377563
128.15,335.85,147.38,0.05732126
133.175,335.85,147,0.06079239
138.2,335.85,146.73,0.06270095
143.225,335.85,146.43,0.06199975
148.25,335.85,146.14,0.05879404
153.275,335.85,145.82,0.0544545
158.3,335.85,145.48,0.05036038
163.325,335.85,145.25,0.0476272
168.35,335.85,145.2,0.04647089
173.375,335.85,145.09,0.04698511
178.4,335.85,144.82,0.0494708
183.425,335.85,144.5,0.05372119
188.45,335.85,144.19,0.05831226
193.475,335.85,143.88,0.06107002
198.5,335.85,143.57,0.06090345
203.525,335.85,143.21,0.0579794
208.55,335.85,142.83,0.05359036
213.575,335.85,142.53,0.04882564
218.6,335.85,142.35,0.04410472
223.625,335.85,142.21,0.03999109
228.65,335.85,142.07,0.03706872
233.675,335.85,141.93,0.03600103
238.7,335.85,141.81,0.03672583
243.725,335.85,141.73,0.03869497
248.75,335.85,141.68,0.04144257
253.775,335.85,141.65,0.0446203
258.8,335.85,141.65,0.04780422
263.825,335.85,141.65,0.05099555
268.85,335.85,141.7,0.05420767
273.875,335.85,141.74,0.05757918
278.9,335.85,141.77,0.06116814
283.925,335.85,141.83,0.06498268
288.95,335.85,141.91,0.06884572
293.975,335.85,142.02,0.07233142
299,335.85,142.14,0.07490706
304.025,335.85,142.28,0.07649699
309.05,335.85,142.44,0.0768447
314.075,335.85,142.59,0.07576533
319.1,335.85,142.73,0.07353322
324.125,335.85,142.9,0.0703638
329.15,335.85,143.09,0.06644965
334.175,335.85,143.28,0.06190056
339.2,335.85,143.45,0.05686607
344.225,335.85,143.6,0.0516173
349.25,335.85,143.75,0.04665709
354.275,335.85,143.82,0.04220323
359.3,335.85,143.82,0.0382114
364.325,335.85,143.81,0.0352346
369.35,335.85,143.8,0.03430408
374.375,335.85,143.75,0.03557108
379.4,335.85,143.65,0.0374815
384.425,335.85,143.5,0.03761552
389.45,335.85,143.27,0.03436929
394.475,335.85,143.01,0.02926537
399.5,335.85,142.71,0.02559347
404.525,335.85,142.57,0.02668839
409.55,335.85,142.76,0.03385602
414.575,335.85,143.04,0.04410036
419.6,335.85,143.22,0.05399655
424.625,335.85,143.31,0.06239789
429.65,335.85,143.4,0.0695775
434.675,335.85,143.52,0.07619559
439.7,335.85,143.67,0.08266995
444.725,335.85,143.78,0.08931849
449.75,335.85,143.84,0.09608003
454.775,335.85,144.06,0.1028499
459.8,335.85,144.51,0.1096365
464.825,335.85,145.07,0.1162053
469.85,335.85,145.63,0.1218624
474.875,335.85,146.21,0.125446
479.9,335.85,146.8,0.1257812
484.925,335.85,147.4,0.1222287
489.95,335.85,148,0.1157819
494.975,335.85,148.59,0.1076729
500,335.85,149.17,0.09862104
505.025,335.85,149.66,0.0892086
510.05,335.85,149.93,0.08016778
515.075,335.85,150.12,0.07222505
520.1,335.85,150.35,0.0657707
525.125,335.85,150.62,0.0610978
530.15,335.85,150.9,0.05833387
535.175,335.85,151.16,0.05706447
540.2,335.85,151.43,0.05621991
545.225,335.85,151.71,0.05498237
550.25,335.85,151.99,0.05353034
555.275,335.85,152.22,0.05226077
560.3,335.85,152.43,0.05130451
565.325,335.85,152.63,0.05081356
570.35,335.85,152.82,0.05080734
575.375,335.85,153,0.05127467
580.4,335.85,153.18,0.05205185
585.425,335.85,153.37,0.05271752
590.45,335.85,153.54,0.05280637
595.475,335.85,153.73,0.05201687
600.5,335.85,153.96,0.0504735
605.525,335.85,154.25,0.04859549
610.55,335.85,154.58,0.04664244
615.575,335.85,154.84,0.04492185
620.6,335.85,154.97,0.04384202
625.625,335.85,155.09,0.04333389
630.65,335.85,155.16,0.04319647
635.675,335.85,155.26,0.04300894
640.7,335.85,155.38,0.04257347
645.725,335.85,155.53,0.04187971
650.75,335.85,155.72,0.04094936
655.775,335.85,155.85,0.03981124
660.8,335.85,155.89,0.03855429
665.825,335.85,155.92,0.03716925
670.85,335.85,155.93,0.03554772
675.875,335.85,155.96,0.03355205
680.9,335.85,156,0.03122609
685.925,335.85,156.11,0.02850364
690.95,335.85,156.27,0.02534641
695.975,335.85,156.37,0.02188117
701,335.85,156.38,0.01823765
706.025,335.85,156.37,0.01459955
711.05,335.85,156.35,0.01205376
716.075,335.85,156.33,0.01199293
721.1,335.85,156.32,0.01368022
726.125,335.85,156.28,0.01558032
731.15,335.85,156.15,0.01719995
736.175,335.85,156.02,0.01840906
741.2,335.85,155.92,0.0192717
746.225,335.85,155.86,0.02013832
751.25,335.85,155.79,0.02138378
756.275,335.85,155.73,0.02300541
761.3,335.85,155.65,0.0253017
766.325,335.85,155.54,0.02845537
771.35,335.85,155.34,0.03228886
776.375,335.85,155.14,0.03654729
781.4,335.85,154.96,0.04102374
786.425,335.85,154.79,0.0453345
791.45,335.85,154.6,0.04907029
796.475,335.85,154.38,0.05239223
801.5,335.85,154.08,0.05624683
806.525,335.85,153.77,0.06240754
811.55,335.85,153.43,0.07183177
816.575,335.85,153.1,0.0841155
821.6,335.85,152.8,0.09845177
826.625,335.85,152.43,0.113864
831.65,335.85,151.87,0.1292822
836.675,335.85,151.09,0.143512
841.7,335.85,150.19,0.1555502
846.725,335.85,149.26,0.1647254
851.75,335.85,148.25,0.17075
856.775,335.85,147.26,0.1744919
861.8,335.85,146.4,0.177502
866.825,335.85,145.58,0.1791935
871.85,335.85,144.76,0.1780912
876.875,335.85,143.96,0.1735232
881.9,335.85,143.24,0.1654429
886.925,335.85,142.54,0.1547526
891.95,335.85,141.91,0.1428852
896.975,335.85,141.39,0.1337731
902,335.85,140.95,0.1302141
907.025,335.85,140.49,0.1324457
912.05,335.85,140.14,0.1410388
917.075,335.85,139.56,0.1556396
922.1,335.85,138.7,0.1734815
927.125,335.85,137.66,0.1877733
932.15,335.85,136.58,0.1915924
937.175,335.85,135.52,0.1850908
942.2,335.85,134.48,0.1699444
947.225,335.85,133.55,0.147783
952.25,335.85,132.75,0.1227592
957.275,335.85,132.45,0.09819027
962.3,335.85,132.69,0.0778257
967.325,335.85,132.72,0.0635856
972.35,335.85,132.83,0.0570224
977.375,335.85,132.83,0.05993765
982.4,335.85,132.62,0.0695863
987.425,335.85,132.19,0.08155328
992.45,335.85,131.2,0.09653048
997.475,335.85,130.29,0.1081669
1002.5,335.85,129.69,0.102655
-2.5,340.9,147.43,0.04664539
2.525,340.9,147.66,0.04641143
7.55,340.9,147.86,0.04435022
12.575,340.9,148.04,0.0428626
17.6,340.9,148.22,0.04201343
22.625,340.9,148.39,0.0414831
27.65,340.9,148.54,0.04141095
32.675,340.9,148.67,0.04174345
37.7,340.9,148.79,0.04236838
42.725,340.9,148.89,0.04322795
47.75,340.9,148.96,0.04421029
52.775,340.9,149,0.04526754
57.8,340.9,149.02,0.04632872
62.825,340.9,149.03,0.04732776
67.85,340.9,149.01,0.04807064
72.875,340.9,148.98,0.04844849
77.9,340.9,148.94,0.04852326
82.925,340.9,148.88,0.04821304
87.95,340.9,148.78,0.04763242
92.975,340.9,148.67,0.04696039
98,340.9,148.58,0.04671628
103.025,340.9,148.5,0.04717853
108.05,340.9,148.41,0.04814004
113.075,340.9,148.31,0.04935633
118.1,340.9,148.17,0.05107057
123.125,340.9,147.95,0.0535909
128.15,340.9,147.57,0.05712713
133.175,340.9,147.14,0.0609477
138.2,340.9,146.8,0.06325294
143.225,340.9,146.49,0.06274591
148.25,340.9,146.19,0.05959293
153.275,340.9,145.87,0.05513196
158.3,340.9,145.54,0.05086132
163.325,340.9,145.27,0.04791344
168.35,340.9,145.2,0.04665696
173.375,340.9,145.13,0.04715663
178.4,340.9,144.88,0.04956413
183.425,340.9,144.56,0.05355555
188.45,340.9,144.24,0.0579411
193.475,340.9,143.92,0.06054239
198.5,340.9,143.6,0.0598698
203.525,340.9,143.26,0.05634453
208.55,340.9,142.89,0.0513603
213.575,340.9,142.6,0.04616772
218.6,340.9,142.43,0.04144045
223.625,340.9,142.3,0.03792788
228.65,340.9,142.18,0.03636593
233.675,340.9,142.07,0.03696169
238.7,340.9,141.98,0.03923647
243.725,340.9,141.91,0.0423847
248.75,340.9,141.89,0.04585366
253.775,340.9,141.89,0.04952039
258.8,340.9,141.89,0.05311952
263.825,340.9,141.91,0.05665692
268.85,340.9,141.96,0.06024609
273.875,340.9,142.03,0.0639264
278.9,340.9,142.1,0.06778866
283.925,340.9,142.18,0.07176108
288.95,340.9,142.28,0.07553423
293.975,340.9,142.4,0.07864566
299,340.9,142.54,0.08067388
304.025,340.9,142.69,0.08138928
309.05,340.9,142.85,0.08066868
314.075,340.9,142.99,0.07833647
319.1,340.9,143.13,0.07462894
324.125,340.9,143.27,0.06990982
329.15,340.9,143.42,0.06443617
334.175,340.9,143.56,0.05860331
339.2,340.9,143.69,0.05260586
344.225,340.9,143.81,0.04673538
349.25,340.9,143.93,0.04127985
354.275,340.9,144,0.03661387
359.3,340.9,143.99,0.03279929
364.325,340.9,143.94,0.03031918
369.35,340.9,143.9,0.03028167
374.375,340.9,143.83,0.03302478
379.4,340.9,143.7,0.03640319
384.425,340.9,143.53,0.03721634
389.45,340.9,143.3,0.03413428
394.475,340.9,143.05,0.02838984
399.5,340.9,142.8,0.02442492
404.525,340.9,142.66,0.0269884
409.55,340.9,142.88,0.03600754
414.575,340.9,143.24,0.04802389
419.6,340.9,143.45,0.05911761
424.625,340.9,143.59,0.06790171
429.65,340.9,143.74,0.07500547
434.675,340.9,143.9,0.08137778
439.7,340.9,144.08,0.08751998
444.725,340.9,144.24,0.09338652
449.75,340.9,144.33,0.0987095
454.775,340.9,144.53,0.1035549
459.8,340.9,144.97,0.1082002
464.825,340.9,145.48,0.1126746
469.85,340.9,145.99,0.1165707
474.875,340.9,146.51,0.119021
479.9,340.9,147.06,0.1189509
484.925,340.9,147.63,0.1157575
489.95,340.9,148.2,0.1101441
494.975,340.9,148.76,0.1030257
500,340.9,149.32,0.09490252
505.025,340.9,149.81,0.08637986
510.05,340.9,150.09,0.07812513
515.075,340.9,150.26,0.0707802
520.1,340.9,150.48,0.06479702
525.125,340.9,150.73,0.0604429
530.15,340.9,151,0.05782251
535.175,340.9,151.27,0.05654218
540.2,340.9,151.55,0.05566556
545.225,340.9,151.83,0.05447663
550.25,340.9,152.1,0.05305126
555.275,340.9,152.34,0.05185395
560.3,340.9,152.55,0.0510687
565.325,340.9,152.74,0.05084614
570.35,340.9,152.93,0.0512142
575.375,340.9,153.11,0.05218094
580.4,340.9,153.3,0.05346032
585.425,340.9,153.49,0.05430147
590.45,340.9,153.68,0.05439553
595.475,340.9,153.88,0.05351199
600.5,340.9,154.12,0.05175904
605.525,340.9,154.39,0.04969285
610.55,340.9,154.7,0.04770576
615.575,340.9,154.96,0.04597792
620.6,340.9,155.13,0.04481449
625.625,340.9,155.26,0.04422636
630.65,340.9,155.36,0.04392737
635.675,340.9,155.45,0.04366272
640.7,340.9,155.56,0.0431145
645.725,340.9,155.69,0.04234652
650.75,340.9,155.87,0.04138173
655.775,340.9,156.01,0.04031743
660.8,340.9,156.06,0.0391199
665.825,340.9,156.08,0.03773551
670.85,340.9,156.09,0.03600259
675.875,340.9,156.12,0.03391493
680.9,340.9,156.17,0.03151789
685.925,340.9,156.25,0.02874692
690.95,340.9,156.38,0.02551761
695.975,340.9,156.48,0.02191014
701,340.9,156.48,0.01813548
706.025,340.9,156.45,0.01458914
711.05,340.9,156.4,0.01242575
716.075,340.9,156.36,0.01272599
721.1,340.9,156.33,0.01449206
726.125,340.9,156.28,0.01629576
731.15,340.9,156.15,0.0176507
736.175,340.9,156.01,0.01841102
741.2,340.9,155.94,0.01879244
746.225,340.9,155.89,0.01926143
751.25,340.9,155.85,0.02016223
756.275,340.9,155.79,0.02168785
761.3,340.9,155.72,0.02403701
766.325,340.9,155.62,0.02735175
771.35,340.9,155.44,0.03142475
776.375,340.9,155.22,0.0360496
781.4,340.9,155.04,0.0409245
786.425,340.9,154.86,0.04554542
791.45,340.9,154.67,0.04939289
796.475,340.9,154.44,0.0525901
801.5,340.9,154.15,0.05614466
806.525,340.9,153.83,0.06174057
811.55,340.9,153.5,0.07036519
816.575,340.9,153.16,0.08186264
821.6,340.9,152.83,0.0953009
826.625,340.9,152.46,0.1095314
831.65,340.9,151.91,0.1235828
836.675,340.9,151.16,0.1365488
841.7,340.9,150.3,0.1479314
846.725,340.9,149.4,0.1573104
851.75,340.9,148.46,0.164167
856.775,340.9,147.55,0.1691836
861.8,340.9,146.73,0.1739679
866.825,340.9,145.94,0.1783537
871.85,340.9,145.13,0.1800583
876.875,340.9,144.34,0.1778054
881.9,340.9,143.62,0.1713691
886.925,340.9,142.9,0.1610476
891.95,340.9,142.17,0.1484318
896.975,340.9,141.55,0.1370528
902,340.9,141.06,0.130217
907.025,340.9,140.6,0.1285647
912.05,340.9,140.26,0.1324571
917.075,340.9,139.79,0.143209
922.1,340.9,138.97,0.1605902
927.125,340.9,138.03,0.1794628
932.15,340.9,137.08,0.1908774
937.175,340.9,136.15,0.1906339
942.2,340.9,135.24,0.1799437
947.225,340.9,134.29,0.1603811
952.25,340.9,133.28,0.1357015
957.275,340.9,132.6,0.1101763
962.3,340.9,132.49,0.0875629
967.325,340.9,132.58,0.07107816
972.35,340.9,132.75,0.06157385
977.375,340.9,132.87,0.06022859
982.4,340.9,132.84,0.06763438
987.425,340.9,132.53,0.08092032
992.45,340.9,131.62,0.1004525
997.475,340.9,130.51,0.1166526
1002.5,340.9,129.69,0.1115135
-2.5,345.95,147.43,0.0501062
2.525,345.95,147.69,0.04913218
7.55,345.95,147.91,0.04668058
12.575,345.95,148.13,0.04444939
17.6,345.95,148.33,0.04290556
22.625,345.95,148.51,0.0414539
27.65,345.95,148.68,0.04020493
32.675,345.95,148.84,0.03925322
37.7,345.95,148.98,0.03870777
42.725,345.95,149.09,0.03853855
47.75,345.95,149.18,0.03881441
52.775,345.95,149.23,0.03942622
57.8,345.95,149.26,0.04030842
62.825,345.95,149.26,0.04141058
67.85,345.95,149.25,0.04254568
72.875,345.95,149.22,0.0434685
77.9,345.95,149.18,0.04407891
82.925,345.95,149.13,0.04435763
87.95,345.95,149.03,0.04436054
92.975,345.95,148.9,0.04424579
98,345.95,148.78,0.04450396
103.025,345.95,148.65,0.04561312
108.05,345.95,148.53,0.04737544
113.075,345.95,148.42,0.04940521
118.1,345.95,148.26,0.0516484
123.125,345.95,148.07,0.05435073
128.15,345.95,147.71,0.057755
133.175,345.95,147.26,0.06145834
138.2,345.95,146.89,0.06393396
143.225,345.95,146.55,0.06336214
148.25,345.95,146.24,0.06010428
153.275,345.95,145.92,0.05551476
158.3,345.95,145.58,0.05109165
163.325,345.95,145.32,0.04798436
168.35,345.95,145.21,0.04667718
173.375,345.95,145.17,0.04717725
178.4,345.95,144.94,0.04954319
183.425,345.95,144.62,0.05333636
188.45,345.95,144.29,0.05738044
193.475,345.95,143.96,0.05978781
198.5,345.95,143.63,0.05862403
203.525,345.95,143.29,0.05440127
208.55,345.95,142.96,0.0487944
213.575,345.95,142.69,0.0432051
218.6,345.95,142.54,0.03863371
223.625,345.95,142.43,0.0361439
228.65,345.95,142.33,0.03639662
233.675,345.95,142.25,0.03898515
238.7,345.95,142.18,0.04279496
243.725,345.95,142.16,0.04695003
248.75,345.95,142.16,0.05094335
253.775,345.95,142.17,0.05476488
258.8,345.95,142.19,0.05840093
263.825,345.95,142.22,0.06194825
268.85,345.95,142.28,0.0656393
273.875,345.95,142.36,0.06951493
278.9,345.95,142.44,0.07352654
283.925,345.95,142.55,0.07747503
288.95,345.95,142.68,0.08099824
293.975,345.95,142.82,0.08359484
299,345.95,142.97,0.0849617
304.025,345.95,143.13,0.08482846
309.05,345.95,143.28,0.08310522
314.075,345.95,143.4,0.07973079
319.1,345.95,143.51,0.07486855
324.125,345.95,143.61,0.06891719
329.15,345.95,143.71,0.06225777
334.175,345.95,143.81,0.05535507
339.2,345.95,143.89,0.04866729
344.225,345.95,143.99,0.04250764
349.25,345.95,144.08,0.03714332
354.275,345.95,144.14,0.03273155
359.3,345.95,144.13,0.0293993
364.325,345.95,144.07,0.02765697
369.35,345.95,144,0.02867142
374.375,345.95,143.91,0.03238041
379.4,345.95,143.76,0.03643995
384.425,345.95,143.54,0.03736113
389.45,345.95,143.31,0.0340504
394.475,345.95,143.08,0.02795791
399.5,345.95,142.84,0.02357181
404.525,345.95,142.78,0.0273376
409.55,345.95,143.02,0.03803853
414.575,345.95,143.47,0.0511469
419.6,345.95,143.76,0.06311298
424.625,345.95,143.93,0.07199969
429.65,345.95,144.15,0.07859396
434.675,345.95,144.35,0.0842865
439.7,345.95,144.55,0.09001088
444.725,345.95,144.72,0.09525397
449.75,345.95,144.86,0.099505
454.775,345.95,145.03,0.1027857
459.8,345.95,145.42,0.105595
464.825,345.95,145.88,0.1083782
469.85,345.95,146.34,0.1108886
474.875,345.95,146.79,0.1125006
479.9,345.95,147.3,0.1122032
484.925,345.95,147.84,0.1095131
489.95,345.95,148.38,0.1048792
494.975,345.95,148.92,0.0988853
500,345.95,149.45,0.091737
505.025,345.95,149.96,0.08403481
510.05,345.95,150.27,0.07651024
515.075,345.95,150.43,0.06974729
520.1,345.95,150.64,0.06418577
525.125,345.95,150.89,0.06019077
530.15,345.95,151.15,0.05779136
535.175,345.95,151.42,0.05663819
540.2,345.95,151.69,0.05587206
545.225,345.95,151.95,0.05484097
550.25,345.95,152.21,0.0536238
555.275,345.95,152.45,0.05263363
560.3,345.95,152.66,0.05213163
565.325,345.95,152.85,0.05217255
570.35,345.95,153.03,0.05285091
575.375,345.95,153.22,0.0540571
580.4,345.95,153.43,0.05551832
585.425,345.95,153.67,0.05632447
590.45,345.95,153.9,0.05606216
595.475,345.95,154.11,0.05481263
600.5,345.95,154.35,0.05284578
605.525,345.95,154.54,0.05052208
610.55,345.95,154.8,0.04841005
615.575,345.95,155.06,0.04668433
620.6,345.95,155.24,0.04546878
625.625,345.95,155.4,0.04475559
630.65,345.95,155.52,0.04431493
635.675,345.95,155.62,0.0439513
640.7,345.95,155.75,0.04330945
645.725,345.95,155.87,0.04241967
650.75,345.95,156.04,0.04134377
655.775,345.95,156.19,0.04016874
660.8,345.95,156.25,0.03896221
665.825,345.95,156.28,0.0374523
670.85,345.95,156.32,0.03558582
675.875,345.95,156.34,0.03334644
680.9,345.95,156.37,0.03089209
685.925,345.95,156.4,0.02820303
690.95,345.95,156.49,0.02509694
695.975,345.95,156.57,0.02167418
701,345.95,156.56,0.0182185
706.025,345.95,156.52,0.01519323
711.05,345.95,156.46,0.01366147
716.075,345.95,156.4,0.01410673
721.1,345.95,156.35,0.01567104
726.125,345.95,156.28,0.01707076
731.15,345.95,156.16,0.01790796
736.175,345.95,156.02,0.0182184
741.2,345.95,155.94,0.0182083
746.225,345.95,155.9,0.01844379
751.25,345.95,155.84,0.0191673
756.275,345.95,155.8,0.0206114
761.3,345.95,155.76,0.02308085
766.325,345.95,155.67,0.02666501
771.35,345.95,155.5,0.03099786
776.375,345.95,155.29,0.03594173
781.4,345.95,155.11,0.04106895
786.425,345.95,154.93,0.04590013
791.45,345.95,154.73,0.04977935
796.475,345.95,154.49,0.05269544
801.5,345.95,154.21,0.05577779
806.525,345.95,153.87,0.06074447
811.55,345.95,153.53,0.06868433
816.575,345.95,153.19,0.07929489
821.6,345.95,152.87,0.09182175
826.625,345.95,152.46,0.1050814
831.65,345.95,151.91,0.1179691
836.675,345.95,151.21,0.1297813
841.7,345.95,150.42,0.1404416
846.725,345.95,149.65,0.1501045
851.75,345.95,148.82,0.1581163
856.775,345.95,147.98,0.1645728
861.8,345.95,147.23,0.171237
866.825,345.95,146.46,0.1783877
871.85,345.95,145.69,0.1833465
876.875,345.95,144.87,0.1837448
881.9,345.95,144.11,0.1789861
886.925,345.95,143.2,0.169293
891.95,345.95,142.37,0.1560993
896.975,345.95,141.67,0.1426264
902,345.95,141.15,0.132388
907.025,345.95,140.72,0.1264983
912.05,345.95,140.38,0.1255199
917.075,345.95,140.02,0.1315626
922.1,345.95,139.33,0.1468091
927.125,345.95,138.49,0.1684738
932.15,345.95,137.7,0.1868947
937.175,345.95,136.89,0.1941594
942.2,345.95,136.08,0.189445
947.225,345.95,134.88,0.174147
952.25,345.95,133.62,0.1510312
957.275,345.95,132.63,0.1251498
962.3,345.95,132.34,0.1006581
967.325,345.95,132.4,0.08150961
972.35,345.95,132.55,0.06840842
977.375,345.95,132.79,0.06148321
982.4,345.95,132.84,0.06520924
987.425,345.95,132.61,0.07884882
992.45,345.95,131.75,0.1011753
997.475,345.95,130.58,0.1218783
1002.5,345.95,129.74,0.1223737
-2.5,351,147.36,0.05628479
2.525,351,147.65,0.05239781
7.55,351,147.94,0.04906661
12.575,351,148.17,0.04627751
17.6,351,148.39,0.04408926
22.625,351,148.59,0.04199437
27.65,351,148.78,0.03970379
32.675,351,148.96,0.03740656
37.7,351,149.13,0.03549789
42.725,351,149.26,0.03411272
47.75,351,149.36,0.03333615
52.775,351,149.44,0.03324384
57.8,351,149.48,0.03374022
62.825,351,149.48,0.03474671
67.85,351,149.45,0.03609718
72.875,351,149.43,0.03753911
77.9,351,149.39,0.03890605
82.925,351,149.35,0.04009499
87.95,351,149.28,0.04106839
92.975,351,149.14,0.04187404
98,351,148.97,0.0428239
103.025,351,148.79,0.04459669
108.05,351,148.59,0.04720777
113.075,351,148.41,0.05003832
118.1,351,148.24,0.05294365
123.125,351,148.05,0.0559994
128.15,351,147.81,0.05928098
133.175,351,147.39,0.06260868
138.2,351,146.99,0.06479768
143.225,351,146.63,0.06399631
148.25,351,146.27,0.06030942
153.275,351,145.93,0.05553991
158.3,351,145.58,0.05106944
163.325,351,145.36,0.04787635
168.35,351,145.31,0.0464874
173.375,351,145.22,0.04698046
178.4,351,145,0.04928294
183.425,351,144.67,0.05301304
188.45,351,144.33,0.05674652
193.475,351,143.99,0.05874798
198.5,351,143.65,0.05719744
203.525,351,143.3,0.05212891
208.55,351,143.01,0.04579047
213.575,351,142.78,0.03992143
218.6,351,142.66,0.03587435
223.625,351,142.58,0.03492344
228.65,351,142.51,0.03737327
233.675,351,142.46,0.04190769
238.7,351,142.42,0.04706618
243.725,351,142.43,0.05197683
248.75,351,142.49,0.0563071
253.775,351,142.53,0.06011034
258.8,351,142.56,0.06357257
263.825,351,142.59,0.06696273
268.85,351,142.64,0.0705054
273.875,351,142.72,0.07431949
278.9,351,142.8,0.07828061
283.925,351,142.92,0.08206715
288.95,351,143.13,0.08520074
293.975,351,143.3,0.08721363
299,351,143.46,0.08783103
304.025,351,143.63,0.0868894
309.05,351,143.76,0.08431763
314.075,351,143.84,0.08013084
319.1,351,143.89,0.07451777
324.125,351,143.94,0.06784182
329.15,351,143.99,0.06046823
334.175,351,144.03,0.0529138
339.2,351,144.06,0.0458208
344.225,351,144.12,0.03953396
349.25,351,144.19,0.03439255
354.275,351,144.23,0.03049296
359.3,351,144.22,0.02785636
364.325,351,144.18,0.02695329
369.35,351,144.13,0.02864304
374.375,351,144.02,0.03282494
379.4,351,143.87,0.03709169
384.425,351,143.62,0.03801073
389.45,351,143.29,0.03431821
394.475,351,143.03,0.0278005
399.5,351,142.8,0.02295887
404.525,351,142.82,0.02726912
409.55,351,143.27,0.03936043
414.575,351,143.76,0.05371192
419.6,351,144.17,0.06658353
424.625,351,144.39,0.07568863
429.65,351,144.61,0.08143288
434.675,351,144.89,0.08574165
439.7,351,145.12,0.0903029
444.725,351,145.26,0.0949244
449.75,351,145.38,0.09839286
454.775,351,145.58,0.1005746
459.8,351,145.91,0.1020442
464.825,351,146.3,0.103431
469.85,351,146.66,0.1048778
474.875,351,147.09,0.1059164
479.9,351,147.55,0.1056898
484.925,351,148.06,0.1035125
489.95,351,148.56,0.09983165
494.975,351,149.06,0.0949338
500,351,149.56,0.08885622
505.025,351,150.04,0.0819555
510.05,351,150.43,0.07513713
515.075,351,150.64,0.06894214
520.1,351,150.84,0.06387787
525.125,351,151.08,0.06026234
530.15,351,151.33,0.05815434
535.175,351,151.6,0.05722848
540.2,351,151.85,0.05665476
545.225,351,152.09,0.05588332
550.25,351,152.31,0.0550042
555.275,351,152.53,0.05435633
560.3,351,152.74,0.05412018
565.325,351,152.93,0.05444805
570.35,351,153.11,0.05530577
575.375,351,153.32,0.05654371
580.4,351,153.57,0.05772312
585.425,351,153.86,0.05813173
590.45,351,154.19,0.05735966
595.475,351,154.46,0.05564503
600.5,351,154.71,0.05340528
605.525,351,154.83,0.05094007
610.55,351,154.85,0.04867638
615.575,351,155.07,0.04681083
620.6,351,155.27,0.04542095
625.625,351,155.47,0.04458966
630.65,351,155.66,0.04412498
635.675,351,155.8,0.04380367
640.7,351,155.96,0.04317355
645.725,351,156.1,0.04204555
650.75,351,156.24,0.04067886
655.775,351,156.39,0.03928431
660.8,351,156.48,0.03782976
665.825,351,156.53,0.03611537
670.85,351,156.59,0.03404517
675.875,351,156.64,0.03169867
680.9,351,156.66,0.0292428
685.925,351,156.65,0.02674397
690.95,351,156.61,0.02398966
695.975,351,156.65,0.02115318
701,351,156.63,0.01845638
706.025,351,156.58,0.01639244
711.05,351,156.52,0.0155362
716.075,351,156.45,0.01592334
721.1,351,156.38,0.01695379
726.125,351,156.28,0.01788345
731.15,351,156.13,0.01822388
736.175,351,155.99,0.01802243
741.2,351,155.91,0.01770111
746.225,351,155.87,0.01781411
751.25,351,155.81,0.01860722
756.275,351,155.77,0.02001078
761.3,351,155.74,0.02259339
766.325,351,155.68,0.0264949
771.35,351,155.53,0.03133812
776.375,351,155.34,0.03665533
781.4,351,155.17,0.04202801
786.425,351,154.99,0.04677379
791.45,351,154.75,0.05039569
796.475,351,154.53,0.05285509
801.5,351,154.25,0.05521724
806.525,351,153.92,0.05921008
811.55,351,153.54,0.06604058
816.575,351,153.21,0.07577479
821.6,351,152.9,0.08733311
826.625,351,152.46,0.09977892
831.65,351,151.78,0.1119497
836.675,351,151.14,0.1231809
841.7,351,150.47,0.1336052
846.725,351,149.84,0.1434412
851.75,351,149.27,0.1526001
856.775,351,148.59,0.160782
861.8,351,147.94,0.1693528
866.825,351,147.19,0.1789712
871.85,351,146.35,0.1870029
876.875,351,145.57,0.1902029
881.9,351,144.75,0.1875063
886.925,351,143.64,0.1785445
891.95,351,142.38,0.1649507
896.975,351,141.64,0.1497011
902,351,141.15,0.1360161
907.025,351,140.82,0.1256724
912.05,351,140.53,0.1196837
917.075,351,140.22,0.1210963
922.1,351,139.71,0.1335327
927.125,351,139.02,0.1556398
932.15,351,138.38,0.1794265
937.175,351,137.74,0.1943124
942.2,351,137.05,0.1965422
947.225,351,135.67,0.1871084
952.25,351,133.73,0.1675636
957.275,351,132.61,0.1424276
962.3,351,132.14,0.116309
967.325,351,132.17,0.09361581
972.35,351,132.21,0.07658719
977.375,351,132.35,0.06442297
982.4,351,132.48,0.0629838
987.425,351,132.27,0.0758495
992.45,351,131.68,0.09902914
997.475,351,130.7,0.1232941
1002.5,351,129.89,0.1328474
-2.5,356.05,147.26,0.06324305
2.525,356.05,147.56,0.05662223
7.55,356.05,147.91,0.05193605
12.575,356.05,148.19,0.0483596
17.6,356.05,148.42,0.04537936
22.625,356.05,148.63,0.0425974
27.65,356.05,148.85,0.03948867
32.675,356.05,149.05,0.03611531
37.7,356.05,149.24,0.03300796
42.725,356.05,149.39,0.03047707
47.75,356.05,149.5,0.02860416
52.775,356.05,149.58,0.02752201
57.8,356.05,149.63,0.0273972
62.825,356.05,149.65,0.02805781
67.85,356.05,149.62,0.02936677
72.875,356.05,149.59,0.03114612
77.9,356.05,149.57,0.03318377
82.925,356.05,149.53,0.03545144
87.95,356.05,149.49,0.03772524
92.975,356.05,149.36,0.03986899
98,356.05,149.15,0.04193775
103.025,356.05,148.92,0.04438909
108.05,356.05,148.67,0.04759614
113.075,356.05,148.42,0.0511321
118.1,356.05,148.19,0.05460253
123.125,356.05,147.97,0.05797443
128.15,356.05,147.76,0.0612917
133.175,356.05,147.46,0.06434648
138.2,356.05,147.08,0.06595008
143.225,356.05,146.71,0.06468071
148.25,356.05,146.32,0.06052655
153.275,356.05,145.94,0.05531845
158.3,356.05,145.56,0.05073225
163.325,356.05,145.3,0.04756005
168.35,356.05,145.35,0.04611197
173.375,356.05,145.32,0.0465824
178.4,356.05,145.06,0.04885343
183.425,356.05,144.72,0.05241109
188.45,356.05,144.37,0.05597695
193.475,356.05,144.02,0.05742958
198.5,356.05,143.67,0.05529785
203.525,356.05,143.32,0.0495494
208.55,356.05,143.03,0.04246514
213.575,356.05,142.86,0.03654821
218.6,356.05,142.79,0.03359404
223.625,356.05,142.76,0.0347338
228.65,356.05,142.71,0.0393661
233.675,356.05,142.69,0.04547752
238.7,356.05,142.69,0.0515302
243.725,356.05,142.72,0.05694384
248.75,356.05,142.82,0.06149759
253.775,356.05,142.92,0.0651948
258.8,356.05,142.96,0.06845522
263.825,356.05,143.01,0.07159036
268.85,356.05,143.05,0.07489024
273.875,356.05,143.11,0.07841303
278.9,356.05,143.18,0.08207409
283.925,356.05,143.29,0.0854936
288.95,356.05,143.53,0.08812765
293.975,356.05,143.78,0.08949952
299,356.05,143.97,0.08934225
304.025,356.05,144.16,0.0875966
309.05,356.05,144.27,0.08431669
314.075,356.05,144.31,0.07965927
319.1,356.05,144.3,0.07379228
324.125,356.05,144.29,0.06697653
329.15,356.05,144.28,0.05949292
334.175,356.05,144.26,0.05182149
339.2,356.05,144.24,0.04463373
344.225,356.05,144.24,0.03835869
349.25,356.05,144.28,0.03337356
354.275,356.05,144.3,0.02980087
359.3,356.05,144.29,0.02767601
364.325,356.05,144.26,0.0274033
369.35,356.05,144.26,0.02962607
374.375,356.05,144.19,0.03398144
379.4,356.05,144.03,0.03822704
384.425,356.05,143.79,0.03918907
389.45,356.05,143.41,0.03533952
394.475,356.05,143.05,0.02815175
399.5,356.05,142.78,0.0223719
404.525,356.05,142.74,0.02659781
409.55,356.05,143.3,0.0399834
414.575,356.05,144,0.05573894
419.6,356.05,144.49,0.06982017
424.625,356.05,144.83,0.07952475
429.65,356.05,145.08,0.08468134
434.675,356.05,145.36,0.08733339
439.7,356.05,145.65,0.08990494
444.725,356.05,145.84,0.0931475
449.75,356.05,145.91,0.0957043
454.775,356.05,146.08,0.09709107
459.8,356.05,146.4,0.09769582
464.825,356.05,146.75,0.09814682
469.85,356.05,147.03,0.09881036
474.875,356.05,147.37,0.09937878
479.9,356.05,147.81,0.09923373
484.925,356.05,148.28,0.09773236
489.95,356.05,148.75,0.09496624
494.975,356.05,149.21,0.09109136
500,356.05,149.68,0.08602801
505.025,356.05,150.12,0.08002725
510.05,356.05,150.5,0.07389361
515.075,356.05,150.81,0.06833862
520.1,356.05,151.04,0.0637962
525.125,356.05,151.29,0.06059013
530.15,356.05,151.53,0.05875384
535.175,356.05,151.78,0.05808042
540.2,356.05,152.02,0.05774414
545.225,356.05,152.25,0.05721994
550.25,356.05,152.46,0.05666829
555.275,356.05,152.64,0.05631262
560.3,356.05,152.84,0.05626633
565.325,356.05,153.02,0.05671362
570.35,356.05,153.21,0.05757484
575.375,356.05,153.44,0.05865465
580.4,356.05,153.73,0.05942345
585.425,356.05,154.05,0.059252
590.45,356.05,154.41,0.05788678
595.475,356.05,154.77,0.05572537
600.5,356.05,155.05,0.05319979
605.525,356.05,155.22,0.05058399
610.55,356.05,155.12,0.04817722
615.575,356.05,155.11,0.04620185
620.6,356.05,155.3,0.04467743
625.625,356.05,155.51,0.04368959
630.65,356.05,155.75,0.04323933
635.675,356.05,155.96,0.04293055
640.7,356.05,156.15,0.04232131
645.725,356.05,156.33,0.04101564
650.75,356.05,156.46,0.03928229
655.775,356.05,156.58,0.03747925
660.8,356.05,156.69,0.03563423
665.825,356.05,156.77,0.03363813
670.85,356.05,156.83,0.03142387
675.875,356.05,156.9,0.02905029
680.9,356.05,156.93,0.02678167
685.925,356.05,156.92,0.02464737
690.95,356.05,156.82,0.02258288
695.975,356.05,156.74,0.02059201
701,356.05,156.7,0.01898161
706.025,356.05,156.64,0.01796432
711.05,356.05,156.57,0.01772218
716.075,356.05,156.5,0.01795666
721.1,356.05,156.43,0.01839993
726.125,356.05,156.33,0.01875608
731.15,356.05,156.14,0.01872907
736.175,356.05,155.97,0.01821185
741.2,356.05,155.89,0.0176958
746.225,356.05,155.84,0.01769153
751.25,356.05,155.8,0.01845616
756.275,356.05,155.75,0.0199546
761.3,356.05,155.74,0.02262734
766.325,356.05,155.69,0.02699439
771.35,356.05,155.54,0.03247318
776.375,356.05,155.37,0.03836866
781.4,356.05,155.23,0.0439365
786.425,356.05,155.06,0.04840957
791.45,356.05,154.78,0.05132085
796.475,356.05,154.5,0.05277016
801.5,356.05,154.25,0.05408852
806.525,356.05,153.95,0.05698879
811.55,356.05,153.58,0.06242886
816.575,356.05,153.24,0.0709627
821.6,356.05,152.96,0.08187269
826.625,356.05,152.56,0.09370783
831.65,356.05,151.84,0.1055479
836.675,356.05,151.1,0.1166505
841.7,356.05,150.54,0.1273009
846.725,356.05,150.03,0.1375995
851.75,356.05,149.6,0.1472999
856.775,356.05,149.17,0.1567014
861.8,356.05,148.67,0.1673077
866.825,356.05,148.06,0.1794833
871.85,356.05,147.13,0.1903686
876.875,356.05,146.23,0.1962841
881.9,356.05,145.4,0.1955723
886.925,356.05,144.3,0.187881
891.95,356.05,142.72,0.1740477
896.975,356.05,141.59,0.1573319
902,356.05,141.15,0.1406385
907.025,356.05,140.86,0.1259296
912.05,356.05,140.67,0.1149877
917.075,356.05,140.41,0.111712
922.1,356.05,140.02,0.1212933
927.125,356.05,139.51,0.1430078
932.15,356.05,138.98,0.1692208
937.175,356.05,138.48,0.1903111
942.2,356.05,137.93,0.1996348
947.225,356.05,136.77,0.1970161
952.25,356.05,134.38,0.1832748
957.275,356.05,132.58,0.16083
962.3,356.05,132.09,0.1343675
967.325,356.05,131.98,0.1079693
972.35,356.05,132,0.08558957
977.375,356.05,131.99,0.06859264
982.4,356.05,132.02,0.06204796
987.425,356.05,131.84,0.07255452
992.45,356.05,131.32,0.09384419
997.475,356.05,130.67,0.1192784
1002.5,356.05,130.09,0.1367531
-2.5,361.1,147.22,0.07047655
2.525,361.1,147.52,0.06151178
7.55,361.1,147.88,0.05550613
12.575,361.1,148.21,0.05090204
17.6,361.1,148.46,0.04699147
22.625,361.1,148.68,0.04333439
27.65,361.1,148.9,0.03947154
32.675,361.1,149.12,0.03533521
37.7,361.1,149.31,0.03139694
42.725,361.1,149.48,0.02797262
47.75,361.1,149.6,0.02513964
52.775,361.1,149.68,0.02312475
57.8,361.1,149.73,0.02216169
62.825,361.1,149.76,0.02221317
67.85,361.1,149.76,0.02307941
72.875,361.1,149.74,0.02478601
77.9,361.1,149.71,0.0273325
82.925,361.1,149.68,0.03064648
87.95,361.1,149.64,0.0343659
92.975,361.1,149.52,0.0380649
98,361.1,149.3,0.0416126
103.025,361.1,149.04,0.04509126
108.05,361.1,148.76,0.04881743
113.075,361.1,148.48,0.05271572
118.1,361.1,148.21,0.05644321
123.125,361.1,147.96,0.05989813
128.15,361.1,147.73,0.06316745
133.175,361.1,147.46,0.06604646
138.2,361.1,147.12,0.06725629
143.225,361.1,146.75,0.06537273
148.25,361.1,146.35,0.06078187
153.275,361.1,145.95,0.05527385
158.3,361.1,145.55,0.05041742
163.325,361.1,145.26,0.04710349
168.35,361.1,145.29,0.04557097
173.375,361.1,145.34,0.04593727
178.4,361.1,145.1,0.04815345
183.425,361.1,144.75,0.05154136
188.45,361.1,144.4,0.05486018
193.475,361.1,144.04,0.05589125
198.5,361.1,143.69,0.052967
203.525,361.1,143.35,0.0465039
208.55,361.1,143.08,0.03898158
213.575,361.1,142.94,0.03348681
218.6,361.1,142.92,0.03232638
223.625,361.1,142.93,0.03591114
228.65,361.1,142.93,0.04240562
233.675,361.1,142.94,0.04951352
238.7,361.1,142.97,0.05600035
243.725,361.1,143.03,0.0615356
248.75,361.1,143.15,0.06617141
253.775,361.1,143.27,0.06987497
258.8,361.1,143.34,0.07296954
263.825,361.1,143.4,0.07582001
268.85,361.1,143.45,0.07868429
273.875,361.1,143.5,0.08180556
278.9,361.1,143.57,0.08501303
283.925,361.1,143.68,0.08789274
288.95,361.1,143.93,0.08989373
293.975,361.1,144.21,0.09051
299,361.1,144.44,0.08958224
304.025,361.1,144.64,0.08714662
309.05,361.1,144.75,0.0833364
314.075,361.1,144.75,0.07851647
319.1,361.1,144.7,0.07288984
324.125,361.1,144.64,0.06656019
329.15,361.1,144.57,0.05961089
334.175,361.1,144.51,0.05233345
339.2,361.1,144.45,0.04533055
344.225,361.1,144.41,0.03908421
349.25,361.1,144.4,0.03401346
354.275,361.1,144.4,0.03048304
359.3,361.1,144.38,0.02854411
364.325,361.1,144.36,0.02854435
369.35,361.1,144.39,0.0308943
374.375,361.1,144.38,0.03528912
379.4,361.1,144.24,0.03963271
384.425,361.1,144,0.04085584
389.45,361.1,143.61,0.03715189
394.475,361.1,143.2,0.0293386
399.5,361.1,142.89,0.02200664
404.525,361.1,142.78,0.02545121
409.55,361.1,143.25,0.03999225
414.575,361.1,144.01,0.05743545
419.6,361.1,144.59,0.07296197
424.625,361.1,145.04,0.08344593
429.65,361.1,145.41,0.08836093
434.675,361.1,145.73,0.08951026
439.7,361.1,146.04,0.08977208
444.725,361.1,146.29,0.09086571
449.75,361.1,146.41,0.09222632
454.775,361.1,146.54,0.09279196
459.8,361.1,146.83,0.0927947
464.825,361.1,147.15,0.09268932
469.85,361.1,147.4,0.09288652
474.875,361.1,147.67,0.09320874
479.9,361.1,148.07,0.09308832
484.925,361.1,148.5,0.09211291
489.95,361.1,148.94,0.09021438
494.975,361.1,149.37,0.0873318
500,361.1,149.81,0.0831903
505.025,361.1,150.24,0.07806162
510.05,361.1,150.62,0.07265815
515.075,361.1,150.93,0.06767555
520.1,361.1,151.2,0.06359117
525.125,361.1,151.46,0.06079996
530.15,361.1,151.7,0.05924003
535.175,361.1,151.94,0.05871695
540.2,361.1,152.17,0.0586059
545.225,361.1,152.4,0.05833369
550.25,361.1,152.62,0.0579285
555.275,361.1,152.82,0.05772186
560.3,361.1,153,0.05776004
565.325,361.1,153.19,0.05813299
570.35,361.1,153.38,0.05878281
575.375,361.1,153.61,0.05946958
580.4,361.1,153.91,0.05974167
585.425,361.1,154.25,0.05899595
590.45,361.1,154.61,0.05721667
595.475,361.1,154.97,0.05471958
600.5,361.1,155.28,0.05198783
605.525,361.1,155.47,0.04926219
610.55,361.1,155.4,0.046733
615.575,361.1,155.3,0.04467756
620.6,361.1,155.41,0.04316527
625.625,361.1,155.62,0.04220416
630.65,361.1,155.85,0.04178323
635.675,361.1,156.1,0.04152922
640.7,361.1,156.32,0.0407387
645.725,361.1,156.51,0.03915449
650.75,361.1,156.65,0.0369722
655.775,361.1,156.74,0.03468782
660.8,361.1,156.84,0.03240453
665.825,361.1,156.93,0.0300693
670.85,361.1,157.02,0.02781671
675.875,361.1,157.08,0.02573087
680.9,361.1,157.11,0.02388046
685.925,361.1,157.1,0.02240149
690.95,361.1,156.98,0.02133034
695.975,361.1,156.85,0.02052276
701,361.1,156.76,0.02001191
706.025,361.1,156.69,0.01980882
711.05,361.1,156.62,0.01986978
716.075,361.1,156.55,0.02000413
721.1,361.1,156.48,0.02005389
726.125,361.1,156.38,0.02003325
731.15,361.1,156.2,0.01969221
736.175,361.1,156.01,0.01906704
741.2,361.1,155.92,0.01847479
746.225,361.1,155.87,0.01841076
751.25,361.1,155.82,0.01896608
756.275,361.1,155.8,0.02033328
761.3,361.1,155.79,0.02308983
766.325,361.1,155.75,0.0279678
771.35,361.1,155.61,0.03433092
776.375,361.1,155.43,0.04084008
781.4,361.1,155.3,0.04657876
786.425,361.1,155.12,0.05066721
791.45,361.1,154.8,0.05259565
796.475,361.1,154.45,0.05257314
801.5,361.1,154.18,0.05234843
806.525,361.1,153.92,0.05395862
811.55,361.1,153.63,0.05800154
816.575,361.1,153.33,0.0652002
821.6,361.1,153.07,0.07559771
826.625,361.1,152.73,0.0874334
831.65,361.1,152.06,0.09933839
836.675,361.1,151.3,0.1105633
841.7,361.1,150.75,0.1213978
846.725,361.1,150.33,0.1319658
851.75,361.1,149.98,0.1418346
856.775,361.1,149.64,0.1515568
861.8,361.1,149.25,0.163435
866.825,361.1,148.72,0.1781532
871.85,361.1,147.84,0.192246
876.875,361.1,146.84,0.2010408
881.9,361.1,145.93,0.2023691
886.925,361.1,144.82,0.1959019
891.95,361.1,143.21,0.1824969
896.975,361.1,141.84,0.1646518
902,361.1,141.27,0.1455153
907.025,361.1,140.99,0.1270155
912.05,361.1,140.8,0.1115933
917.075,361.1,140.58,0.1039742
922.1,361.1,140.25,0.1103909
927.125,361.1,139.87,0.1313169
932.15,361.1,139.49,0.1588281
937.175,361.1,139.07,0.1834415
942.2,361.1,138.57,0.1987361
947.225,361.1,137.54,0.202622
952.25,361.1,135.23,0.1957235
957.275,361.1,133.02,0.1783593
962.3,361.1,132.26,0.1535663
967.325,361.1,132.05,0.1250781
972.35,361.1,131.93,0.09704225
977.375,361.1,131.85,0.07414309
982.4,361.1,131.79,0.06229214
987.425,361.1,131.64,0.06829762
992.45,361.1,131.19,0.08439873
997.475,361.1,130.66,0.1062101
1002.5,361.1,130.27,0.1292448
-2.5,366.15,147.26,0.07920266
2.525,366.15,147.54,0.06783666
7.55,366.15,147.92,0.06012415
12.575,366.15,148.27,0.05424775
17.6,366.15,148.53,0.04910686
22.625,366.15,148.72,0.04448628
27.65,366.15,148.95,0.03984343
32.675,366.15,149.17,0.03506164
37.7,366.15,149.37,0.03056072
42.725,366.15,149.52,0.02657854
47.75,366.15,149.63,0.02317128
52.775,366.15,149.73,0.02037318
57.8,366.15,149.79,0.01846618
62.825,366.15,149.83,0.01763931
67.85,366.15,149.85,0.01779055
72.875,366.15,149.85,0.0190012
77.9,366.15,149.85,0.02162816
82.925,366.15,149.82,0.02579147
87.95,366.15,149.77,0.03104058
92.975,366.15,149.66,0.03648476
98,366.15,149.43,0.04167117
103.025,366.15,149.16,0.04632825
108.05,366.15,148.86,0.05068692
113.075,366.15,148.55,0.05483052
118.1,366.15,148.25,0.05847868
123.125,366.15,147.97,0.06174827
128.15,366.15,147.72,0.06476067
133.175,366.15,147.46,0.06734544
138.2,366.15,147.13,0.0682731
143.225,366.15,146.74,0.06588662
148.25,366.15,146.34,0.06086123
153.275,366.15,145.93,0.05513965
158.3,366.15,145.53,0.05016132
163.325,366.15,145.26,0.04667234
168.35,366.15,145.24,0.04499934
173.375,366.15,145.33,0.04517097
178.4,366.15,145.13,0.04724697
183.425,366.15,144.77,0.05036512
188.45,366.15,144.41,0.05329529
193.475,366.15,144.05,0.05398837
198.5,366.15,143.7,0.05032278
203.525,366.15,143.38,0.04320127
208.55,366.15,143.14,0.03559681
213.575,366.15,143.05,0.03123578
218.6,366.15,143.06,0.03252968
223.625,366.15,143.11,0.03852002
228.65,366.15,143.16,0.04633958
233.675,366.15,143.22,0.05392874
238.7,366.15,143.29,0.06043035
243.725,366.15,143.36,0.0658327
248.75,366.15,143.48,0.07031797
253.775,366.15,143.62,0.07397093
258.8,366.15,143.71,0.07696567
263.825,366.15,143.77,0.07956534
268.85,366.15,143.82,0.08194805
273.875,366.15,143.89,0.08445218
278.9,366.15,143.97,0.08704772
283.925,366.15,144.1,0.08927578
288.95,366.15,144.35,0.09051538
293.975,366.15,144.66,0.09031641
299,366.15,144.9,0.08860146
304.025,366.15,145.1,0.08553534
309.05,366.15,145.2,0.08146401
314.075,366.15,145.17,0.07681041
319.1,366.15,145.08,0.07191625
324.125,366.15,144.98,0.06660112
329.15,366.15,144.86,0.06071674
334.175,366.15,144.74,0.05429355
339.2,366.15,144.65,0.04773874
344.225,366.15,144.56,0.04151806
349.25,366.15,144.52,0.03618564
354.275,366.15,144.51,0.0323325
359.3,366.15,144.48,0.03018791
364.325,366.15,144.48,0.0300476
369.35,366.15,144.51,0.03229571
374.375,366.15,144.55,0.03653459
379.4,366.15,144.44,0.04105668
384.425,366.15,144.23,0.04260589
389.45,366.15,143.87,0.03926607
394.475,366.15,143.41,0.03107241
399.5,366.15,143.07,0.02203885
404.525,366.15,142.79,0.02418402
409.55,366.15,143.1,0.03967137
414.575,366.15,143.91,0.05869476
419.6,366.15,144.57,0.07572836
424.625,366.15,145.12,0.08718395
429.65,366.15,145.58,0.0922521
434.675,366.15,146.01,0.0924544
439.7,366.15,146.41,0.09048877
444.725,366.15,146.69,0.08887466
449.75,366.15,146.83,0.0883876
454.775,366.15,146.95,0.08813095
459.8,366.15,147.21,0.08765098
464.825,366.15,147.5,0.08723974
469.85,366.15,147.73,0.08713684
474.875,366.15,147.96,0.08742617
479.9,366.15,148.31,0.08740073
484.925,366.15,148.73,0.08682003
489.95,366.15,149.13,0.08563713
494.975,366.15,149.53,0.08363998
500,366.15,149.93,0.08032795
505.025,366.15,150.35,0.07597284
510.05,366.15,150.73,0.07127751
515.075,366.15,151.06,0.0668798
520.1,366.15,151.33,0.0631855
525.125,366.15,151.59,0.06066793
530.15,366.15,151.84,0.05938456
535.175,366.15,152.07,0.05887971
540.2,366.15,152.3,0.05881596
545.225,366.15,152.58,0.0585968
550.25,366.15,152.83,0.05821548
555.275,366.15,153.04,0.05792311
560.3,366.15,153.24,0.05787856
565.325,366.15,153.42,0.05806955
570.35,366.15,153.64,0.05835212
575.375,366.15,153.86,0.05855545
580.4,366.15,154.14,0.05831256
585.425,366.15,154.42,0.05703738
590.45,366.15,154.77,0.05491964
595.475,366.15,155.13,0.05229349
600.5,366.15,155.43,0.04946159
605.525,366.15,155.66,0.04668965
610.55,366.15,155.64,0.04426512
615.575,366.15,155.5,0.04227685
620.6,366.15,155.58,0.04088001
625.625,366.15,155.77,0.04005977
630.65,366.15,156.02,0.03976019
635.675,366.15,156.26,0.03951806
640.7,366.15,156.48,0.0384835
645.725,366.15,156.65,0.03647668
650.75,366.15,156.78,0.03381807
655.775,366.15,156.87,0.03103425
660.8,366.15,156.96,0.02829602
665.825,366.15,157.05,0.02563309
670.85,366.15,157.12,0.02339154
675.875,366.15,157.19,0.02179018
680.9,366.15,157.23,0.02077206
685.925,366.15,157.2,0.020296
690.95,366.15,157.07,0.02039561
695.975,366.15,156.9,0.02085419
701,366.15,156.8,0.02142031
706.025,366.15,156.73,0.02209678
711.05,366.15,156.65,0.0224467
716.075,366.15,156.58,0.02238011
721.1,366.15,156.52,0.02217515
726.125,366.15,156.44,0.02190924
731.15,366.15,156.28,0.02148516
736.175,366.15,156.08,0.02075656
741.2,366.15,155.98,0.02003065
746.225,366.15,155.95,0.01985538
751.25,366.15,155.93,0.02025188
756.275,366.15,155.9,0.0213389
761.3,366.15,155.89,0.02396608
766.325,366.15,155.83,0.02919546
771.35,366.15,155.7,0.03637788
776.375,366.15,155.51,0.04365557
781.4,366.15,155.36,0.04958514
786.425,366.15,155.08,0.05324164
791.45,366.15,154.71,0.0540032
796.475,366.15,154.33,0.05230899
801.5,366.15,154.07,0.05017257
806.525,366.15,153.91,0.05029599
811.55,366.15,153.68,0.05320315
816.575,366.15,153.44,0.05914288
821.6,366.15,153.25,0.06915465
826.625,366.15,152.96,0.08122089
831.65,366.15,152.4,0.09339957
836.675,366.15,151.64,0.1048762
841.7,366.15,151.1,0.1155551
846.725,366.15,150.72,0.1260561
851.75,366.15,150.44,0.1357148
856.775,366.15,150.17,0.1451216
861.8,366.15,149.79,0.1573161
866.825,366.15,149.26,0.1740445
871.85,366.15,148.42,0.191241
876.875,366.15,147.36,0.2032653
881.9,366.15,146.39,0.2069488
886.925,366.15,145.22,0.2019235
891.95,366.15,143.67,0.1890803
896.975,366.15,142.14,0.1706729
902,366.15,141.47,0.1498048
907.025,366.15,141.12,0.128627
912.05,366.15,140.91,0.1096838
917.075,366.15,140.74,0.09813612
922.1,366.15,140.47,0.1010468
927.125,366.15,140.25,0.1205806
932.15,366.15,139.99,0.1487313
937.175,366.15,139.66,0.1754048
942.2,366.15,139.16,0.1948406
947.225,366.15,138.12,0.2045581
952.25,366.15,135.96,0.2042271
957.275,366.15,133.48,0.1933618
962.3,366.15,132.47,0.1723052
967.325,366.15,132.23,0.1441121
972.35,366.15,132.02,0.1125259
977.375,366.15,131.82,0.08353344
982.4,366.15,131.63,0.06537262
987.425,366.15,131.56,0.06425697
992.45,366.15,131.29,0.07197282
997.475,366.15,130.85,0.0847704
1002.5,366.15,130.51,0.1058043
-2.5,371.2,147.41,0.08986722
2.525,371.2,147.7,0.0762534
7.55,371.2,147.99,0.06637808
12.575,371.2,148.36,0.05882362
17.6,371.2,148.63,0.05208999
22.625,371.2,148.81,0.04615619
27.65,371.2,148.97,0.04056498
32.675,371.2,149.19,0.03526287
37.7,371.2,149.39,0.03039855
42.725,371.2,149.53,0.02604872
47.75,371.2,149.6,0.02223709
52.775,371.2,149.68,0.01895179
57.8,371.2,149.77,0.01631022
62.825,371.2,149.84,0.01449201
67.85,371.2,149.9,0.01355952
72.875,371.2,149.93,0.01385367
77.9,371.2,149.95,0.01622996
82.925,371.2,149.96,0.02102169
87.95,371.2,149.91,0.0276089
92.975,371.2,149.78,0.03486178
98,371.2,149.56,0.0417894
103.025,371.2,149.27,0.0478597
108.05,371.2,148.98,0.05287282
113.075,371.2,148.66,0.05714016
118.1,371.2,148.34,0.06060593
123.125,371.2,148.02,0.06346376
128.15,371.2,147.7,0.06607951
133.175,371.2,147.41,0.06820082
138.2,371.2,147.08,0.06890244
143.225,371.2,146.7,0.06629088
148.25,371.2,146.3,0.06082173
153.275,371.2,145.89,0.05482908
158.3,371.2,145.5,0.04967411
163.325,371.2,145.31,0.04606773
168.35,371.2,145.31,0.04427625
173.375,371.2,145.32,0.04436667
178.4,371.2,145.14,0.0462442
183.425,371.2,144.78,0.04911214
188.45,371.2,144.4,0.05146843
193.475,371.2,144.04,0.05160444
198.5,371.2,143.7,0.04750351
203.525,371.2,143.38,0.03987245
208.55,371.2,143.19,0.03277409
213.575,371.2,143.14,0.03038442
218.6,371.2,143.21,0.03444929
223.625,371.2,143.31,0.04237687
228.65,371.2,143.42,0.05101521
233.675,371.2,143.53,0.05866363
238.7,371.2,143.64,0.06486549
243.725,371.2,143.75,0.06988907
248.75,371.2,143.84,0.07401915
253.775,371.2,143.96,0.07740937
258.8,371.2,144.06,0.08017958
263.825,371.2,144.13,0.08248928
268.85,371.2,144.19,0.08442981
273.875,371.2,144.27,0.08624446
278.9,371.2,144.37,0.08809117
283.925,371.2,144.55,0.08953226
288.95,371.2,144.81,0.0899579
293.975,371.2,145.11,0.08895102
299,371.2,145.37,0.08646152
304.025,371.2,145.56,0.0828923
309.05,371.2,145.66,0.0787392
314.075,371.2,145.61,0.0746682
319.1,371.2,145.48,0.07087327
324.125,371.2,145.32,0.06701046
329.15,371.2,145.15,0.0625467
334.175,371.2,144.99,0.05728909
339.2,371.2,144.84,0.05141408
344.225,371.2,144.72,0.04536837
349.25,371.2,144.62,0.03974321
354.275,371.2,144.59,0.03541339
359.3,371.2,144.57,0.03266796
364.325,371.2,144.6,0.03187112
369.35,371.2,144.67,0.03354028
374.375,371.2,144.67,0.03743481
379.4,371.2,144.57,0.04229635
384.425,371.2,144.37,0.04470893
389.45,371.2,144.14,0.04177135
394.475,371.2,143.75,0.03341514
399.5,371.2,143.39,0.02274087
404.525,371.2,143.04,0.0228637
409.55,371.2,142.88,0.03904339
414.575,371.2,143.51,0.05944026
419.6,371.2,144.29,0.0777835
424.625,371.2,144.98,0.09029932
429.65,371.2,145.63,0.09591153
434.675,371.2,146.17,0.0959353
439.7,371.2,146.71,0.09269843
444.725,371.2,147.07,0.08858714
449.75,371.2,147.19,0.08562263
454.775,371.2,147.32,0.0838365
459.8,371.2,147.55,0.08272845
464.825,371.2,147.81,0.08208584
469.85,371.2,148.03,0.08186336
474.875,371.2,148.25,0.08215584
479.9,371.2,148.56,0.08237729
484.925,371.2,148.94,0.08203755
489.95,371.2,149.32,0.08135576
494.975,371.2,149.69,0.08000867
500,371.2,150.06,0.07747546
505.025,371.2,150.45,0.07379211
510.05,371.2,150.84,0.06976138
515.075,371.2,151.16,0.0658949
520.1,371.2,151.44,0.06262867
525.125,371.2,151.7,0.06038524
530.15,371.2,151.96,0.05919238
535.175,371.2,152.19,0.05864801
540.2,371.2,152.43,0.05841512
545.225,371.2,152.73,0.05810112
550.25,371.2,153.1,0.057547
555.275,371.2,153.37,0.05706951
560.3,371.2,153.59,0.0567587
565.325,371.2,153.75,0.05662466
570.35,371.2,153.94,0.056458
575.375,371.2,154.19,0.05608736
580.4,371.2,154.44,0.05542916
585.425,371.2,154.67,0.05390183
590.45,371.2,154.9,0.05147521
595.475,371.2,155.21,0.04882388
600.5,371.2,155.49,0.0459785
605.525,371.2,155.69,0.04328195
610.55,371.2,155.83,0.04107185
615.575,371.2,155.78,0.0394173
620.6,371.2,155.82,0.03834427
625.625,371.2,156,0.03773453
630.65,371.2,156.2,0.03741796
635.675,371.2,156.43,0.03697852
640.7,371.2,156.62,0.03559931
645.725,371.2,156.77,0.03313516
650.75,371.2,156.88,0.03010162
655.775,371.2,156.96,0.02691374
660.8,371.2,157.04,0.0238515
665.825,371.2,157.12,0.02094495
670.85,371.2,157.17,0.01873769
675.875,371.2,157.23,0.01758789
680.9,371.2,157.28,0.01743334
685.925,371.2,157.25,0.01813548
690.95,371.2,157.11,0.01948389
695.975,371.2,156.93,0.02103772
701,371.2,156.81,0.02257218
706.025,371.2,156.74,0.02412696
711.05,371.2,156.67,0.0252784
716.075,371.2,156.59,0.02543008
721.1,371.2,156.54,0.02507309
726.125,371.2,156.47,0.02455208
731.15,371.2,156.34,0.023937
736.175,371.2,156.18,0.02316492
741.2,371.2,156.09,0.0223025
746.225,371.2,156.07,0.02179504
751.25,371.2,156.08,0.02190362
756.275,371.2,156.08,0.02276721
761.3,371.2,156.05,0.02532996
766.325,371.2,155.95,0.03074768
771.35,371.2,155.76,0.03865304
776.375,371.2,155.58,0.04655791
781.4,371.2,155.41,0.05260096
786.425,371.2,155.04,0.05573312
791.45,371.2,154.42,0.05545335
796.475,371.2,154.04,0.0521873
801.5,371.2,153.85,0.04808632
806.525,371.2,153.79,0.04622694
811.55,371.2,153.74,0.04810236
816.575,371.2,153.61,0.05351284
821.6,371.2,153.51,0.0630668
826.625,371.2,153.23,0.07556201
831.65,371.2,152.73,0.08793723
836.675,371.2,152.13,0.09943512
841.7,371.2,151.6,0.109795
846.725,371.2,151.25,0.1197785
851.75,371.2,150.97,0.1293416
856.775,371.2,150.69,0.138461
861.8,371.2,150.28,0.1504315
866.825,371.2,149.67,0.1681069
871.85,371.2,148.87,0.1877876
876.875,371.2,147.85,0.2024603
881.9,371.2,146.83,0.2085771
886.925,371.2,145.49,0.2050888
891.95,371.2,143.91,0.1931522
896.975,371.2,142.53,0.1746795
902,371.2,141.75,0.1527626
907.025,371.2,141.35,0.1299861
912.05,371.2,140.97,0.1091375
917.075,371.2,140.79,0.09492005
922.1,371.2,140.59,0.09384397
927.125,371.2,140.5,0.1103202
932.15,371.2,140.5,0.1383112
937.175,371.2,140.18,0.1660481
942.2,371.2,139.63,0.1882059
947.225,371.2,138.34,0.2026627
952.25,371.2,136.37,0.2085216
957.275,371.2,134.15,0.2045798
962.3,371.2,132.83,0.1888993
967.325,371.2,132.47,0.163096
972.35,371.2,132.22,0.1310464
977.375,371.2,131.89,0.09823864
982.4,371.2,131.53,0.07353346
987.425,371.2,131.37,0.06316126
992.45,371.2,131.41,0.05937516
997.475,371.2,131.13,0.05950494
1002.5,371.2,130.83,0.07005554
-2.5,376.25,147.47,0.1008653
2.525,376.25,147.83,0.08678381
7.55,376.25,148.12,0.07470461
12.575,376.25,148.41,0.0651816
17.6,376.25,148.69,0.05655687
22.625,376.25,148.89,0.04892434
27.65,376.25,149.03,0.04222647
32.675,376.25,149.19,0.0362535
37.7,376.25,149.38,0.03091965
42.725,376.25,149.52,0.02627707
47.75,376.25,149.58,0.02219587
52.775,376.25,149.63,0.01848347
57.8,376.25,149.71,0.01534801
62.825,376.25,149.8,0.01273251
67.85,376.25,149.89,0.01055542
72.875,376.25,149.96,0.009377338
77.9,376.25,150.02,0.01125232
82.925,376.25,150.05,0.01675564
87.95,376.25,150.03,0.0245329
92.975,376.25,149.89,0.03316767
98,376.25,149.65,0.04161732
103.025,376.25,149.36,0.04903271
108.05,376.25,149.06,0.05500335
113.075,376.25,148.75,0.05940666
118.1,376.25,148.42,0.0626128
123.125,376.25,148.08,0.06500376
128.15,376.25,147.73,0.06709514
133.175,376.25,147.38,0.06882326
138.2,376.25,147.02,0.0690535
143.225,376.25,146.64,0.06639582
148.25,376.25,146.25,0.06072764
153.275,376.25,145.85,0.05441061
158.3,376.25,145.47,0.04906071
163.325,376.25,145.26,0.0452788
168.35,376.25,145.37,0.04338566
173.375,376.25,145.39,0.04339559
178.4,376.25,145.15,0.04511782
183.425,376.25,144.79,0.04765893
188.45,376.25,144.42,0.04958525
193.475,376.25,144.05,0.0489522
198.5,376.25,143.71,0.04449613
203.525,376.25,143.4,0.0369331
208.55,376.25,143.24,0.03096245
213.575,376.25,143.24,0.03128991
218.6,376.25,143.35,0.03791372
223.625,376.25,143.5,0.04718398
228.65,376.25,143.67,0.05618666
233.675,376.25,143.84,0.06356263
238.7,376.25,144,0.06925858
243.725,376.25,144.16,0.07363413
248.75,376.25,144.26,0.07719968
253.775,376.25,144.34,0.08009945
258.8,376.25,144.43,0.08242661
263.825,376.25,144.51,0.0843076
268.85,376.25,144.58,0.08576144
273.875,376.25,144.67,0.08695565
278.9,376.25,144.8,0.08806327
283.925,376.25,145,0.0886633
288.95,376.25,145.28,0.08824281
293.975,376.25,145.56,0.08647286
299,376.25,145.81,0.0833667
304.025,376.25,146,0.07947255
309.05,376.25,146.08,0.07552611
314.075,376.25,146.03,0.07223553
319.1,376.25,145.87,0.06977574
324.125,376.25,145.68,0.06754822
329.15,376.25,145.47,0.06471492
334.175,376.25,145.26,0.06074016
339.2,376.25,145.08,0.05569378
344.225,376.25,144.91,0.04997676
349.25,376.25,144.77,0.04428266
354.275,376.25,144.7,0.0394518
359.3,376.25,144.67,0.03603287
364.325,376.25,144.69,0.03426247
369.35,376.25,144.81,0.03484228
374.375,376.25,144.82,0.0378919
379.4,376.25,144.67,0.04264392
384.425,376.25,144.47,0.04628325
389.45,376.25,144.26,0.04461455
394.475,376.25,144.03,0.03645989
399.5,376.25,143.72,0.0246818
404.525,376.25,143.4,0.02201839
409.55,376.25,143.11,0.03810432
414.575,376.25,143.26,0.05955292
419.6,376.25,143.97,0.07915564
424.625,376.25,144.69,0.09291363
429.65,376.25,145.5,0.09956993
434.675,376.25,146.24,0.09991338
439.7,376.25,146.91,0.09595642
444.725,376.25,147.42,0.09028573
449.75,376.25,147.55,0.08491667
454.775,376.25,147.63,0.08122842
459.8,376.25,147.86,0.07891883
464.825,376.25,148.11,0.0776765
469.85,376.25,148.29,0.07728911
474.875,376.25,148.52,0.07753274
479.9,376.25,148.82,0.07796823
484.925,376.25,149.17,0.07794327
489.95,376.25,149.52,0.07751307
494.975,376.25,149.86,0.07656487
500,376.25,150.21,0.07461684
505.025,376.25,150.56,0.07155281
510.05,376.25,150.94,0.06810772
515.075,376.25,151.26,0.06473195
520.1,376.25,151.53,0.06179532
525.125,376.25,151.79,0.05974236
530.15,376.25,152.05,0.05858277
535.175,376.25,152.3,0.05799211
540.2,376.25,152.55,0.0575723
545.225,376.25,152.84,0.05702925
550.25,376.25,153.24,0.05628617
555.275,376.25,153.63,0.05562055
560.3,376.25,153.9,0.05507371
565.325,376.25,154.12,0.05449518
570.35,376.25,154.25,0.05385812
575.375,376.25,154.45,0.05303113
580.4,376.25,154.7,0.05194641
585.425,376.25,154.93,0.05034789
590.45,376.25,155.1,0.04792526
595.475,376.25,155.28,0.04520959
600.5,376.25,155.51,0.04251548
605.525,376.25,155.69,0.03998002
610.55,376.25,155.83,0.03801725
615.575,376.25,155.96,0.03668604
620.6,376.25,156.07,0.03601004
625.625,376.25,156.24,0.03564839
630.65,376.25,156.4,0.03520084
635.675,376.25,156.57,0.034378
640.7,376.25,156.73,0.03259038
645.725,376.25,156.86,0.02970416
650.75,376.25,156.95,0.02636684
655.775,376.25,157.02,0.02302075
660.8,376.25,157.09,0.01985011
665.825,376.25,157.15,0.01693983
670.85,376.25,157.21,0.0146754
675.875,376.25,157.25,0.01380012
680.9,376.25,157.29,0.01421966
685.925,376.25,157.28,0.01574825
690.95,376.25,157.14,0.01806101
695.975,376.25,156.96,0.02059324
701,376.25,156.84,0.02306911
706.025,376.25,156.76,0.02544609
711.05,376.25,156.7,0.0274436
716.075,376.25,156.64,0.02842342
721.1,376.25,156.6,0.02834586
726.125,376.25,156.54,0.02775179
731.15,376.25,156.4,0.026844
736.175,376.25,156.28,0.02579005
741.2,376.25,156.22,0.0247411
746.225,376.25,156.21,0.02393627
751.25,376.25,156.22,0.02368252
756.275,376.25,156.24,0.02418448
761.3,376.25,156.21,0.02664487
766.325,376.25,156.12,0.03242054
771.35,376.25,155.88,0.04090969
776.375,376.25,155.65,0.04941772
781.4,376.25,155.48,0.05547718
786.425,376.25,155.13,0.05799467
791.45,376.25,154.34,0.05676264
796.475,376.25,153.75,0.05230397
801.5,376.25,153.63,0.04675236
806.525,376.25,153.63,0.04309145
811.55,376.25,153.7,0.04334159
816.575,376.25,153.76,0.0484454
821.6,376.25,153.77,0.05788478
826.625,376.25,153.62,0.0703402
831.65,376.25,153.07,0.08303327
836.675,376.25,152.52,0.09442657
841.7,376.25,152.12,0.1046423
846.725,376.25,151.79,0.1141087
851.75,376.25,151.51,0.1234706
856.775,376.25,151.17,0.1328492
861.8,376.25,150.68,0.1450277
866.825,376.25,150.01,0.1627885
871.85,376.25,149.13,0.1833114
876.875,376.25,148.17,0.1994101
881.9,376.25,147.16,0.2069369
886.925,376.25,145.88,0.2048436
891.95,376.25,144.11,0.1939147
896.975,376.25,142.76,0.1762374
902,376.25,142.08,0.1542623
907.025,376.25,141.67,0.1308634
912.05,376.25,141.2,0.1090756
917.075,376.25,140.87,0.09356307
922.1,376.25,140.68,0.0898577
927.125,376.25,140.56,0.102042
932.15,376.25,140.68,0.1272338
937.175,376.25,140.51,0.1549222
942.2,376.25,139.87,0.1786252
947.225,376.25,138.64,0.1968558
952.25,376.25,136.53,0.2081355
957.275,376.25,134.63,0.2109348
962.3,376.25,133.43,0.2017025
967.325,376.25,132.86,0.1801048
972.35,376.25,132.47,0.1500901
977.375,376.25,132.06,0.1170389
982.4,376.25,131.54,0.08757138
987.425,376.25,131.19,0.06746349
992.45,376.25,131.26,0.04985268
997.475,376.25,131.31,0.03633265
1002.5,376.25,131.09,0.03515592
-2.5,381.3,147.32,0.1161325
2.525,381.3,147.74,0.09964353
7.55,381.3,148.1,0.08522515
12.575,381.3,148.4,0.07355751
17.6,381.3,148.65,0.06295019
22.625,381.3,148.86,0.05356069
27.65,381.3,149.04,0.04560339
32.675,381.3,149.2,0.03872871
37.7,381.3,149.36,0.03270354
42.725,381.3,149.5,0.02755606
47.75,381.3,149.58,0.02311216
52.775,381.3,149.63,0.01909747
57.8,381.3,149.7,0.01552342
62.825,381.3,149.79,0.01232884
67.85,381.3,149.88,0.00911477
72.875,381.3,149.98,0.005937431
77.9,381.3,150.05,0.006770746
82.925,381.3,150.1,0.01344193
87.95,381.3,150.09,0.02228941
92.975,381.3,149.96,0.03185998
98,381.3,149.71,0.04122559
103.025,381.3,149.42,0.0496576
108.05,381.3,149.11,0.05643413
113.075,381.3,148.78,0.06124915
118.1,381.3,148.45,0.06433376
123.125,381.3,148.11,0.0663228
128.15,381.3,147.75,0.06789003
133.175,381.3,147.37,0.0691694
138.2,381.3,146.99,0.06900836
143.225,381.3,146.61,0.06605501
148.25,381.3,146.22,0.0604018
153.275,381.3,145.84,0.05391111
158.3,381.3,145.48,0.04836983
163.325,381.3,145.24,0.04444086
168.35,381.3,145.32,0.04239743
173.375,381.3,145.4,0.04228707
178.4,381.3,145.16,0.0438228
183.425,381.3,144.81,0.04607594
188.45,381.3,144.45,0.04755762
193.475,381.3,144.09,0.04640842
198.5,381.3,143.76,0.04158464
203.525,381.3,143.47,0.03459764
208.55,381.3,143.34,0.03051505
213.575,381.3,143.37,0.03374883
218.6,381.3,143.53,0.04239363
223.625,381.3,143.72,0.05250633
228.65,381.3,143.93,0.06155449
233.675,381.3,144.14,0.06848914
238.7,381.3,144.35,0.07349525
243.725,381.3,144.54,0.07712319
248.75,381.3,144.67,0.07982091
253.775,381.3,144.75,0.08200033
258.8,381.3,144.83,0.0837071
263.825,381.3,144.92,0.08502862
268.85,381.3,145,0.08599883
273.875,381.3,145.1,0.08666455
278.9,381.3,145.25,0.08709765
283.925,381.3,145.45,0.08696369
288.95,381.3,145.71,0.08569713
293.975,381.3,145.98,0.08325354
299,381.3,146.21,0.07968969
304.025,381.3,146.4,0.07566727
309.05,381.3,146.47,0.07216942
314.075,381.3,146.39,0.06986449
319.1,381.3,146.22,0.06877704
324.125,381.3,146.01,0.06812973
329.15,381.3,145.78,0.06682283
334.175,381.3,145.55,0.06419116
339.2,381.3,145.35,0.06006379
344.225,381.3,145.16,0.05481247
349.25,381.3,144.98,0.04922607
354.275,381.3,144.86,0.04413981
359.3,381.3,144.82,0.04008151
364.325,381.3,144.82,0.03739623
369.35,381.3,144.91,0.03664661
374.375,381.3,144.95,0.03843699
379.4,381.3,144.8,0.04256581
384.425,381.3,144.59,0.04678345
389.45,381.3,144.39,0.04670299
394.475,381.3,144.18,0.03961094
399.5,381.3,143.94,0.02768487
404.525,381.3,143.64,0.02258477
409.55,381.3,143.32,0.03726584
414.575,381.3,143.35,0.05925297
419.6,381.3,143.89,0.07996047
424.625,381.3,144.62,0.09512567
429.65,381.3,145.45,0.1032302
434.675,381.3,146.28,0.1045152
439.7,381.3,147.04,0.1003827
444.725,381.3,147.65,0.09340873
449.75,381.3,147.89,0.0861735
454.775,381.3,147.96,0.08037495
459.8,381.3,148.15,0.07654994
464.825,381.3,148.39,0.07440945
469.85,381.3,148.58,0.07366298
474.875,381.3,148.79,0.07380896
479.9,381.3,149.08,0.07427184
484.925,381.3,149.4,0.07449554
489.95,381.3,149.72,0.07432084
494.975,381.3,150.04,0.0735669
500,381.3,150.36,0.0719244
505.025,381.3,150.7,0.0693816
510.05,381.3,151.05,0.06635844
515.075,381.3,151.37,0.063401
520.1,381.3,151.64,0.06076728
525.125,381.3,151.89,0.05882878
530.15,381.3,152.15,0.05760725
535.175,381.3,152.4,0.05689355
540.2,381.3,152.65,0.05632105
545.225,381.3,152.93,0.05563399
550.25,381.3,153.33,0.05474382
555.275,381.3,153.75,0.0539012
560.3,381.3,154.06,0.05313952
565.325,381.3,154.31,0.05228852
570.35,381.3,154.47,0.05123319
575.375,381.3,154.63,0.05004106
580.4,381.3,154.85,0.04873354
585.425,381.3,155.07,0.04717696
590.45,381.3,155.24,0.04507472
595.475,381.3,155.39,0.04256742
600.5,381.3,155.56,0.04003256
605.525,381.3,155.72,0.03768896
610.55,381.3,155.87,0.03594653
615.575,381.3,156.03,0.03479232
620.6,381.3,156.22,0.03421604
625.625,381.3,156.4,0.03389569
630.65,381.3,156.55,0.03328214
635.675,381.3,156.69,0.03196718
640.7,381.3,156.81,0.02975148
645.725,381.3,156.92,0.02663812
650.75,381.3,157,0.02325013
655.775,381.3,157.07,0.01995978
660.8,381.3,157.13,0.01687762
665.825,381.3,157.19,0.01418808
670.85,381.3,157.23,0.01201811
675.875,381.3,157.27,0.01100059
680.9,381.3,157.31,0.01151037
685.925,381.3,157.31,0.01335777
690.95,381.3,157.21,0.0161138
695.975,381.3,157.06,0.01925653
701,381.3,156.94,0.02245647
706.025,381.3,156.85,0.02570906
711.05,381.3,156.78,0.02865223
716.075,381.3,156.74,0.03053384
721.1,381.3,156.71,0.03111695
726.125,381.3,156.66,0.03068959
731.15,381.3,156.52,0.02963617
736.175,381.3,156.38,0.02828199
741.2,381.3,156.34,0.02687542
746.225,381.3,156.33,0.0257626
751.25,381.3,156.34,0.02515399
756.275,381.3,156.34,0.02531752
761.3,381.3,156.32,0.0276327
766.325,381.3,156.24,0.03373954
771.35,381.3,156.03,0.04280011
776.375,381.3,155.77,0.05170889
781.4,381.3,155.59,0.05780338
786.425,381.3,155.26,0.05995197
791.45,381.3,154.47,0.05812773
796.475,381.3,153.74,0.05289966
801.5,381.3,153.57,0.04645034
806.525,381.3,153.62,0.04162016
811.55,381.3,153.74,0.04041968
816.575,381.3,153.87,0.04431806
821.6,381.3,153.97,0.05314778
826.625,381.3,153.92,0.06510074
831.65,381.3,153.48,0.07785124
836.675,381.3,152.89,0.08958228
841.7,381.3,152.5,0.1002217
846.725,381.3,152.19,0.1100894
851.75,381.3,151.92,0.1196663
856.775,381.3,151.57,0.1295625
861.8,381.3,151.01,0.1422758
866.825,381.3,150.29,0.1600002
871.85,381.3,149.38,0.1798026
876.875,381.3,148.37,0.1954523
881.9,381.3,147.36,0.2029811
886.925,381.3,146.14,0.2013788
891.95,381.3,144.49,0.1913616
896.975,381.3,143.06,0.1748013
902,381.3,142.4,0.1539441
907.025,381.3,141.97,0.1310595
912.05,381.3,141.49,0.1094031
917.075,381.3,141.08,0.09344673
922.1,381.3,140.83,0.08828531
927.125,381.3,140.66,0.09693297
932.15,381.3,140.7,0.1173592
937.175,381.3,140.58,0.1424371
942.2,381.3,139.93,0.1662717
947.225,381.3,138.82,0.1871662
952.25,381.3,137,0.2032977
957.275,381.3,135.22,0.2120804
962.3,381.3,134.18,0.2095236
967.325,381.3,133.44,0.1934507
972.35,381.3,132.79,0.1676989
977.375,381.3,132.2,0.1373424
982.4,381.3,131.59,0.1068703
987.425,381.3,131.14,0.0792653
992.45,381.3,131.15,0.04773037
997.475,381.3,131.3,0.020652
1002.5,381.3,131.2,0.01199694
-2.5,386.35,147.11,0.1364496
2.525,386.35,147.55,0.1165003
7.55,386.35,147.94,0.09889473
12.575,386.35,148.3,0.08474564
17.6,386.35,148.59,0.0718278
22.625,386.35,148.81,0.06062391
27.65,386.35,149.02,0.05110276
32.675,386.35,149.19,0.04300298
37.7,386.35,149.37,0.03612417
42.725,386.35,149.51,0.0302627
47.75,386.35,149.61,0.02517571
52.775,386.35,149.66,0.02071141
57.8,386.35,149.72,0.01677545
62.825,386.35,149.79,0.0132048
67.85,386.35,149.89,0.00933559
72.875,386.35,150,0.004428574
77.9,386.35,150.07,0.003121527
82.925,386.35,150.12,0.01132768
87.95,386.35,150.11,0.02092671
92.975,386.35,149.99,0.03098981
98,386.35,149.74,0.04085439
103.025,386.35,149.43,0.04978966
108.05,386.35,149.1,0.05713811
113.075,386.35,148.78,0.06237821
118.1,386.35,148.45,0.0654847
123.125,386.35,148.1,0.06727172
128.15,386.35,147.73,0.06845582
133.175,386.35,147.35,0.06930059
138.2,386.35,146.97,0.06881599
143.225,386.35,146.6,0.06549985
148.25,386.35,146.23,0.05976954
153.275,386.35,145.86,0.0532076
158.3,386.35,145.51,0.0475333
163.325,386.35,145.25,0.04351368
168.35,386.35,145.25,0.04141573
173.375,386.35,145.37,0.0411984
178.4,386.35,145.17,0.04260523
183.425,386.35,144.84,0.04452543
188.45,386.35,144.5,0.0455293
193.475,386.35,144.16,0.04402914
198.5,386.35,143.85,0.03910563
203.525,386.35,143.59,0.03314934
208.55,386.35,143.49,0.03158331
213.575,386.35,143.56,0.03734564
218.6,386.35,143.75,0.0474006
223.625,386.35,143.96,0.05794423
228.65,386.35,144.21,0.06684806
233.675,386.35,144.46,0.07315852
238.7,386.35,144.71,0.077363
243.725,386.35,144.94,0.08013737
248.75,386.35,145.1,0.08189823
253.775,386.35,145.18,0.08314348
258.8,386.35,145.26,0.08412174
263.825,386.35,145.36,0.08480711
268.85,386.35,145.47,0.08528853
273.875,386.35,145.57,0.08548012
278.9,386.35,145.71,0.08534963
283.925,386.35,145.89,0.08459628
288.95,386.35,146.12,0.08266997
293.975,386.35,146.37,0.07962647
299,386.35,146.58,0.07579763
304.025,386.35,146.74,0.07184153
309.05,386.35,146.79,0.06893944
314.075,386.35,146.71,0.06772824
319.1,386.35,146.54,0.06794869
324.125,386.35,146.33,0.06875567
329.15,386.35,146.1,0.06886421
334.175,386.35,145.85,0.06741471
339.2,386.35,145.64,0.06426346
344.225,386.35,145.42,0.0596053
349.25,386.35,145.21,0.0543154
354.275,386.35,145.05,0.0492262
359.3,386.35,144.98,0.04480901
364.325,386.35,144.98,0.04132213
369.35,386.35,145.03,0.03934293
374.375,386.35,145.08,0.03963302
379.4,386.35,144.93,0.04259564
384.425,386.35,144.71,0.04683106
389.45,386.35,144.51,0.04784864
394.475,386.35,144.32,0.04207003
399.5,386.35,144.1,0.03089322
404.525,386.35,143.83,0.02481079
409.55,386.35,143.53,0.03746058
414.575,386.35,143.46,0.05920466
419.6,386.35,143.94,0.0806302
424.625,386.35,144.64,0.0970338
429.65,386.35,145.46,0.1065373
434.675,386.35,146.34,0.1090028
439.7,386.35,147.14,0.1051858
444.725,386.35,147.83,0.09740583
449.75,386.35,148.15,0.08876066
454.775,386.35,148.24,0.0811559
459.8,386.35,148.42,0.0756214
464.825,386.35,148.67,0.07234543
469.85,386.35,148.87,0.07105554
474.875,386.35,149.06,0.07102935
479.9,386.35,149.33,0.07147079
484.925,386.35,149.62,0.07184432
489.95,386.35,149.91,0.07181639
494.975,386.35,150.2,0.0711505
500,386.35,150.5,0.06963588
505.025,386.35,150.83,0.06738912
510.05,386.35,151.17,0.06472993
515.075,386.35,151.49,0.0620008
520.1,386.35,151.75,0.05951724
525.125,386.35,152,0.0576786
530.15,386.35,152.24,0.0564143
535.175,386.35,152.5,0.05553294
540.2,386.35,152.74,0.05488023
545.225,386.35,152.99,0.05412653
550.25,386.35,153.35,0.05322652
555.275,386.35,153.78,0.05232092
560.3,386.35,154.11,0.05142589
565.325,386.35,154.36,0.05032895
570.35,386.35,154.52,0.04905948
575.375,386.35,154.68,0.04766773
580.4,386.35,154.91,0.04622767
585.425,386.35,155.14,0.04485076
590.45,386.35,155.3,0.04318932
595.475,386.35,155.45,0.04115068
600.5,386.35,155.61,0.03895586
605.525,386.35,155.77,0.03675326
610.55,386.35,155.92,0.03500848
615.575,386.35,156.11,0.03391975
620.6,386.35,156.31,0.03327239
625.625,386.35,156.47,0.03271724
630.65,386.35,156.6,0.03176983
635.675,386.35,156.73,0.03000426
640.7,386.35,156.85,0.02738243
645.725,386.35,156.96,0.02414632
650.75,386.35,157.04,0.02085158
655.775,386.35,157.1,0.01790369
660.8,386.35,157.15,0.01509025
665.825,386.35,157.21,0.01261622
670.85,386.35,157.25,0.01065098
675.875,386.35,157.29,0.009430004
680.9,386.35,157.33,0.009537878
685.925,386.35,157.39,0.01106297
690.95,386.35,157.36,0.01378736
695.975,386.35,157.23,0.01710531
701,386.35,157.12,0.02067177
706.025,386.35,157.02,0.02443777
711.05,386.35,156.96,0.02827019
716.075,386.35,156.91,0.03126975
721.1,386.35,156.86,0.03277565
726.125,386.35,156.8,0.03287916
731.15,386.35,156.68,0.03187465
736.175,386.35,156.53,0.03031344
741.2,386.35,156.46,0.02859305
746.225,386.35,156.43,0.0271218
751.25,386.35,156.41,0.02617162
756.275,386.35,156.41,0.0260688
761.3,386.35,156.38,0.02812927
766.325,386.35,156.34,0.03460145
771.35,386.35,156.17,0.04422032
776.375,386.35,155.92,0.05332985
781.4,386.35,155.74,0.05941133
786.425,386.35,155.37,0.06132842
791.45,386.35,154.65,0.05927036
796.475,386.35,153.83,0.05395869
801.5,386.35,153.61,0.04728189
806.525,386.35,153.69,0.04219598
811.55,386.35,153.85,0.03992759
816.575,386.35,154.04,0.04198499
821.6,386.35,154.17,0.04905607
826.625,386.35,154.21,0.05976333
831.65,386.35,153.88,0.07225787
836.675,386.35,153.28,0.08464554
841.7,386.35,152.84,0.09649766
846.725,386.35,152.42,0.1078224
851.75,386.35,152.07,0.1186063
856.775,386.35,151.75,0.129408
861.8,386.35,151.2,0.1426771
866.825,386.35,150.47,0.1600654
871.85,386.35,149.52,0.1782643
876.875,386.35,148.48,0.1918751
881.9,386.35,147.46,0.1978103
886.925,386.35,146.33,0.1957215
891.95,386.35,144.87,0.1861082
896.975,386.35,143.44,0.1707179
902,386.35,142.74,0.1514067
907.025,386.35,142.3,0.1300516
912.05,386.35,141.83,0.1095911
917.075,386.35,141.34,0.09410554
922.1,386.35,141.01,0.08822584
927.125,386.35,140.72,0.09417425
932.15,386.35,140.66,0.1096961
937.175,386.35,140.58,0.1306413
942.2,386.35,139.99,0.1527377
947.225,386.35,139.15,0.1743963
952.25,386.35,137.76,0.1941665
957.275,386.35,136.07,0.2081972
962.3,386.35,135.03,0.2120222
967.325,386.35,133.97,0.2023032
972.35,386.35,133.07,0.1821061
977.375,386.35,132.26,0.1570987
982.4,386.35,131.5,0.1295505
987.425,386.35,131.07,0.09946198
992.45,386.35,131.02,0.05848417
997.475,386.35,131.25,0.02202411
1002.5,386.35,131.22,0.01013449
-2.5,391.4,146.76,0.1593344
2.525,391.4,147.28,0.1366053
7.55,391.4,147.73,0.1161306
12.575,391.4,148.13,0.09933394
17.6,391.4,148.48,0.0840443
22.625,391.4,148.74,0.0708009
27.65,391.4,148.98,0.0593635
32.675,391.4,149.2,0.04969183
37.7,391.4,149.4,0.04151596
42.725,391.4,149.54,0.03470551
47.75,391.4,149.64,0.02880049
52.775,391.4,149.72,0.02362316
57.8,391.4,149.79,0.01917193
62.825,391.4,149.84,0.01522801
67.85,391.4,149.88,0.01103793
72.875,391.4,149.98,0.00581995
77.9,391.4,150.05,0.002926022
82.925,391.4,150.12,0.01077768
87.95,391.4,150.13,0.02041631
92.975,391.4,149.99,0.03053517
98,391.4,149.74,0.04041637
103.025,391.4,149.41,0.04951679
108.05,391.4,149.06,0.05712642
113.075,391.4,148.72,0.06270523
118.1,391.4,148.4,0.06599601
123.125,391.4,148.06,0.06763642
128.15,391.4,147.7,0.0686018
133.175,391.4,147.32,0.06904982
138.2,391.4,146.95,0.06835878
143.225,391.4,146.6,0.06487837
148.25,391.4,146.26,0.0588909
153.275,391.4,145.91,0.05235581
158.3,391.4,145.57,0.04658331
163.325,391.4,145.35,0.04252375
168.35,391.4,145.29,0.04039954
173.375,391.4,145.31,0.04015558
178.4,391.4,145.17,0.04149884
183.425,391.4,144.87,0.04322948
188.45,391.4,144.58,0.04376717
193.475,391.4,144.27,0.04196295
198.5,391.4,143.98,0.0373377
203.525,391.4,143.74,0.03276395
208.55,391.4,143.67,0.03380355
213.575,391.4,143.79,0.04158526
218.6,391.4,144.02,0.05251725
223.625,391.4,144.25,0.06323201
228.65,391.4,144.5,0.07172589
233.675,391.4,144.78,0.07729496
238.7,391.4,145.06,0.08050861
243.725,391.4,145.32,0.08225708
248.75,391.4,145.54,0.08310375
253.775,391.4,145.66,0.08346648
258.8,391.4,145.75,0.08367168
263.825,391.4,145.84,0.08371127
268.85,391.4,145.94,0.08364972
273.875,391.4,146.06,0.08341516
278.9,391.4,146.18,0.08278722
283.925,391.4,146.33,0.0814779
288.95,391.4,146.51,0.07909696
293.975,391.4,146.71,0.0757251
299,391.4,146.9,0.07181545
304.025,391.4,147.04,0.06814381
309.05,391.4,147.07,0.06589228
314.075,391.4,146.98,0.06568281
319.1,391.4,146.81,0.06708112
324.125,391.4,146.62,0.06912731
329.15,391.4,146.41,0.07063639
334.175,391.4,146.18,0.07037704
339.2,391.4,145.96,0.0682085
344.225,391.4,145.72,0.06433092
349.25,391.4,145.44,0.05943046
354.275,391.4,145.27,0.05454555
359.3,391.4,145.17,0.05006333
364.325,391.4,145.18,0.04612878
369.35,391.4,145.22,0.04315688
374.375,391.4,145.2,0.04207909
379.4,391.4,145.06,0.04349348
384.425,391.4,144.83,0.04667426
389.45,391.4,144.6,0.04812285
394.475,391.4,144.4,0.04350126
399.5,391.4,144.18,0.03359551
404.525,391.4,143.9,0.02781403
409.55,391.4,143.72,0.03891982
414.575,391.4,143.72,0.05991493
419.6,391.4,144.12,0.08177198
424.625,391.4,144.77,0.09909257
429.65,391.4,145.46,0.1095041
434.675,391.4,146.28,0.1127138
439.7,391.4,147.09,0.1092373
444.725,391.4,147.8,0.1010388
449.75,391.4,148.32,0.09149727
454.775,391.4,148.49,0.08269709
459.8,391.4,148.66,0.07588726
464.825,391.4,148.91,0.07156117
469.85,391.4,149.16,0.0695571
474.875,391.4,149.36,0.06921911
479.9,391.4,149.6,0.06949242
484.925,391.4,149.86,0.06990914
489.95,391.4,150.1,0.06997352
494.975,391.4,150.37,0.06935034
500,391.4,150.64,0.06781772
505.025,391.4,150.97,0.06567226
510.05,391.4,151.3,0.06319946
515.075,391.4,151.6,0.06065784
520.1,391.4,151.85,0.05816924
525.125,391.4,152.09,0.05614778
530.15,391.4,152.33,0.05477479
535.175,391.4,152.57,0.05378327
540.2,391.4,152.82,0.05315797
545.225,391.4,153.07,0.05248608
550.25,391.4,153.32,0.05166085
555.275,391.4,153.66,0.05085028
560.3,391.4,153.99,0.05001393
565.325,391.4,154.25,0.04891916
570.35,391.4,154.45,0.0475349
575.375,391.4,154.6,0.04609995
580.4,391.4,154.83,0.04477012
585.425,391.4,155.1,0.04353781
590.45,391.4,155.3,0.04229122
595.475,391.4,155.43,0.04082433
600.5,391.4,155.59,0.03900949
605.525,391.4,155.76,0.03694547
610.55,391.4,155.92,0.03510289
615.575,391.4,156.1,0.0338346
620.6,391.4,156.31,0.03297487
625.625,391.4,156.49,0.03214212
630.65,391.4,156.59,0.03081783
635.675,391.4,156.7,0.0286779
640.7,391.4,156.83,0.02580264
645.725,391.4,156.97,0.02252274
650.75,391.4,157.05,0.01937929
655.775,391.4,157.09,0.01661332
660.8,391.4,157.13,0.01412054
665.825,391.4,157.19,0.0118929
670.85,391.4,157.25,0.01002322
675.875,391.4,157.29,0.008726333
680.9,391.4,157.33,0.008353186
685.925,391.4,157.41,0.009188878
690.95,391.4,157.54,0.0113124
695.975,391.4,157.51,0.01437785
701,391.4,157.42,0.01796461
706.025,391.4,157.31,0.02192651
711.05,391.4,157.21,0.02609391
716.075,391.4,157.16,0.02996479
721.1,391.4,157.09,0.03263985
726.125,391.4,156.98,0.03377119
731.15,391.4,156.83,0.03343006
736.175,391.4,156.7,0.03194154
741.2,391.4,156.6,0.02995404
746.225,391.4,156.53,0.02808068
751.25,391.4,156.46,0.02680118
756.275,391.4,156.42,0.02648369
761.3,391.4,156.38,0.02829194
766.325,391.4,156.35,0.03458377
771.35,391.4,156.31,0.0447554
776.375,391.4,156.12,0.05408327
781.4,391.4,155.95,0.06020271
786.425,391.4,155.47,0.06216873
791.45,391.4,154.68,0.06015328
796.475,391.4,154.02,0.05526039
801.5,391.4,153.74,0.04891387
806.525,391.4,153.84,0.04375988
811.55,391.4,154,0.04116744
816.575,391.4,154.2,0.04115409
821.6,391.4,154.35,0.0456675
826.625,391.4,154.38,0.05505283
831.65,391.4,154.2,0.06731505
836.675,391.4,153.68,0.0806706
841.7,391.4,153.14,0.09401509
846.725,391.4,152.64,0.1072144
851.75,391.4,152.06,0.1198598
856.775,391.4,151.59,0.1321311
861.8,391.4,151.05,0.1457491
866.825,391.4,150.34,0.1623145
871.85,391.4,149.47,0.1785024
876.875,391.4,148.44,0.1892668
881.9,391.4,147.44,0.1925131
886.925,391.4,146.29,0.1885776
891.95,391.4,145.1,0.1786925
896.975,391.4,143.92,0.164019
902,391.4,143.17,0.1465561
907.025,391.4,142.68,0.1275079
912.05,391.4,142.18,0.1092003
917.075,391.4,141.68,0.09511905
922.1,391.4,141.23,0.08875329
927.125,391.4,140.87,0.09238189
932.15,391.4,140.6,0.1035078
937.175,391.4,140.45,0.1194267
942.2,391.4,140.02,0.1388884
947.225,391.4,139.31,0.1599589
952.25,391.4,138.58,0.1813964
957.275,391.4,137.34,0.1996057
962.3,391.4,136.27,0.2091094
967.325,391.4,135,0.2064845
972.35,391.4,133.33,0.1930225
977.375,391.4,132.26,0.1741546
982.4,391.4,131.29,0.1520659
987.425,391.4,130.87,0.1233793
992.45,391.4,130.98,0.07933952
997.475,391.4,131.06,0.03739099
1002.5,391.4,131.09,0.04032027
-2.5,396.45,146.24,0.1826379
2.525,396.45,146.85,0.1584464
7.55,396.45,147.4,0.135633
12.575,396.45,147.87,0.1164811
17.6,396.45,148.26,0.09941387
22.625,396.45,148.59,0.08426839
27.65,396.45,148.86,0.07080189
32.675,396.45,149.12,0.0592659
37.7,396.45,149.37,0.04960425
42.725,396.45,149.55,0.04146345
47.75,396.45,149.64,0.03456106
52.775,396.45,149.73,0.02844328
57.8,396.45,149.82,0.0232274
62.825,396.45,149.88,0.01873201
67.85,396.45,149.91,0.01428136
72.875,396.45,149.94,0.009340928
77.9,396.45,150,0.00650004
82.925,396.45,150.05,0.01166536
87.95,396.45,150.09,0.02053598
92.975,396.45,149.97,0.03023787
98,396.45,149.7,0.03993279
103.025,396.45,149.37,0.04884877
108.05,396.45,149.02,0.05646027
113.075,396.45,148.67,0.06214752
118.1,396.45,148.34,0.06565226
123.125,396.45,148.02,0.0673561
128.15,396.45,147.66,0.06817815
133.175,396.45,147.3,0.06846537
138.2,396.45,146.95,0.06750235
143.225,396.45,146.61,0.06412446
148.25,396.45,146.28,0.05808618
153.275,396.45,145.96,0.05143713
158.3,396.45,145.64,0.04572847
163.325,396.45,145.41,0.04164061
168.35,396.45,145.41,0.03948177
173.375,396.45,145.37,0.03917215
178.4,396.45,145.18,0.04042179
183.425,396.45,144.91,0.04200393
188.45,396.45,144.64,0.04238183
193.475,396.45,144.38,0.04032601
198.5,396.45,144.12,0.03625281
203.525,396.45,143.91,0.03339298
208.55,396.45,143.86,0.03670775
213.575,396.45,144.01,0.04592908
218.6,396.45,144.28,0.05736219
223.625,396.45,144.56,0.06794426
228.65,396.45,144.82,0.07586427
233.675,396.45,145.11,0.08052814
238.7,396.45,145.41,0.08261664
243.725,396.45,145.7,0.08325202
248.75,396.45,145.94,0.08314282
253.775,396.45,146.11,0.08269665
258.8,396.45,146.22,0.08225264
263.825,396.45,146.32,0.0817761
268.85,396.45,146.39,0.08119911
273.875,396.45,146.49,0.08047937
278.9,396.45,146.61,0.07945618
283.925,396.45,146.74,0.07776108
288.95,396.45,146.89,0.07513412
293.975,396.45,147.05,0.07168037
299,396.45,147.2,0.06793313
304.025,396.45,147.32,0.06474108
309.05,396.45,147.34,0.06316736
314.075,396.45,147.24,0.06373245
319.1,396.45,147.07,0.06599152
324.125,396.45,146.89,0.06904712
329.15,396.45,146.7,0.07172476
334.175,396.45,146.51,0.07276814
339.2,396.45,146.32,0.07164997
344.225,396.45,146.09,0.0687033
349.25,396.45,145.76,0.06440513
354.275,396.45,145.51,0.05974459
359.3,396.45,145.4,0.05536421
364.325,396.45,145.36,0.05127675
369.35,396.45,145.43,0.04784785
374.375,396.45,145.39,0.04577709
379.4,396.45,145.19,0.04586901
384.425,396.45,144.95,0.04740607
389.45,396.45,144.71,0.04772532
394.475,396.45,144.47,0.04345476
399.5,396.45,144.24,0.03478658
404.525,396.45,143.97,0.03046749
409.55,396.45,143.8,0.04118612
414.575,396.45,143.94,0.06139543
419.6,396.45,144.38,0.08317049
424.625,396.45,145,0.1012509
429.65,396.45,145.63,0.1121815
434.675,396.45,146.3,0.1155372
439.7,396.45,147.04,0.1120279
444.725,396.45,147.73,0.103651
449.75,396.45,148.3,0.0936378
454.775,396.45,148.67,0.0842146
459.8,396.45,148.88,0.07661604
464.825,396.45,149.14,0.0715724
469.85,396.45,149.38,0.06893398
474.875,396.45,149.63,0.06813143
479.9,396.45,149.86,0.06826902
484.925,396.45,150.11,0.06852151
489.95,396.45,150.33,0.06859111
494.975,396.45,150.56,0.06793825
500,396.45,150.81,0.06644105
505.025,396.45,151.1,0.06426193
510.05,396.45,151.44,0.06180901
515.075,396.45,151.74,0.05927271
520.1,396.45,151.97,0.05677478
525.125,396.45,152.19,0.05454798
530.15,396.45,152.43,0.05283528
535.175,396.45,152.66,0.05170559
540.2,396.45,152.89,0.05104676
545.225,396.45,153.13,0.05059879
550.25,396.45,153.37,0.05001165
555.275,396.45,153.6,0.04935253
560.3,396.45,153.84,0.04874709
565.325,396.45,154.06,0.04796004
570.35,396.45,154.3,0.04683357
575.375,396.45,154.51,0.04549502
580.4,396.45,154.74,0.04434235
585.425,396.45,155,0.04333507
590.45,396.45,155.26,0.04233864
595.475,396.45,155.43,0.04127897
600.5,396.45,155.58,0.03980347
605.525,396.45,155.74,0.03786533
610.55,396.45,155.93,0.0359133
615.575,396.45,156.11,0.03439647
620.6,396.45,156.31,0.0332089
625.625,396.45,156.49,0.03204257
630.65,396.45,156.59,0.03043263
635.675,396.45,156.68,0.02804247
640.7,396.45,156.81,0.02506493
645.725,396.45,156.95,0.02189395
650.75,396.45,157.06,0.01891182
655.775,396.45,157.11,0.01620192
660.8,396.45,157.13,0.01366173
665.825,396.45,157.17,0.01141125
670.85,396.45,157.23,0.009572978
675.875,396.45,157.28,0.00823891
680.9,396.45,157.33,0.007579822
685.925,396.45,157.4,0.007854127
690.95,396.45,157.57,0.0091845
695.975,396.45,157.7,0.01160318
701,396.45,157.68,0.01473755
706.025,396.45,157.62,0.01843246
711.05,396.45,157.5,0.02266149
716.075,396.45,157.4,0.02687881
721.1,396.45,157.32,0.03045385
726.125,396.45,157.2,0.03278277
731.15,396.45,157,0.03355557
736.175,396.45,156.84,0.03286065
741.2,396.45,156.73,0.03108257
746.225,396.45,156.65,0.02889542
751.25,396.45,156.55,0.02710966
756.275,396.45,156.45,0.02641547
761.3,396.45,156.39,0.02812896
766.325,396.45,156.34,0.03402283
771.35,396.45,156.32,0.04386963
776.375,396.45,156.27,0.05350106
781.4,396.45,156.15,0.0598054
786.425,396.45,155.78,0.06220409
791.45,396.45,154.83,0.06083084
796.475,396.45,154.12,0.05657969
801.5,396.45,153.96,0.05078034
806.525,396.45,154.05,0.0452821
811.55,396.45,154.2,0.04185575
816.575,396.45,154.37,0.04068534
821.6,396.45,154.5,0.04293795
826.625,396.45,154.53,0.05130183
831.65,396.45,154.34,0.06406248
836.675,396.45,153.93,0.07874351
841.7,396.45,153.36,0.09381058
846.725,396.45,152.77,0.108739
851.75,396.45,152.13,0.1232482
856.775,396.45,151.44,0.1371486
861.8,396.45,150.78,0.1514529
866.825,396.45,150.01,0.1665495
871.85,396.45,149.19,0.1801736
876.875,396.45,148.26,0.1877856
881.9,396.45,147.3,0.1879925
886.925,396.45,146.23,0.1814382
891.95,396.45,145.05,0.1700235
896.975,396.45,144.15,0.1553653
902,396.45,143.54,0.1392777
907.025,396.45,143.07,0.1231153
912.05,396.45,142.51,0.1078155
917.075,396.45,141.97,0.09611348
922.1,396.45,141.46,0.09016688
927.125,396.45,141,0.09135565
932.15,396.45,140.64,0.09848556
937.175,396.45,140.33,0.1092785
942.2,396.45,139.97,0.1243506
947.225,396.45,139.42,0.1436556
952.25,396.45,138.87,0.165161
957.275,396.45,138.27,0.1861031
962.3,396.45,137.44,0.2008582
967.325,396.45,136.35,0.2052516
972.35,396.45,134.36,0.1996123
977.375,396.45,132.54,0.1877377
982.4,396.45,131.36,0.172028
987.425,396.45,130.61,0.1475045
992.45,396.45,130.83,0.1049333
997.475,396.45,131.05,0.05991444
1002.5,396.45,130.94,0.06966303
-2.5,401.5,145.61,0.2042459
2.525,401.5,146.28,0.1802494
7.55,401.5,146.95,0.1560027
12.575,401.5,147.52,0.1351093
17.6,401.5,147.96,0.116811
22.625,401.5,148.33,0.1002405
27.65,401.5,148.66,0.08499198
32.675,401.5,148.96,0.07175483
37.7,401.5,149.22,0.06061403
42.725,401.5,149.44,0.05114628
47.75,401.5,149.58,0.04292796
52.775,401.5,149.68,0.03574451
57.8,401.5,149.77,0.02953128
62.825,401.5,149.84,0.02420736
67.85,401.5,149.88,0.01918915
72.875,401.5,149.91,0.01417438
77.9,401.5,149.94,0.01088629
82.925,401.5,149.98,0.01351514
87.95,401.5,150.01,0.02093362
92.975,401.5,149.93,0.02986908
98,401.5,149.66,0.0390543
103.025,401.5,149.33,0.04774804
108.05,401.5,148.99,0.05520128
113.075,401.5,148.65,0.06087811
118.1,401.5,148.33,0.06445411
123.125,401.5,148.01,0.06631334
128.15,401.5,147.66,0.06718543
133.175,401.5,147.3,0.0674725
138.2,401.5,146.96,0.06651017
143.225,401.5,146.64,0.0631807
148.25,401.5,146.32,0.05738391
153.275,401.5,146.01,0.05075292
158.3,401.5,145.7,0.04506632
163.325,401.5,145.46,0.04098211
168.35,401.5,145.44,0.03877637
173.375,401.5,145.43,0.03838753
178.4,401.5,145.23,0.03946919
183.425,401.5,144.97,0.04084932
188.45,401.5,144.73,0.04108884
193.475,401.5,144.5,0.03910205
198.5,401.5,144.27,0.03561008
203.525,401.5,144.08,0.03448964
208.55,401.5,144.06,0.03971416
213.575,401.5,144.23,0.04990842
218.6,401.5,144.52,0.06159002
223.625,401.5,144.83,0.071874
228.65,401.5,145.14,0.07908505
233.675,401.5,145.45,0.08272012
238.7,401.5,145.76,0.08359144
243.725,401.5,146.06,0.08300822
248.75,401.5,146.32,0.08195814
253.775,401.5,146.5,0.0807809
258.8,401.5,146.63,0.07975527
263.825,401.5,146.73,0.07885625
268.85,401.5,146.79,0.07793208
273.875,401.5,146.85,0.07683001
278.9,401.5,146.95,0.07551713
283.925,401.5,147.07,0.07365059
288.95,401.5,147.22,0.07103634
293.975,401.5,147.37,0.06780929
299,401.5,147.5,0.06448921
304.025,401.5,147.61,0.06192618
309.05,401.5,147.62,0.06096647
314.075,401.5,147.53,0.062032
319.1,401.5,147.36,0.06483122
324.125,401.5,147.18,0.0685967
329.15,401.5,147,0.07219126
334.175,401.5,146.83,0.0743318
339.2,401.5,146.66,0.07431315
344.225,401.5,146.45,0.07227244
349.25,401.5,146.11,0.06879268
354.275,401.5,145.81,0.0645872
359.3,401.5,145.66,0.06034954
364.325,401.5,145.58,0.05630445
369.35,401.5,145.6,0.0526644
374.375,401.5,145.56,0.05014578
379.4,401.5,145.35,0.04930679
384.425,401.5,145.09,0.04938348
389.45,401.5,144.83,0.04796448
394.475,401.5,144.58,0.04259589
399.5,401.5,144.32,0.03430221
404.525,401.5,144.07,0.03158587
409.55,401.5,143.95,0.04336876
414.575,401.5,144.13,0.06337516
419.6,401.5,144.64,0.08475474
424.625,401.5,145.24,0.1028905
429.65,401.5,145.84,0.1141777
434.675,401.5,146.47,0.1173096
439.7,401.5,147.13,0.1135981
444.725,401.5,147.8,0.1051578
449.75,401.5,148.38,0.09511233
454.775,401.5,148.81,0.08559053
459.8,401.5,149.1,0.07765522
464.825,401.5,149.36,0.07210033
469.85,401.5,149.61,0.0688422
474.875,401.5,149.86,0.06747121
479.9,401.5,150.1,0.06731015
484.925,401.5,150.33,0.06744882
489.95,401.5,150.55,0.06731318
494.975,401.5,150.77,0.06657546
500,401.5,151.01,0.06505732
505.025,401.5,151.28,0.06291225
510.05,401.5,151.59,0.06044362
515.075,401.5,151.88,0.05784015
520.1,401.5,152.11,0.05527456
525.125,401.5,152.32,0.0528869
530.15,401.5,152.54,0.05092885
535.175,401.5,152.76,0.04959796
540.2,401.5,152.98,0.04888295
545.225,401.5,153.2,0.04860541
550.25,401.5,153.43,0.04830996
555.275,401.5,153.63,0.04796892
560.3,401.5,153.82,0.04767562
565.325,401.5,154.02,0.0473659
570.35,401.5,154.24,0.0467353
575.375,401.5,154.48,0.04582606
580.4,401.5,154.73,0.04490773
585.425,401.5,155,0.0441386
590.45,401.5,155.25,0.04331658
595.475,401.5,155.47,0.04234854
600.5,401.5,155.63,0.04105274
605.525,401.5,155.79,0.0392135
610.55,401.5,155.97,0.03715469
615.575,401.5,156.16,0.03535895
620.6,401.5,156.36,0.03395669
625.625,401.5,156.54,0.03256063
630.65,401.5,156.64,0.03078909
635.675,401.5,156.72,0.0283509
640.7,401.5,156.85,0.02542037
645.725,401.5,156.99,0.02240629
650.75,401.5,157.1,0.01954053
655.775,401.5,157.16,0.01674509
660.8,401.5,157.18,0.01393713
665.825,401.5,157.2,0.01123528
670.85,401.5,157.24,0.0090165
675.875,401.5,157.29,0.007508445
680.9,401.5,157.33,0.00672947
685.925,401.5,157.4,0.006742697
690.95,401.5,157.57,0.007555536
695.975,401.5,157.73,0.00909467
701,401.5,157.78,0.01136761
706.025,401.5,157.77,0.01421631
711.05,401.5,157.69,0.01784225
716.075,401.5,157.59,0.02216899
721.1,401.5,157.49,0.02636848
726.125,401.5,157.36,0.02977522
731.15,401.5,157.17,0.03192672
736.175,401.5,156.98,0.03244
741.2,401.5,156.86,0.03148849
746.225,401.5,156.76,0.02953936
751.25,401.5,156.64,0.02740624
756.275,401.5,156.54,0.02616826
761.3,401.5,156.45,0.02754258
766.325,401.5,156.39,0.03304969
771.35,401.5,156.36,0.04213365
776.375,401.5,156.34,0.05139135
781.4,401.5,156.28,0.05790527
786.425,401.5,156,0.06088286
791.45,401.5,155.17,0.06053371
796.475,401.5,154.37,0.05722465
801.5,401.5,154.21,0.05193509
806.525,401.5,154.29,0.04613317
811.55,401.5,154.41,0.04145772
816.575,401.5,154.53,0.03912846
821.6,401.5,154.62,0.0409364
826.625,401.5,154.64,0.04960426
831.65,401.5,154.46,0.06359107
836.675,401.5,154.05,0.07966064
841.7,401.5,153.47,0.09635662
846.725,401.5,152.82,0.1127946
851.75,401.5,152.14,0.129061
856.775,401.5,151.41,0.1448426
861.8,401.5,150.64,0.1599093
866.825,401.5,149.82,0.1736431
871.85,401.5,148.95,0.1841298
876.875,401.5,148.04,0.1882749
881.9,401.5,147.1,0.1848501
886.925,401.5,146.09,0.1752832
891.95,401.5,145.05,0.161771
896.975,401.5,144.22,0.146213
902,401.5,143.72,0.130587
907.025,401.5,143.26,0.116575
912.05,401.5,142.74,0.1047226
917.075,401.5,142.18,0.09601933
922.1,401.5,141.62,0.09140849
927.125,401.5,141.08,0.09141138
932.15,401.5,140.64,0.09477576
937.175,401.5,140.26,0.1010519
942.2,401.5,139.87,0.1113358
947.225,401.5,139.47,0.1269055
952.25,401.5,139.13,0.1464437
957.275,401.5,138.72,0.1679991
962.3,401.5,138.14,0.1871474
967.325,401.5,137.19,0.1984792
972.35,401.5,135.38,0.2006742
977.375,401.5,133.36,0.1965703
982.4,401.5,131.9,0.1882388
987.425,401.5,130.89,0.1701333
992.45,401.5,130.77,0.1342986
997.475,401.5,131,0.09280731
1002.5,401.5,130.85,0.09909588
-2.5,406.55,144.94,0.2223028
2.525,406.55,145.71,0.2001125
7.55,406.55,146.45,0.175445
12.575,406.55,147.14,0.1536938
17.6,406.55,147.65,0.1349775
22.625,406.55,148.03,0.1178447
27.65,406.55,148.4,0.101409
32.675,406.55,148.75,0.08673863
37.7,406.55,149.05,0.07446605
42.725,406.55,149.28,0.0639112
47.75,406.55,149.47,0.05444619
52.775,406.55,149.6,0.04594433
57.8,406.55,149.71,0.03851662
62.825,406.55,149.77,0.03206625
67.85,406.55,149.82,0.02604385
72.875,406.55,149.85,0.02023733
77.9,406.55,149.89,0.01589025
82.925,406.55,149.9,0.01602586
87.95,406.55,149.93,0.02144998
92.975,406.55,149.87,0.02928917
98,406.55,149.62,0.0377705
103.025,406.55,149.31,0.04605614
108.05,406.55,148.99,0.05337381
113.075,406.55,148.66,0.05900197
118.1,406.55,148.35,0.0626228
123.125,406.55,148.02,0.06457982
128.15,406.55,147.68,0.06562553
133.175,406.55,147.32,0.06608953
138.2,406.55,146.99,0.06528635
143.225,406.55,146.67,0.06205396
148.25,406.55,146.36,0.05655574
153.275,406.55,146.06,0.05013814
158.3,406.55,145.76,0.04459619
163.325,406.55,145.53,0.04062448
168.35,406.55,145.46,0.03842599
173.375,406.55,145.47,0.03797206
178.4,406.55,145.31,0.03891825
183.425,406.55,145.07,0.04005786
188.45,406.55,144.85,0.04001476
193.475,406.55,144.64,0.03810515
198.5,406.55,144.43,0.03525867
203.525,406.55,144.24,0.0356136
208.55,406.55,144.24,0.04228958
213.575,406.55,144.44,0.0531736
218.6,406.55,144.77,0.06490959
223.625,406.55,145.12,0.07482638
228.65,406.55,145.47,0.08125199
233.675,406.55,145.8,0.08381832
238.7,406.55,146.14,0.08348318
243.725,406.55,146.42,0.08170258
248.75,406.55,146.68,0.07963318
253.775,406.55,146.87,0.07778481
258.8,406.55,147,0.0762531
263.825,406.55,147.1,0.075013
268.85,406.55,147.15,0.0739007
273.875,406.55,147.19,0.0726833
278.9,406.55,147.27,0.0712271
283.925,406.55,147.37,0.06941661
288.95,406.55,147.51,0.06706682
293.975,406.55,147.67,0.0643539
299,406.55,147.79,0.06166394
304.025,406.55,147.9,0.05969405
309.05,406.55,147.92,0.05927952
314.075,406.55,147.83,0.0606863
319.1,406.55,147.67,0.06374436
324.125,406.55,147.49,0.0679281
329.15,406.55,147.33,0.0721583
334.175,406.55,147.17,0.07517021
339.2,406.55,147.01,0.07614932
344.225,406.55,146.79,0.07498438
349.25,406.55,146.47,0.07229907
354.275,406.55,146.12,0.06876203
359.3,406.55,145.93,0.06491218
364.325,406.55,145.83,0.06110566
369.35,406.55,145.79,0.05749107
374.375,406.55,145.73,0.05465386
379.4,406.55,145.51,0.05327166
384.425,406.55,145.23,0.05210729
389.45,406.55,144.96,0.04890595
394.475,406.55,144.68,0.04198316
399.5,406.55,144.41,0.03304444
404.525,406.55,144.23,0.03144736
409.55,406.55,144.19,0.04461014
414.575,406.55,144.4,0.06512845
419.6,406.55,144.92,0.08630453
424.625,406.55,145.51,0.1042117
429.65,406.55,146.1,0.1153167
434.675,406.55,146.68,0.1180246
439.7,406.55,147.29,0.1139874
444.725,406.55,147.94,0.1057535
449.75,406.55,148.55,0.09608044
454.775,406.55,149.01,0.08685361
459.8,406.55,149.32,0.07892822
464.825,406.55,149.56,0.07298673
469.85,406.55,149.81,0.06917827
474.875,406.55,150.07,0.06703054
479.9,406.55,150.32,0.06626766
484.925,406.55,150.57,0.06611608
489.95,406.55,150.79,0.06577728
494.975,406.55,151,0.06489441
500,406.55,151.23,0.06334499
505.025,406.55,151.48,0.0612659
510.05,406.55,151.77,0.05880885
515.075,406.55,152.04,0.05617614
520.1,406.55,152.26,0.05354274
525.125,406.55,152.45,0.05109899
530.15,406.55,152.66,0.04901717
535.175,406.55,152.86,0.04758681
540.2,406.55,153.07,0.04688777
545.225,406.55,153.29,0.04674591
550.25,406.55,153.5,0.04673579
555.275,406.55,153.68,0.04673869
560.3,406.55,153.86,0.04690134
565.325,406.55,154.06,0.04715163
570.35,406.55,154.29,0.04716203
575.375,406.55,154.53,0.04679924
580.4,406.55,154.78,0.04628681
585.425,406.55,155.06,0.04573729
590.45,406.55,155.33,0.04501565
595.475,406.55,155.55,0.04406117
600.5,406.55,155.72,0.04275502
605.525,406.55,155.88,0.04094106
610.55,406.55,156.06,0.03878871
615.575,406.55,156.25,0.03674826
620.6,406.55,156.45,0.03515228
625.625,406.55,156.63,0.03378455
630.65,406.55,156.73,0.03211039
635.675,406.55,156.8,0.02985347
640.7,406.55,156.91,0.02713979
645.725,406.55,157.07,0.02422022
650.75,406.55,157.18,0.02132845
655.775,406.55,157.24,0.01832379
660.8,406.55,157.25,0.01510228
665.825,406.55,157.26,0.01188413
670.85,406.55,157.28,0.008935486
675.875,406.55,157.31,0.006872738
680.9,406.55,157.33,0.005848676
685.925,406.55,157.34,0.005885523
690.95,406.55,157.47,0.006478496
695.975,406.55,157.67,0.007230185
701,406.55,157.77,0.008159914
706.025,406.55,157.82,0.009638862
711.05,406.55,157.78,0.01217067
716.075,406.55,157.71,0.0160655
721.1,406.55,157.64,0.02058399
726.125,406.55,157.5,0.02481998
731.15,406.55,157.31,0.0283445
736.175,406.55,157.11,0.03043634
741.2,406.55,156.98,0.0307618
746.225,406.55,156.88,0.02962672
751.25,406.55,156.76,0.02758968
756.275,406.55,156.64,0.02589596
761.3,406.55,156.54,0.02670867
766.325,406.55,156.45,0.0316907
771.35,406.55,156.42,0.03985089
776.375,406.55,156.42,0.04844314
781.4,406.55,156.37,0.05486659
786.425,406.55,156.21,0.05829235
791.45,406.55,155.56,0.05882492
796.475,406.55,154.74,0.05651382
801.5,406.55,154.51,0.05183212
806.525,406.55,154.54,0.04599537
811.55,406.55,154.63,0.04051675
816.575,406.55,154.7,0.03774988
821.6,406.55,154.71,0.04059416
826.625,406.55,154.69,0.05100328
831.65,406.55,154.53,0.06660536
836.675,406.55,154.12,0.0839005
841.7,406.55,153.54,0.1018023
846.725,406.55,152.87,0.1197789
851.75,406.55,152.17,0.1378466
856.775,406.55,151.4,0.1557747
861.8,406.55,150.57,0.1720009
866.825,406.55,149.72,0.1845147
871.85,406.55,148.85,0.1918976
876.875,406.55,147.89,0.1922929
881.9,406.55,146.87,0.185021
886.925,406.55,145.88,0.1717263
891.95,406.55,144.99,0.1554072
896.975,406.55,144.29,0.1385768
902,406.55,143.84,0.1227308
907.025,406.55,143.4,0.1092692
912.05,406.55,142.91,0.09862137
917.075,406.55,142.35,0.0930471
922.1,406.55,141.78,0.09115058
927.125,406.55,141.12,0.09122647
932.15,406.55,140.63,0.0920093
937.175,406.55,140.22,0.09457307
942.2,406.55,139.87,0.1006728
947.225,406.55,139.47,0.1114083
952.25,406.55,139.24,0.126959
957.275,406.55,139.07,0.1470559
962.3,406.55,138.65,0.1688267
967.325,406.55,138.01,0.1862003
972.35,406.55,136.5,0.1963899
977.375,406.55,134.38,0.2001161
982.4,406.55,132.84,0.199732
987.425,406.55,131.54,0.1889552
992.45,406.55,131.11,0.1629649
997.475,406.55,131.09,0.1276349
1002.5,406.55,130.7,0.1224003
-2.5,411.6,144.07,0.2369328
2.525,411.6,145,0.2170833
7.55,411.6,145.94,0.193125
12.575,411.6,146.68,0.1714592
17.6,411.6,147.27,0.1530439
22.625,411.6,147.69,0.1359702
27.65,411.6,148.08,0.1193459
32.675,411.6,148.48,0.1038779
37.7,411.6,148.82,0.09057138
42.725,411.6,149.07,0.07929103
47.75,411.6,149.3,0.06886817
52.775,411.6,149.49,0.05913497
57.8,411.6,149.64,0.05023524
62.825,411.6,149.7,0.04232662
67.85,411.6,149.73,0.03497717
72.875,411.6,149.78,0.02784619
77.9,411.6,149.83,0.02188835
82.925,411.6,149.86,0.01937546
87.95,411.6,149.85,0.02210188
92.975,411.6,149.78,0.02843752
98,411.6,149.57,0.0360926
103.025,411.6,149.29,0.04390935
108.05,411.6,149,0.0509304
113.075,411.6,148.7,0.05652659
118.1,411.6,148.41,0.06021349
123.125,411.6,148.08,0.06234477
128.15,411.6,147.71,0.0636454
133.175,411.6,147.37,0.06433293
138.2,411.6,147.03,0.0638236
143.225,411.6,146.72,0.0608154
148.25,411.6,146.41,0.05552934
153.275,411.6,146.11,0.04949304
158.3,411.6,145.82,0.04414797
163.325,411.6,145.64,0.04042954
168.35,411.6,145.58,0.0383328
173.375,411.6,145.54,0.0378846
178.4,411.6,145.41,0.03875715
183.425,411.6,145.19,0.03975233
188.45,411.6,145,0.03944365
193.475,411.6,144.81,0.03747435
198.5,411.6,144.61,0.03518301
203.525,411.6,144.43,0.03665065
208.55,411.6,144.41,0.04431837
213.575,411.6,144.63,0.05566402
218.6,411.6,145,0.06727555
223.625,411.6,145.39,0.07670278
228.65,411.6,145.8,0.08234539
233.675,411.6,146.18,0.0839046
238.7,411.6,146.54,0.082473
243.725,411.6,146.82,0.07956754
248.75,411.6,147.01,0.07651221
253.775,411.6,147.2,0.07391146
258.8,411.6,147.34,0.07193148
263.825,411.6,147.43,0.07042925
268.85,411.6,147.5,0.06927447
273.875,411.6,147.54,0.06813469
278.9,411.6,147.61,0.06684003
283.925,411.6,147.71,0.06531624
288.95,411.6,147.81,0.06345638
293.975,411.6,147.95,0.06135444
299,411.6,148.06,0.05935237
304.025,411.6,148.16,0.0579642
309.05,411.6,148.22,0.05793203
314.075,411.6,148.15,0.05955636
319.1,411.6,148,0.06264882
324.125,411.6,147.83,0.06695527
329.15,411.6,147.67,0.07163294
334.175,411.6,147.52,0.07529963
339.2,411.6,147.36,0.07719534
344.225,411.6,147.13,0.07692653
349.25,411.6,146.81,0.07500846
354.275,411.6,146.48,0.07223602
359.3,411.6,146.24,0.06896722
364.325,411.6,146.13,0.06552269
369.35,411.6,146.04,0.06221008
374.375,411.6,145.92,0.05939617
379.4,411.6,145.69,0.05746862
384.425,411.6,145.39,0.05538074
389.45,411.6,145.09,0.05046005
394.475,411.6,144.79,0.0416966
399.5,411.6,144.49,0.03160809
404.525,411.6,144.31,0.03064052
409.55,411.6,144.46,0.04524453
414.575,411.6,144.77,0.06630195
419.6,411.6,145.29,0.08742122
424.625,411.6,145.86,0.1049701
429.65,411.6,146.43,0.1158078
434.675,411.6,147.01,0.1181603
439.7,411.6,147.57,0.1136991
444.725,411.6,148.17,0.1055833
449.75,411.6,148.74,0.09640751
454.775,411.6,149.22,0.0876116
459.8,411.6,149.54,0.07979884
464.825,411.6,149.77,0.07357672
469.85,411.6,149.99,0.06912022
474.875,411.6,150.25,0.06632499
479.9,411.6,150.53,0.06484087
484.925,411.6,150.79,0.06423153
489.95,411.6,151.05,0.06367478
494.975,411.6,151.28,0.06272307
500,411.6,151.5,0.06121972
505.025,411.6,151.74,0.05923885
510.05,411.6,151.98,0.05688936
515.075,411.6,152.23,0.0542834
520.1,411.6,152.43,0.0516577
525.125,411.6,152.61,0.04928023
530.15,411.6,152.79,0.04729626
535.175,411.6,152.98,0.04590528
540.2,411.6,153.17,0.04526315
545.225,411.6,153.37,0.04527742
550.25,411.6,153.6,0.04556265
555.275,411.6,153.8,0.04595679
560.3,411.6,153.98,0.04660334
565.325,411.6,154.17,0.04744042
570.35,411.6,154.39,0.04816126
575.375,411.6,154.64,0.04837287
580.4,411.6,154.88,0.0481994
585.425,411.6,155.15,0.04778535
590.45,411.6,155.45,0.04707665
595.475,411.6,155.69,0.0460658
600.5,411.6,155.86,0.04476103
605.525,411.6,156.02,0.04297253
610.55,411.6,156.19,0.04080011
615.575,411.6,156.38,0.03867808
620.6,411.6,156.57,0.03698057
625.625,411.6,156.72,0.03572617
630.65,411.6,156.83,0.03432018
635.675,411.6,156.91,0.03235187
640.7,411.6,157.01,0.02988132
645.725,411.6,157.17,0.02699199
650.75,411.6,157.32,0.02400706
655.775,411.6,157.36,0.02082775
660.8,411.6,157.34,0.01736101
665.825,411.6,157.33,0.01393652
670.85,411.6,157.33,0.01049379
675.875,411.6,157.33,0.00730044
680.9,411.6,157.32,0.005156512
685.925,411.6,157.31,0.00509083
690.95,411.6,157.29,0.005994189
695.975,411.6,157.44,0.006445791
701,411.6,157.59,0.006043419
706.025,411.6,157.71,0.005311358
711.05,411.6,157.82,0.006496119
716.075,411.6,157.81,0.009869593
721.1,411.6,157.79,0.01427494
726.125,411.6,157.66,0.0188604
731.15,411.6,157.41,0.02313948
736.175,411.6,157.23,0.02660027
741.2,411.6,157.1,0.02853111
746.225,411.6,157.01,0.02877674
751.25,411.6,156.91,0.02754275
756.275,411.6,156.79,0.02582843
761.3,411.6,156.68,0.02574102
766.325,411.6,156.57,0.02980373
771.35,411.6,156.47,0.03717831
776.375,411.6,156.44,0.04487743
781.4,411.6,156.39,0.05119228
786.425,411.6,156.19,0.05497573
791.45,411.6,155.87,0.05626112
796.475,411.6,155.26,0.05491206
801.5,411.6,154.93,0.05101766
806.525,411.6,154.9,0.04575325
811.55,411.6,154.89,0.04073952
816.575,411.6,154.89,0.0390154
821.6,411.6,154.81,0.04439291
826.625,411.6,154.68,0.05691317
831.65,411.6,154.49,0.07347491
836.675,411.6,154.12,0.09154862
841.7,411.6,153.54,0.1105187
846.725,411.6,152.88,0.1301217
851.75,411.6,152.21,0.1501956
856.775,411.6,151.43,0.169803
861.8,411.6,150.55,0.1868157
866.825,411.6,149.65,0.1985033
871.85,411.6,148.74,0.2031451
876.875,411.6,147.74,0.199815
881.9,411.6,146.61,0.188782
886.925,411.6,145.54,0.1720364
891.95,411.6,144.81,0.1525101
896.975,411.6,144.24,0.1337697
902,411.6,143.86,0.1171795
907.025,411.6,143.46,0.1023578
912.05,411.6,143.03,0.09127135
917.075,411.6,142.54,0.08752292
922.1,411.6,141.99,0.08940385
927.125,411.6,141.24,0.0909727
932.15,411.6,140.49,0.09046317
937.175,411.6,140.14,0.08990767
942.2,411.6,139.87,0.0914678
947.225,411.6,139.55,0.09684
952.25,411.6,139.19,0.1072209
957.275,411.6,139.05,0.1241688
962.3,411.6,138.82,0.1472765
967.325,411.6,138.34,0.1700209
972.35,411.6,137.7,0.1875635
977.375,411.6,136.12,0.199875
982.4,411.6,134.56,0.2080188
987.425,411.6,133.15,0.2053622
992.45,411.6,131.82,0.1902454
997.475,411.6,131.34,0.1625624
1002.5,411.6,130.58,0.1336505
-2.5,416.65,143.12,0.2478597
2.525,416.65,144.1,0.2312331
7.55,416.65,145.22,0.2085389
12.575,416.65,146.14,0.1876556
17.6,416.65,146.76,0.1701488
22.625,416.65,147.25,0.1538389
27.65,416.65,147.67,0.137609
32.675,416.65,148.07,0.1221001
37.7,416.65,148.46,0.1082383
42.725,416.65,148.77,0.09626047
47.75,416.65,149.03,0.08525276
52.775,416.65,149.27,0.07451102
57.8,416.65,149.46,0.06424488
62.825,416.65,149.58,0.05471653
67.85,416.65,149.62,0.04581888
72.875,416.65,149.66,0.03712502
77.9,416.65,149.73,0.02921438
82.925,416.65,149.78,0.02392742
87.95,416.65,149.79,0.0233499
92.975,416.65,149.69,0.02743899
98,416.65,149.5,0.03401727
103.025,416.65,149.25,0.04124783
108.05,416.65,148.99,0.04794665
113.075,416.65,148.73,0.05339062
118.1,416.65,148.46,0.05725313
123.125,416.65,148.16,0.05965893
128.15,416.65,147.78,0.06134006
133.175,416.65,147.42,0.06242908
138.2,416.65,147.09,0.06217043
143.225,416.65,146.78,0.05951724
148.25,416.65,146.48,0.05442531
153.275,416.65,146.18,0.04864988
158.3,416.65,145.89,0.04368099
163.325,416.65,145.69,0.04026648
168.35,416.65,145.71,0.03841986
173.375,416.65,145.69,0.03799462
178.4,416.65,145.53,0.03878171
183.425,416.65,145.33,0.03964774
188.45,416.65,145.15,0.03930544
193.475,416.65,144.97,0.0372974
198.5,416.65,144.78,0.03539672
203.525,416.65,144.62,0.03762558
208.55,416.65,144.62,0.04589796
213.575,416.65,144.84,0.05745045
218.6,416.65,145.23,0.06886931
223.625,416.65,145.65,0.07774686
228.65,416.65,146.09,0.08257606
233.675,416.65,146.52,0.08320905
238.7,416.65,146.91,0.08078446
243.725,416.65,147.23,0.07693027
248.75,416.65,147.38,0.07299911
253.775,416.65,147.5,0.06971793
258.8,416.65,147.63,0.06730012
263.825,416.65,147.73,0.06558878
268.85,416.65,147.8,0.06442002
273.875,416.65,147.87,0.06352594
278.9,416.65,147.95,0.06262309
283.925,416.65,148.05,0.06154182
288.95,416.65,148.13,0.06022972
293.975,416.65,148.23,0.05873419
299,416.65,148.32,0.05734568
304.025,416.65,148.41,0.05648132
309.05,416.65,148.47,0.05675864
314.075,416.65,148.45,0.05844562
319.1,416.65,148.32,0.06145939
324.125,416.65,148.17,0.06565956
329.15,416.65,148.02,0.07052054
334.175,416.65,147.87,0.07477554
339.2,416.65,147.72,0.07740103
344.225,416.65,147.5,0.07811703
349.25,416.65,147.15,0.07707199
354.275,416.65,146.82,0.07503718
359.3,416.65,146.58,0.07255133
364.325,416.65,146.43,0.0696965
369.35,416.65,146.33,0.06674344
374.375,416.65,146.16,0.06418794
379.4,416.65,145.88,0.06203686
384.425,416.65,145.56,0.05901675
389.45,416.65,145.23,0.05280668
394.475,416.65,144.91,0.04218567
399.5,416.65,144.58,0.03043864
404.525,416.65,144.37,0.02933419
409.55,416.65,144.56,0.04518024
414.575,416.65,145.06,0.0669255
419.6,416.65,145.64,0.08797567
424.625,416.65,146.23,0.1050603
429.65,416.65,146.77,0.115407
434.675,416.65,147.33,0.1175608
439.7,416.65,147.88,0.1130133
444.725,416.65,148.44,0.104945
449.75,416.65,148.97,0.09605683
454.775,416.65,149.42,0.08753577
459.8,416.65,149.73,0.07972189
464.825,416.65,149.97,0.0730609
469.85,416.65,150.18,0.068024
474.875,416.65,150.42,0.06459807
479.9,416.65,150.71,0.06262352
484.925,416.65,151,0.06165339
489.95,416.65,151.28,0.06098664
494.975,416.65,151.54,0.06008156
500,416.65,151.78,0.05876094
505.025,416.65,152.01,0.05695469
510.05,416.65,152.22,0.05478147
515.075,416.65,152.43,0.05231637
520.1,416.65,152.61,0.0497879
525.125,416.65,152.78,0.0475999
530.15,416.65,152.94,0.0458585
535.175,416.65,153.11,0.0446791
540.2,416.65,153.28,0.04423522
545.225,416.65,153.46,0.04439258
550.25,416.65,153.68,0.04500745
555.275,416.65,153.92,0.04584376
560.3,416.65,154.12,0.04699312
565.325,416.65,154.33,0.0483703
570.35,416.65,154.54,0.04966546
575.375,416.65,154.77,0.05037808
580.4,416.65,155,0.05045313
585.425,416.65,155.26,0.05004846
590.45,416.65,155.56,0.04930075
595.475,416.65,155.83,0.04823833
600.5,416.65,156.02,0.04691139
605.525,416.65,156.19,0.04520663
610.55,416.65,156.35,0.04310199
615.575,416.65,156.52,0.04097532
620.6,416.65,156.71,0.03934969
625.625,416.65,156.86,0.03826934
630.65,416.65,156.94,0.03708198
635.675,416.65,157.02,0.03531058
640.7,416.65,157.13,0.03291225
645.725,416.65,157.28,0.02998526
650.75,416.65,157.46,0.02685327
655.775,416.65,157.53,0.02363162
660.8,416.65,157.48,0.02038078
665.825,416.65,157.43,0.01741753
670.85,416.65,157.4,0.01426722
675.875,416.65,157.37,0.01042808
680.9,416.65,157.33,0.006487876
685.925,416.65,157.29,0.004174138
690.95,416.65,157.25,0.005114289
695.975,416.65,157.26,0.006161467
701,416.65,157.38,0.00570931
706.025,416.65,157.5,0.00338823
711.05,416.65,157.69,0.001417162
716.075,416.65,157.82,0.005143446
721.1,416.65,157.87,0.009266684
726.125,416.65,157.82,0.01353384
731.15,416.65,157.55,0.01782342
736.175,416.65,157.31,0.02179956
741.2,416.65,157.21,0.02487801
746.225,416.65,157.13,0.02660686
751.25,416.65,157.03,0.0267804
756.275,416.65,156.94,0.02575616
761.3,416.65,156.83,0.0253352
766.325,416.65,156.71,0.02786032
771.35,416.65,156.59,0.03409559
776.375,416.65,156.48,0.04118245
781.4,416.65,156.39,0.04715106
786.425,416.65,156.21,0.05131921
791.45,416.65,155.88,0.05330768
796.475,416.65,155.59,0.05318377
801.5,416.65,155.35,0.05075128
806.525,416.65,155.26,0.04710803
811.55,416.65,155.15,0.04439643
816.575,416.65,155.02,0.04578149
821.6,416.65,154.85,0.05374723
826.625,416.65,154.62,0.06770768
831.65,416.65,154.35,0.08446326
836.675,416.65,153.97,0.1024855
841.7,416.65,153.42,0.1221978
846.725,416.65,152.78,0.1436144
851.75,416.65,152.1,0.1653692
856.775,416.65,151.34,0.1860046
861.8,416.65,150.44,0.2026107
866.825,416.65,149.49,0.212704
871.85,416.65,148.49,0.2147038
876.875,416.65,147.41,0.207973
881.9,416.65,146.19,0.1933245
886.925,416.65,145.05,0.1733627
891.95,416.65,144.39,0.1509841
896.975,416.65,144.03,0.130482
902,416.65,143.72,0.1117706
907.025,416.65,143.39,0.09599183
912.05,416.65,142.99,0.08658548
917.075,416.65,142.57,0.08578892
922.1,416.65,142.07,0.08984984
927.125,416.65,141.38,0.09284592
932.15,416.65,140.45,0.09182829
937.175,416.65,139.88,0.08824486
942.2,416.65,139.73,0.08516568
947.225,416.65,139.53,0.0852658
952.25,416.65,139.22,0.09000874
957.275,416.65,138.94,0.1013392
962.3,416.65,138.74,0.1230844
967.325,416.65,138.39,0.1508812
972.35,416.65,137.93,0.1763202
977.375,416.65,137.29,0.1967871
982.4,416.65,136.19,0.214069
987.425,416.65,134.99,0.2206122
992.45,416.65,133.26,0.2178012
997.475,416.65,131.73,0.1983799
1002.5,416.65,130.49,0.1549692
-2.5,421.7,142.26,0.2551989
2.525,421.7,143.26,0.2418748
7.55,421.7,144.41,0.221149
12.575,421.7,145.45,0.201647
17.6,421.7,146.13,0.1855705
22.625,421.7,146.66,0.1705799
27.65,421.7,147.15,0.155627
32.675,421.7,147.58,0.14084
37.7,421.7,147.97,0.1271483
42.725,421.7,148.32,0.1146014
47.75,421.7,148.65,0.1028404
52.775,421.7,148.94,0.09135213
57.8,421.7,149.16,0.07992838
62.825,421.7,149.32,0.06890731
67.85,421.7,149.43,0.05831124
72.875,421.7,149.5,0.0479284
77.9,421.7,149.58,0.03805232
82.925,421.7,149.65,0.03001589
87.95,421.7,149.67,0.02577548
92.975,421.7,149.6,0.02668479
98,421.7,149.41,0.03150301
103.025,421.7,149.19,0.03800617
108.05,421.7,148.96,0.04435891
113.075,421.7,148.72,0.04967154
118.1,421.7,148.48,0.0536763
123.125,421.7,148.21,0.05653994
128.15,421.7,147.86,0.05870003
133.175,421.7,147.49,0.06031261
138.2,421.7,147.16,0.06048333
143.225,421.7,146.86,0.05813915
148.25,421.7,146.56,0.05341697
153.275,421.7,146.26,0.04786726
158.3,421.7,145.98,0.0432131
163.325,421.7,145.77,0.0401375
168.35,421.7,145.78,0.03857169
173.375,421.7,145.81,0.03830615
178.4,421.7,145.67,0.03901028
183.425,421.7,145.48,0.03970412
188.45,421.7,145.3,0.03933538
193.475,421.7,145.13,0.03747602
198.5,421.7,144.95,0.03590783
203.525,421.7,144.8,0.03867286
208.55,421.7,144.82,0.04721478
213.575,421.7,145.06,0.05871327
218.6,421.7,145.46,0.06988683
223.625,421.7,145.9,0.07817433
228.65,421.7,146.35,0.08222041
233.675,421.7,146.79,0.0819778
238.7,421.7,147.2,0.07870512
243.725,421.7,147.54,0.07407213
248.75,421.7,147.72,0.06940856
253.775,421.7,147.8,0.06555489
258.8,421.7,147.9,0.06280839
263.825,421.7,148.01,0.0610425
268.85,421.7,148.09,0.06000374
273.875,421.7,148.17,0.05935155
278.9,421.7,148.26,0.05881928
283.925,421.7,148.35,0.05820823
288.95,421.7,148.43,0.05738203
293.975,421.7,148.51,0.05637218
299,421.7,148.58,0.05540082
304.025,421.7,148.66,0.05492115
309.05,421.7,148.72,0.05539232
314.075,421.7,148.72,0.05709765
319.1,421.7,148.62,0.06002131
324.125,421.7,148.49,0.06408946
329.15,421.7,148.35,0.06895527
334.175,421.7,148.21,0.07361639
339.2,421.7,148.06,0.07692822
344.225,421.7,147.86,0.07851266
349.25,421.7,147.52,0.0785244
354.275,421.7,147.15,0.07742777
359.3,421.7,146.91,0.07573986
364.325,421.7,146.72,0.07363106
369.35,421.7,146.57,0.07119801
374.375,421.7,146.38,0.06894517
379.4,421.7,146.07,0.06676551
384.425,421.7,145.72,0.06301876
389.45,421.7,145.38,0.0556248
394.475,421.7,145.03,0.04352427
399.5,421.7,144.69,0.02978343
404.525,421.7,144.46,0.02748561
409.55,421.7,144.64,0.04398917
414.575,421.7,145.18,0.06634103
419.6,421.7,145.83,0.08754048
424.625,421.7,146.45,0.1043357
429.65,421.7,147.02,0.1142433
434.675,421.7,147.56,0.116119
439.7,421.7,148.09,0.1115836
444.725,421.7,148.63,0.1037054
449.75,421.7,149.16,0.0949879
454.775,421.7,149.6,0.0865116
459.8,421.7,149.9,0.07860843
464.825,421.7,150.15,0.07155692
469.85,421.7,150.37,0.06593162
474.875,421.7,150.6,0.06206676
479.9,421.7,150.88,0.05973318
484.925,421.7,151.18,0.05861347
489.95,421.7,151.48,0.0579887
494.975,421.7,151.77,0.05732247
500,421.7,152.02,0.05629898
505.025,421.7,152.24,0.05470959
510.05,421.7,152.43,0.05276225
515.075,421.7,152.6,0.05055277
520.1,421.7,152.77,0.04826102
525.125,421.7,152.93,0.04626284
530.15,421.7,153.08,0.04482295
535.175,421.7,153.23,0.04398749
540.2,421.7,153.39,0.04377799
545.225,421.7,153.56,0.04415763
550.25,421.7,153.77,0.04508935
555.275,421.7,154,0.04642499
560.3,421.7,154.23,0.04802507
565.325,421.7,154.45,0.04981364
570.35,421.7,154.67,0.0514452
575.375,421.7,154.89,0.05248523
580.4,421.7,155.12,0.05271818
585.425,421.7,155.37,0.05229766
590.45,421.7,155.67,0.05149797
595.475,421.7,155.95,0.05049491
600.5,421.7,156.15,0.04923539
605.525,421.7,156.33,0.04752957
610.55,421.7,156.5,0.0454448
615.575,421.7,156.67,0.04333689
620.6,421.7,156.85,0.04172988
625.625,421.7,157.01,0.04072559
630.65,421.7,157.1,0.03969748
635.675,421.7,157.16,0.03798628
640.7,421.7,157.27,0.03552131
645.725,421.7,157.41,0.03249716
650.75,421.7,157.59,0.02934476
655.775,421.7,157.69,0.02634793
660.8,421.7,157.64,0.02365919
665.825,421.7,157.56,0.02151644
670.85,421.7,157.49,0.01922848
675.875,421.7,157.42,0.01579223
680.9,421.7,157.36,0.01115834
685.925,421.7,157.3,0.006357072
690.95,421.7,157.25,0.003837318
695.975,421.7,157.25,0.004831687
701,421.7,157.31,0.005356458
706.025,421.7,157.42,0.00406984
711.05,421.7,157.59,0.00192322
716.075,421.7,157.76,0.00344127
721.1,421.7,157.86,0.006438798
726.125,421.7,157.86,0.009743334
731.15,421.7,157.66,0.01342653
736.175,421.7,157.41,0.01726036
741.2,421.7,157.29,0.02081942
746.225,421.7,157.22,0.02354945
751.25,421.7,157.14,0.02504947
756.275,421.7,157.05,0.02519639
761.3,421.7,156.95,0.02504684
766.325,421.7,156.83,0.02665447
771.35,421.7,156.7,0.03118625
776.375,421.7,156.56,0.03745572
781.4,421.7,156.43,0.04325638
786.425,421.7,156.27,0.04784258
791.45,421.7,156.01,0.05086752
796.475,421.7,155.75,0.05230097
801.5,421.7,155.6,0.05229308
806.525,421.7,155.46,0.05168256
811.55,421.7,155.27,0.05280603
816.575,421.7,155.04,0.05823747
821.6,421.7,154.76,0.06861411
826.625,421.7,154.45,0.08283232
831.65,421.7,154.13,0.09935504
836.675,421.7,153.71,0.1169797
841.7,421.7,153.14,0.1365978
846.725,421.7,152.49,0.1588854
851.75,421.7,151.82,0.181544
856.775,421.7,151.06,0.2017721
861.8,421.7,150.12,0.2171592
866.825,421.7,149.1,0.2249922
871.85,421.7,148.02,0.2230168
876.875,421.7,146.84,0.2109128
881.9,421.7,145.58,0.192263
886.925,421.7,144.45,0.1703993
891.95,421.7,143.86,0.1463559
896.975,421.7,143.64,0.125012
902,421.7,143.44,0.1057331
907.025,421.7,143.16,0.09207378
912.05,421.7,142.82,0.0879034
917.075,421.7,142.4,0.09309809
922.1,421.7,141.92,0.097208
927.125,421.7,141.26,0.09963831
932.15,421.7,140.36,0.09707575
937.175,421.7,139.64,0.09177653
942.2,421.7,139.42,0.0847639
947.225,421.7,139.31,0.07989024
952.25,421.7,139.14,0.08032594
957.275,421.7,138.92,0.08407275
962.3,421.7,138.68,0.100956
967.325,421.7,138.41,0.1306862
972.35,421.7,138.1,0.1637391
977.375,421.7,137.63,0.1920054
982.4,421.7,136.89,0.2174871
987.425,421.7,135.78,0.2329009
992.45,421.7,134.05,0.2421612
997.475,421.7,132.09,0.2336388
1002.5,421.7,130.34,0.1845794
-2.5,426.75,141.45,0.2594358
2.525,426.75,142.45,0.2486792
7.55,426.75,143.58,0.2303668
12.575,426.75,144.71,0.2130979
17.6,426.75,145.45,0.1992763
22.625,426.75,145.98,0.1863365
27.65,426.75,146.48,0.173119
32.675,426.75,146.99,0.1599072
37.7,426.75,147.43,0.1472039
42.725,426.75,147.81,0.1348603
47.75,426.75,148.18,0.1223177
52.775,426.75,148.55,0.109712
57.8,426.75,148.83,0.0971801
62.825,426.75,149.02,0.08477796
67.85,426.75,149.19,0.07260444
72.875,426.75,149.32,0.06037932
77.9,426.75,149.44,0.04853924
82.925,426.75,149.5,0.03798839
87.95,426.75,149.54,0.03019913
92.975,426.75,149.49,0.02703953
98,426.75,149.33,0.02906366
103.025,426.75,149.11,0.03429162
108.05,426.75,148.91,0.04023306
113.075,426.75,148.71,0.04538016
118.1,426.75,148.5,0.0495466
123.125,426.75,148.25,0.05291878
128.15,426.75,147.92,0.05570178
133.175,426.75,147.55,0.05787809
138.2,426.75,147.23,0.0586461
143.225,426.75,146.94,0.0567157
148.25,426.75,146.65,0.05246131
153.275,426.75,146.36,0.04732265
158.3,426.75,146.09,0.04300387
163.325,426.75,145.9,0.04022307
168.35,426.75,145.88,0.03896406
173.375,426.75,145.93,0.03885703
178.4,426.75,145.82,0.03950897
183.425,426.75,145.63,0.03999662
188.45,426.75,145.45,0.03951438
193.475,426.75,145.29,0.03785885
198.5,426.75,145.11,0.03660361
203.525,426.75,144.99,0.03966776
208.55,426.75,145.04,0.0483348
213.575,426.75,145.3,0.05964051
218.6,426.75,145.7,0.07039112
223.625,426.75,146.13,0.07807091
228.65,426.75,146.58,0.08136584
233.675,426.75,147.04,0.08029146
238.7,426.75,147.45,0.07629779
243.725,426.75,147.79,0.0710551
248.75,426.75,147.98,0.06591263
253.775,426.75,148.06,0.06165682
258.8,426.75,148.16,0.05865219
263.825,426.75,148.27,0.05688489
268.85,426.75,148.37,0.05608932
273.875,426.75,148.46,0.0557848
278.9,426.75,148.55,0.05557253
283.925,426.75,148.63,0.05530607
288.95,426.75,148.7,0.05483906
293.975,426.75,148.77,0.05415303
299,426.75,148.83,0.05344186
304.025,426.75,148.91,0.05315777
309.05,426.75,148.98,0.05374561
314.075,426.75,149,0.05543799
319.1,426.75,148.92,0.05824634
324.125,426.75,148.79,0.06218003
329.15,426.75,148.66,0.06701868
334.175,426.75,148.53,0.07198248
339.2,426.75,148.4,0.07594441
344.225,426.75,148.21,0.07835393
349.25,426.75,147.88,0.0793938
354.275,426.75,147.49,0.07940034
359.3,426.75,147.21,0.0787035
364.325,426.75,146.98,0.07747136
369.35,426.75,146.78,0.0756853
374.375,426.75,146.56,0.07379035
379.4,426.75,146.24,0.07173363
384.425,426.75,145.88,0.06751587
389.45,426.75,145.5,0.05908084
394.475,426.75,145.14,0.045618
399.5,426.75,144.78,0.02977405
404.525,426.75,144.53,0.02489427
409.55,426.75,144.69,0.04147973
414.575,426.75,145.27,0.06431586
419.6,426.75,145.95,0.08577275
424.625,426.75,146.61,0.1026196
429.65,426.75,147.2,0.1125128
434.675,426.75,147.75,0.1144213
439.7,426.75,148.27,0.109972
444.725,426.75,148.78,0.1021568
449.75,426.75,149.32,0.09346013
454.775,426.75,149.78,0.0847701
459.8,426.75,150.09,0.0765774
464.825,426.75,150.35,0.06924322
469.85,426.75,150.59,0.06329593
474.875,426.75,150.82,0.05914133
479.9,426.75,151.08,0.05668096
484.925,426.75,151.32,0.05554007
489.95,426.75,151.61,0.05510456
494.975,426.75,151.93,0.05478364
500,426.75,152.21,0.05412503
505.025,426.75,152.43,0.05287233
510.05,426.75,152.59,0.05117443
515.075,426.75,152.74,0.04927261
520.1,426.75,152.91,0.04732878
525.125,426.75,153.06,0.04563632
530.15,426.75,153.19,0.04449156
535.175,426.75,153.34,0.04396475
540.2,426.75,153.5,0.04407228
545.225,426.75,153.66,0.0447002
550.25,426.75,153.85,0.04588333
555.275,426.75,154.08,0.04760011
560.3,426.75,154.32,0.04957041
565.325,426.75,154.55,0.05162576
570.35,426.75,154.77,0.05338776
575.375,426.75,154.99,0.05453369
580.4,426.75,155.23,0.0548512
585.425,426.75,155.48,0.05448739
590.45,426.75,155.75,0.05370976
595.475,426.75,156.04,0.05280346
600.5,426.75,156.26,0.05164079
605.525,426.75,156.45,0.0499612
610.55,426.75,156.62,0.04777095
615.575,426.75,156.8,0.04558948
620.6,426.75,156.99,0.04388896
625.625,426.75,157.17,0.04280316
630.65,426.75,157.27,0.04169694
635.675,426.75,157.32,0.03986615
640.7,426.75,157.42,0.03727718
645.725,426.75,157.59,0.03425346
650.75,426.75,157.76,0.03130722
655.775,426.75,157.86,0.02877234
660.8,426.75,157.8,0.02692824
665.825,426.75,157.67,0.02581004
670.85,426.75,157.55,0.02465128
675.875,426.75,157.45,0.02220626
680.9,426.75,157.37,0.01792464
685.925,426.75,157.36,0.01249331
690.95,426.75,157.32,0.007066162
695.975,426.75,157.29,0.003551151
701,426.75,157.31,0.00331994
706.025,426.75,157.36,0.003463258
711.05,426.75,157.5,0.002777311
716.075,426.75,157.67,0.003406338
721.1,426.75,157.77,0.005152835
726.125,426.75,157.84,0.007240888
731.15,426.75,157.7,0.009956413
736.175,426.75,157.47,0.01329697
741.2,426.75,157.35,0.01694288
746.225,426.75,157.28,0.0203452
751.25,426.75,157.2,0.02286428
756.275,426.75,157.13,0.02418594
761.3,426.75,157.04,0.02473102
766.325,426.75,156.94,0.02595004
771.35,426.75,156.79,0.029233
776.375,426.75,156.63,0.03446774
781.4,426.75,156.49,0.0401593
786.425,426.75,156.36,0.04541946
791.45,426.75,156.16,0.05007032
796.475,426.75,155.93,0.05394949
801.5,426.75,155.73,0.05727334
806.525,426.75,155.52,0.0607125
811.55,426.75,155.24,0.06595005
816.575,426.75,154.92,0.07499759
821.6,426.75,154.56,0.08749994
826.625,426.75,154.18,0.1018575
831.65,426.75,153.81,0.1176068
836.675,426.75,153.37,0.1347836
841.7,426.75,152.77,0.1539197
846.725,426.75,152.13,0.1755755
851.75,426.75,151.42,0.1974857
856.775,426.75,150.63,0.2160294
861.8,426.75,149.63,0.2286032
866.825,426.75,148.19,0.2316912
871.85,426.75,146.82,0.2249818
876.875,426.75,145.74,0.2089835
881.9,426.75,144.68,0.1877239
886.925,426.75,143.61,0.1648484
891.95,426.75,142.88,0.1410477
896.975,426.75,142.89,0.1237557
902,426.75,142.91,0.1078196
907.025,426.75,142.75,0.1004867
912.05,426.75,142.38,0.1019124
917.075,426.75,142.04,0.1060363
922.1,426.75,141.68,0.1093147
927.125,426.75,141.63,0.109116
932.15,426.75,140.77,0.1064174
937.175,426.75,139.82,0.09924558
942.2,426.75,139.16,0.09020476
947.225,426.75,139.03,0.08228622
952.25,426.75,138.95,0.07833974
957.275,426.75,138.85,0.07830925
962.3,426.75,138.69,0.0888293
967.325,426.75,138.36,0.1161806
972.35,426.75,138.06,0.1518868
977.375,426.75,137.76,0.1859414
982.4,426.75,137.08,0.2183917
987.425,426.75,135.86,0.2417234
992.45,426.75,133.94,0.2620681
997.475,426.75,131.82,0.267181
1002.5,426.75,130.05,0.2309648
-2.5,431.8,140.65,0.2603713
2.525,431.8,141.68,0.2520258
7.55,431.8,142.75,0.2362534
12.575,431.8,143.81,0.2219297
17.6,431.8,144.63,0.2110102
22.625,431.8,145.2,0.200551
27.65,431.8,145.69,0.1895305
32.675,431.8,146.21,0.1780004
37.7,431.8,146.74,0.1666186
42.725,431.8,147.19,0.1551386
47.75,431.8,147.61,0.1428873
52.775,431.8,148.02,0.1295128
57.8,431.8,148.38,0.1156684
62.825,431.8,148.65,0.1019266
67.85,431.8,148.9,0.0882775
72.875,431.8,149.11,0.07444442
77.9,431.8,149.3,0.06062741
82.925,431.8,149.41,0.04777583
87.95,431.8,149.4,0.03690271
92.975,431.8,149.37,0.02954871
98,431.8,149.24,0.02751574
103.025,431.8,149.05,0.03043779
108.05,431.8,148.84,0.03555654
113.075,431.8,148.66,0.04055672
118.1,431.8,148.49,0.04490114
123.125,431.8,148.26,0.04875725
128.15,431.8,147.97,0.05224396
133.175,431.8,147.63,0.05511421
138.2,431.8,147.32,0.05650472
143.225,431.8,147.03,0.05512882
148.25,431.8,146.75,0.05133339
153.275,431.8,146.48,0.04683969
158.3,431.8,146.21,0.04301508
163.325,431.8,146.07,0.04062169
168.35,431.8,146.09,0.03957376
173.375,431.8,146.09,0.03961727
178.4,431.8,146,0.04021467
183.425,431.8,145.8,0.04057488
188.45,431.8,145.6,0.03988819
193.475,431.8,145.43,0.03828452
198.5,431.8,145.25,0.03736062
203.525,431.8,145.16,0.04059843
208.55,431.8,145.29,0.04908345
213.575,431.8,145.56,0.06005657
218.6,431.8,145.95,0.0703693
223.625,431.8,146.37,0.07748089
228.65,431.8,146.79,0.08003142
233.675,431.8,147.22,0.07821439
238.7,431.8,147.64,0.07359285
243.725,431.8,147.96,0.06798564
248.75,431.8,148.17,0.06260364
253.775,431.8,148.28,0.05812436
258.8,431.8,148.39,0.05497518
263.825,431.8,148.52,0.05314809
268.85,431.8,148.64,0.05251367
273.875,431.8,148.73,0.05254368
278.9,431.8,148.82,0.05264943
283.925,431.8,148.9,0.05267457
288.95,431.8,148.96,0.05242812
293.975,431.8,149.01,0.05195073
299,431.8,149.07,0.05146103
304.025,431.8,149.16,0.05132302
309.05,431.8,149.24,0.05198541
314.075,431.8,149.26,0.05363211
319.1,431.8,149.2,0.05627933
324.125,431.8,149.09,0.06003879
329.15,431.8,148.97,0.06482641
334.175,431.8,148.85,0.06996785
339.2,431.8,148.74,0.07454618
344.225,431.8,148.54,0.07781794
349.25,431.8,148.22,0.07986383
354.275,431.8,147.84,0.08100765
359.3,431.8,147.51,0.08138125
364.325,431.8,147.26,0.08107909
369.35,431.8,147.02,0.08008047
374.375,431.8,146.74,0.07861474
379.4,431.8,146.39,0.07682064
384.425,431.8,146.01,0.07272535
389.45,431.8,145.62,0.0636864
394.475,431.8,145.23,0.04918329
399.5,431.8,144.86,0.03133284
404.525,431.8,144.62,0.02218888
409.55,431.8,144.69,0.03762608
414.575,431.8,145.23,0.06082413
419.6,431.8,145.96,0.08266304
424.625,431.8,146.66,0.1000673
429.65,431.8,147.35,0.1106362
434.675,431.8,147.94,0.1130956
439.7,431.8,148.48,0.1091622
444.725,431.8,148.97,0.1015947
449.75,431.8,149.48,0.0927763
454.775,431.8,149.97,0.0837506
459.8,431.8,150.32,0.07485368
464.825,431.8,150.58,0.06692323
469.85,431.8,150.82,0.06059207
474.875,431.8,151.07,0.05630884
479.9,431.8,151.3,0.05387805
484.925,431.8,151.49,0.05287215
489.95,431.8,151.67,0.05268123
494.975,431.8,151.96,0.05272395
500,431.8,152.26,0.05243099
505.025,431.8,152.5,0.051509
510.05,431.8,152.7,0.05012324
515.075,431.8,152.85,0.04856082
520.1,431.8,153.04,0.04699268
525.125,431.8,153.19,0.04565512
530.15,431.8,153.29,0.04487061
535.175,431.8,153.43,0.04466698
540.2,431.8,153.59,0.04501445
545.225,431.8,153.76,0.04590848
550.25,431.8,153.93,0.04733453
555.275,431.8,154.14,0.04930403
560.3,431.8,154.37,0.05150882
565.325,431.8,154.62,0.05364204
570.35,431.8,154.86,0.05548719
575.375,431.8,155.09,0.0566367
580.4,431.8,155.34,0.05705316
585.425,431.8,155.61,0.05677878
590.45,431.8,155.85,0.05613868
595.475,431.8,156.1,0.05527139
600.5,431.8,156.33,0.05414787
605.525,431.8,156.54,0.0524199
610.55,431.8,156.75,0.05008881
615.575,431.8,156.94,0.04773325
620.6,431.8,157.14,0.04581216
625.625,431.8,157.32,0.04449005
630.65,431.8,157.44,0.04313251
635.675,431.8,157.51,0.04105536
640.7,431.8,157.6,0.03829638
645.725,431.8,157.79,0.03530985
650.75,431.8,158.02,0.03268776
655.775,431.8,158.1,0.03082204
660.8,431.8,158.01,0.02978876
665.825,431.8,157.82,0.02962014
670.85,431.8,157.61,0.02962243
675.875,431.8,157.46,0.02853199
680.9,431.8,157.35,0.02542979
685.925,431.8,157.37,0.02044398
690.95,431.8,157.49,0.01449077
695.975,431.8,157.44,0.00862476
701,431.8,157.4,0.003815842
706.025,431.8,157.38,0.0008663357
711.05,431.8,157.36,0.001337981
716.075,431.8,157.45,0.002668704
721.1,431.8,157.54,0.004153625
726.125,431.8,157.62,0.005510085
731.15,431.8,157.68,0.007387686
736.175,431.8,157.5,0.01010076
741.2,431.8,157.37,0.01345216
746.225,431.8,157.31,0.01720371
751.25,431.8,157.23,0.02059729
756.275,431.8,157.15,0.02292478
761.3,431.8,157.08,0.02431416
766.325,431.8,156.99,0.02585994
771.35,431.8,156.88,0.02852675
776.375,431.8,156.73,0.03304428
781.4,431.8,156.58,0.03891099
786.425,431.8,156.45,0.0453978
791.45,431.8,156.3,0.05224272
796.475,431.8,156.04,0.0591795
801.5,431.8,155.76,0.06634548
806.525,431.8,155.46,0.07387043
811.55,431.8,155.11,0.0828273
816.575,431.8,154.69,0.09433018
821.6,431.8,154.24,0.1081541
826.625,431.8,153.8,0.1226957
831.65,431.8,153.35,0.1376139
836.675,431.8,152.87,0.1537423
841.7,431.8,152.25,0.1718585
846.725,431.8,151.65,0.1920697
851.75,431.8,151.01,0.2117302
856.775,431.8,150.05,0.2270072
861.8,431.8,148.93,0.2346071
866.825,431.8,147.25,0.2321969
871.85,431.8,145.13,0.2212442
876.875,431.8,143.95,0.2044354
881.9,431.8,143.27,0.1858726
886.925,431.8,142.62,0.1633932
891.95,431.8,141.87,0.1430943
896.975,431.8,141.64,0.1292131
902,431.8,141.92,0.1176603
907.025,431.8,141.98,0.1110761
912.05,431.8,141.84,0.1107804
917.075,431.8,141.44,0.1152163
922.1,431.8,141.25,0.1170991
927.125,431.8,142.84,0.11636
932.15,431.8,141.84,0.1125066
937.175,431.8,140.16,0.1050757
942.2,431.8,138.89,0.09637213
947.225,431.8,138.89,0.08850433
952.25,431.8,138.69,0.0843076
957.275,431.8,138.69,0.08405787
962.3,431.8,138.66,0.08987603
967.325,431.8,138.4,0.1108812
972.35,431.8,137.75,0.1451192
977.375,431.8,137.22,0.1818095
982.4,431.8,136.53,0.2186189
987.425,431.8,135.23,0.2507343
992.45,431.8,133.35,0.2804097
997.475,431.8,131.28,0.2989715
1002.5,431.8,129.64,0.2846527
-2.5,436.85,139.87,0.2562809
2.525,436.85,140.85,0.2513249
7.55,436.85,141.95,0.2388163
12.575,436.85,142.92,0.2278891
17.6,436.85,143.7,0.2199864
22.625,436.85,144.31,0.2119851
27.65,436.85,144.87,0.2030979
32.675,436.85,145.39,0.1932181
37.7,436.85,145.95,0.1830973
42.725,436.85,146.46,0.1726554
47.75,436.85,146.95,0.161249
52.775,436.85,147.39,0.1482381
57.8,436.85,147.82,0.1338406
62.825,436.85,148.17,0.1191114
67.85,436.85,148.49,0.1043193
72.875,436.85,148.79,0.08913251
77.9,436.85,149.06,0.07368723
82.925,436.85,149.26,0.05879555
87.95,436.85,149.29,0.04545545
92.975,436.85,149.22,0.03457463
98,436.85,149.12,0.02792689
103.025,436.85,148.96,0.02708209
108.05,436.85,148.78,0.03046985
113.075,436.85,148.61,0.03512632
118.1,436.85,148.46,0.03968764
123.125,436.85,148.28,0.04403904
128.15,436.85,148.01,0.04821115
133.175,436.85,147.7,0.05186327
138.2,436.85,147.41,0.05392918
143.225,436.85,147.14,0.05330531
148.25,436.85,146.87,0.05012123
153.275,436.85,146.6,0.04619965
158.3,436.85,146.34,0.04301232
163.325,436.85,146.2,0.04107169
168.35,436.85,146.29,0.04028537
173.375,436.85,146.32,0.04045822
178.4,436.85,146.18,0.04103715
183.425,436.85,145.98,0.04125652
188.45,436.85,145.78,0.04052593
193.475,436.85,145.58,0.03885396
198.5,436.85,145.4,0.03807909
203.525,436.85,145.3,0.04126342
208.55,436.85,145.48,0.04941433
213.575,436.85,145.82,0.05993127
218.6,436.85,146.2,0.0696786
223.625,436.85,146.6,0.07629525
228.65,436.85,147,0.07821644
233.675,436.85,147.39,0.07585761
238.7,436.85,147.78,0.07086513
243.725,436.85,148.11,0.06510709
248.75,436.85,148.31,0.05968604
253.775,436.85,148.45,0.05517388
258.8,436.85,148.58,0.05192763
263.825,436.85,148.72,0.05004982
268.85,436.85,148.87,0.04941061
273.875,436.85,148.99,0.04957149
278.9,436.85,149.07,0.04993029
283.925,436.85,149.15,0.05015803
288.95,436.85,149.2,0.05016327
293.975,436.85,149.25,0.04985828
299,436.85,149.31,0.04957918
304.025,436.85,149.38,0.04961879
309.05,436.85,149.49,0.0503487
314.075,436.85,149.52,0.05195111
319.1,436.85,149.47,0.0544154
324.125,436.85,149.37,0.05791184
329.15,436.85,149.27,0.06258396
334.175,436.85,149.16,0.06785322
339.2,436.85,149.06,0.07290001
344.225,436.85,148.89,0.07702045
349.25,436.85,148.54,0.08003124
354.275,436.85,148.16,0.08225937
359.3,436.85,147.81,0.08372787
364.325,436.85,147.52,0.08434066
369.35,436.85,147.27,0.08406738
374.375,436.85,146.96,0.08315494
379.4,436.85,146.57,0.08166587
384.425,436.85,146.16,0.07804663
389.45,436.85,145.76,0.06934782
394.475,436.85,145.36,0.05451259
399.5,436.85,144.98,0.03531942
404.525,436.85,144.71,0.02084045
409.55,436.85,144.76,0.03247753
414.575,436.85,145.19,0.05565625
419.6,436.85,145.9,0.07803227
424.625,436.85,146.61,0.096334
429.65,436.85,147.33,0.1083789
434.675,436.85,148,0.112446
439.7,436.85,148.58,0.1095755
444.725,436.85,149.1,0.1027409
449.75,436.85,149.59,0.0941028
454.775,436.85,150.06,0.08483233
459.8,436.85,150.46,0.0754056
464.825,436.85,150.76,0.06665563
469.85,436.85,151,0.05958212
474.875,436.85,151.23,0.05487463
479.9,436.85,151.45,0.05242861
484.925,436.85,151.62,0.05157771
489.95,436.85,151.76,0.05152507
494.975,436.85,151.96,0.05178848
500,436.85,152.24,0.05171022
505.025,436.85,152.49,0.05099093
510.05,436.85,152.73,0.0497581
515.075,436.85,152.94,0.04840389
520.1,436.85,153.16,0.04708042
525.125,436.85,153.35,0.04608169
530.15,436.85,153.44,0.04560409
535.175,436.85,153.55,0.04569646
540.2,436.85,153.71,0.04630388
545.225,436.85,153.88,0.04738642
550.25,436.85,154.05,0.04903725
555.275,436.85,154.23,0.0511687
560.3,436.85,154.45,0.05352692
565.325,436.85,154.69,0.05570613
570.35,436.85,154.95,0.0575703
575.375,436.85,155.21,0.05880294
580.4,436.85,155.47,0.05928184
585.425,436.85,155.75,0.05912679
590.45,436.85,156.01,0.05859182
595.475,436.85,156.22,0.05779574
600.5,436.85,156.42,0.05657075
605.525,436.85,156.63,0.05466143
610.55,436.85,156.86,0.05216508
615.575,436.85,157.09,0.04955603
620.6,436.85,157.31,0.04735328
625.625,436.85,157.51,0.04567677
630.65,436.85,157.61,0.04399989
635.675,436.85,157.69,0.04163223
640.7,436.85,157.8,0.0387149
645.725,436.85,157.97,0.03571031
650.75,436.85,158.23,0.03337319
655.775,436.85,158.35,0.03216116
660.8,436.85,158.23,0.03193185
665.825,436.85,158.02,0.03245306
670.85,436.85,157.76,0.03326572
675.875,436.85,157.54,0.033434
680.9,436.85,157.39,0.0318226
685.925,436.85,157.36,0.02821176
690.95,436.85,157.53,0.02293842
695.975,436.85,157.62,0.01685405
701,436.85,157.54,0.01087995
706.025,436.85,157.46,0.005843306
711.05,436.85,157.37,0.00285505
716.075,436.85,157.3,0.002501644
721.1,436.85,157.3,0.003415319
726.125,436.85,157.33,0.004344161
731.15,436.85,157.47,0.005654769
736.175,436.85,157.5,0.0078921
741.2,436.85,157.39,0.01093549
746.225,436.85,157.32,0.01464836
751.25,436.85,157.26,0.01855457
756.275,436.85,157.18,0.0217023
761.3,436.85,157.1,0.02384616
766.325,436.85,157.01,0.02589146
771.35,436.85,156.92,0.02900559
776.375,436.85,156.8,0.03366403
781.4,436.85,156.66,0.04019582
786.425,436.85,156.53,0.0483103
791.45,436.85,156.37,0.0575787
796.475,436.85,156.1,0.0675406
801.5,436.85,155.72,0.07804201
806.525,436.85,155.32,0.08911692
811.55,436.85,154.88,0.1009016
816.575,436.85,154.39,0.1142503
821.6,436.85,153.86,0.1282959
826.625,436.85,153.33,0.1423905
831.65,436.85,152.82,0.1562788
836.675,436.85,152.26,0.1707839
841.7,436.85,151.59,0.1870035
846.725,436.85,150.91,0.2046132
851.75,436.85,150.39,0.2209846
856.775,436.85,149.46,0.2317349
861.8,436.85,148.14,0.2345696
866.825,436.85,146.49,0.2278465
871.85,436.85,144.27,0.2151408
876.875,436.85,142.62,0.2002786
881.9,436.85,142.15,0.1805595
886.925,436.85,141.74,0.1601488
891.95,436.85,141.46,0.1422235
896.975,436.85,141.13,0.1253346
902,436.85,141.17,0.1140281
907.025,436.85,141.16,0.1084148
912.05,436.85,141.2,0.1114586
917.075,436.85,140.92,0.1165457
922.1,436.85,140.58,0.1191156
927.125,436.85,142.78,0.1186425
932.15,436.85,142.01,0.1147115
937.175,436.85,139.49,0.1078126
942.2,436.85,138.25,0.09969978
947.225,436.85,138.56,0.09348581
952.25,436.85,138.48,0.09189157
957.275,436.85,138.39,0.09348324
962.3,436.85,138.46,0.09831176
967.325,436.85,138.33,0.1151265
972.35,436.85,137.71,0.14661
977.375,436.85,136.69,0.183054
982.4,436.85,135.69,0.2227576
987.425,436.85,134.32,0.2610661
992.45,436.85,132.51,0.2968528
997.475,436.85,130.7,0.3188426
1002.5,436.85,129.3,0.2961148
-2.5,441.9,139.11,0.2510754
2.525,441.9,140.04,0.2474626
7.55,441.9,141.07,0.2383983
12.575,441.9,142.02,0.230468
17.6,441.9,142.75,0.2250685
22.625,441.9,143.4,0.2198165
27.65,441.9,144.02,0.2124984
32.675,441.9,144.62,0.2044201
37.7,441.9,145.19,0.1956078
42.725,441.9,145.73,0.1860864
47.75,441.9,146.25,0.1757369
52.775,441.9,146.74,0.1637576
57.8,441.9,147.2,0.1498775
62.825,441.9,147.62,0.1349682
67.85,441.9,148.02,0.119587
72.875,441.9,148.39,0.1035875
77.9,441.9,148.72,0.08696833
82.925,441.9,148.99,0.0705096
87.95,441.9,149.1,0.05516157
92.975,441.9,149.07,0.04164771
98,441.9,148.97,0.03099032
103.025,441.9,148.85,0.02539938
108.05,441.9,148.71,0.0256315
113.075,441.9,148.58,0.02923012
118.1,441.9,148.45,0.03383094
123.125,441.9,148.3,0.03870394
128.15,441.9,148.07,0.04356416
133.175,441.9,147.78,0.04801904
138.2,441.9,147.51,0.05089524
143.225,441.9,147.25,0.05102954
148.25,441.9,146.99,0.04873501
153.275,441.9,146.74,0.04552503
158.3,441.9,146.49,0.04298442
163.325,441.9,146.33,0.04156876
168.35,441.9,146.41,0.04111616
173.375,441.9,146.5,0.04146958
178.4,441.9,146.37,0.04206902
183.425,441.9,146.17,0.04218028
188.45,441.9,145.96,0.04135639
193.475,441.9,145.76,0.03965477
198.5,441.9,145.57,0.03874328
203.525,441.9,145.46,0.041688
208.55,441.9,145.64,0.04929686
213.575,441.9,146.03,0.05919206
218.6,441.9,146.43,0.06837985
223.625,441.9,146.81,0.07448752
228.65,441.9,147.19,0.07604812
233.675,441.9,147.57,0.07334302
238.7,441.9,147.93,0.0682652
243.725,441.9,148.25,0.06261549
248.75,441.9,148.47,0.05740158
253.775,441.9,148.61,0.05297407
258.8,441.9,148.76,0.04968496
263.825,441.9,148.91,0.04774558
268.85,441.9,149.07,0.04702286
273.875,441.9,149.21,0.047137
278.9,441.9,149.3,0.04756197
283.925,441.9,149.37,0.04792199
288.95,441.9,149.43,0.04811091
293.975,441.9,149.48,0.04805768
299,441.9,149.54,0.04803229
304.025,441.9,149.61,0.04829451
309.05,441.9,149.71,0.04908237
314.075,441.9,149.77,0.05062097
319.1,441.9,149.72,0.05290691
324.125,441.9,149.64,0.05611343
329.15,441.9,149.55,0.060479
334.175,441.9,149.46,0.06579619
339.2,441.9,149.37,0.07120305
344.225,441.9,149.22,0.07601591
349.25,441.9,148.9,0.07997892
354.275,441.9,148.49,0.08321858
359.3,441.9,148.13,0.08569845
364.325,441.9,147.8,0.08726492
369.35,441.9,147.51,0.08767779
374.375,441.9,147.2,0.08724776
379.4,441.9,146.79,0.08618452
384.425,441.9,146.36,0.08317126
389.45,441.9,145.94,0.0754031
394.475,441.9,145.54,0.06124721
399.5,441.9,145.16,0.04179292
404.525,441.9,144.86,0.02295373
409.55,441.9,144.84,0.02639046
414.575,441.9,145.2,0.04838256
419.6,441.9,145.84,0.07126266
424.625,441.9,146.54,0.090915
429.65,441.9,147.25,0.1050517
434.675,441.9,147.92,0.1116815
439.7,441.9,148.5,0.1109956
444.725,441.9,149.04,0.1056039
449.75,441.9,149.57,0.09786612
454.775,441.9,150.05,0.08889203
459.8,441.9,150.44,0.07938266
464.825,441.9,150.77,0.07032663
469.85,441.9,151.05,0.06271497
474.875,441.9,151.28,0.05737646
479.9,441.9,151.47,0.05443264
484.925,441.9,151.63,0.05326476
489.95,441.9,151.81,0.05300226
494.975,441.9,152.02,0.05303939
500,441.9,152.27,0.05277811
505.025,441.9,152.52,0.05190508
510.05,441.9,152.77,0.05061045
515.075,441.9,153.02,0.04919218
520.1,441.9,153.27,0.04784399
525.125,441.9,153.48,0.04685706
530.15,441.9,153.61,0.04653494
535.175,441.9,153.71,0.04680882
540.2,441.9,153.87,0.04761166
545.225,441.9,154.04,0.04887554
550.25,441.9,154.2,0.05068715
555.275,441.9,154.38,0.0529556
560.3,441.9,154.59,0.05537029
565.325,441.9,154.83,0.05766392
570.35,441.9,155.08,0.05960609
575.375,441.9,155.36,0.06095954
580.4,441.9,155.64,0.06152307
585.425,441.9,155.92,0.06144725
590.45,441.9,156.18,0.0608837
595.475,441.9,156.4,0.06003396
600.5,441.9,156.59,0.05868844
605.525,441.9,156.79,0.05654892
610.55,441.9,157.01,0.05378074
615.575,441.9,157.26,0.0509137
620.6,441.9,157.5,0.04838292
625.625,441.9,157.71,0.04628252
630.65,441.9,157.81,0.04410426
635.675,441.9,157.87,0.04136905
640.7,441.9,157.97,0.0382869
645.725,441.9,158.12,0.03534905
650.75,441.9,158.37,0.03316766
655.775,441.9,158.51,0.03239548
660.8,441.9,158.4,0.03278546
665.825,441.9,158.19,0.03387437
670.85,441.9,157.94,0.03532555
675.875,441.9,157.72,0.0363707
680.9,441.9,157.55,0.03612646
685.925,441.9,157.48,0.03401805
690.95,441.9,157.59,0.03031273
695.975,441.9,157.71,0.02516377
701,441.9,157.65,0.01923138
706.025,441.9,157.53,0.01329499
711.05,441.9,157.4,0.008612022
716.075,441.9,157.28,0.006066704
721.1,441.9,157.21,0.005032517
726.125,441.9,157.21,0.004773608
731.15,441.9,157.35,0.005356189
736.175,441.9,157.47,0.007008127
741.2,441.9,157.44,0.009624947
746.225,441.9,157.36,0.01314364
751.25,441.9,157.3,0.01722083
756.275,441.9,157.24,0.02097683
761.3,441.9,157.16,0.02370168
766.325,441.9,157.06,0.0261826
771.35,441.9,156.95,0.02987967
776.375,441.9,156.83,0.03563622
781.4,441.9,156.7,0.04350776
786.425,441.9,156.56,0.05345907
791.45,441.9,156.38,0.0650223
796.475,441.9,156.08,0.07747927
801.5,441.9,155.64,0.09045858
806.525,441.9,155.14,0.1039332
811.55,441.9,154.6,0.1178568
816.575,441.9,154.03,0.1321316
821.6,441.9,153.44,0.1459891
826.625,441.9,152.84,0.1588184
831.65,441.9,152.23,0.1712086
836.675,441.9,151.6,0.1836226
841.7,441.9,150.88,0.1972248
846.725,441.9,150.14,0.2116557
851.75,441.9,149.56,0.2236706
856.775,441.9,148.73,0.2291713
861.8,441.9,147.41,0.2280283
866.825,441.9,145.84,0.2186376
871.85,441.9,143.8,0.2066581
876.875,441.9,142.21,0.1910245
881.9,441.9,141.73,0.1712926
886.925,441.9,141.55,0.1473158
891.95,441.9,141.52,0.1282726
896.975,441.9,141.45,0.1123954
902,441.9,141.13,0.100538
907.025,441.9,140.87,0.1006918
912.05,441.9,140.9,0.106538
917.075,441.9,140.67,0.1135788
922.1,441.9,139.9,0.1170991
927.125,441.9,140.3,0.1171091
932.15,441.9,140.24,0.1134775
937.175,441.9,137.97,0.1081174
942.2,441.9,137.29,0.101139
947.225,441.9,137.68,0.09727116
952.25,441.9,137.92,0.0980892
957.275,441.9,138,0.1004341
962.3,441.9,138.07,0.1083902
967.325,441.9,138.01,0.1260802
972.35,441.9,137.47,0.1561362
977.375,441.9,136.43,0.1897357
982.4,441.9,135.15,0.2267254
987.425,441.9,133.76,0.2572261
992.45,441.9,132.07,0.2873402
997.475,441.9,130.42,0.3017303
1002.5,441.9,129.16,0.26779
-2.5,446.95,138.35,0.2466719
2.525,446.95,139.24,0.2424252
7.55,446.95,140.22,0.2362489
12.575,446.95,141.13,0.2314832
17.6,446.95,141.82,0.2277839
22.625,446.95,142.34,0.2242996
27.65,446.95,142.94,0.2188552
32.675,446.95,143.66,0.2124175
37.7,446.95,144.34,0.2047439
42.725,446.95,144.94,0.1955491
47.75,446.95,145.45,0.1860669
52.775,446.95,146.01,0.1755636
57.8,446.95,146.55,0.1628558
62.825,446.95,147.02,0.1485776
67.85,446.95,147.47,0.1334374
72.875,446.95,147.94,0.1172641
77.9,446.95,148.35,0.1001345
82.925,446.95,148.68,0.08261654
87.95,446.95,148.87,0.06580139
92.975,446.95,148.9,0.05035043
98,446.95,148.84,0.03675384
103.025,446.95,148.75,0.0266227
108.05,446.95,148.66,0.02224564
113.075,446.95,148.57,0.02348121
118.1,446.95,148.47,0.02757405
123.125,446.95,148.34,0.03273212
128.15,446.95,148.15,0.03829146
133.175,446.95,147.89,0.04353011
138.2,446.95,147.64,0.04727166
143.225,446.95,147.37,0.04817716
148.25,446.95,147.13,0.04684695
153.275,446.95,146.89,0.04465468
158.3,446.95,146.65,0.04295208
163.325,446.95,146.5,0.04222171
168.35,446.95,146.54,0.04222324
173.375,446.95,146.65,0.04276955
178.4,446.95,146.55,0.04351588
183.425,446.95,146.35,0.04349548
188.45,446.95,146.14,0.04248432
193.475,446.95,145.94,0.04064005
198.5,446.95,145.75,0.03941672
203.525,446.95,145.67,0.04183569
208.55,446.95,145.84,0.04871211
213.575,446.95,146.24,0.05787385
218.6,446.95,146.65,0.06652235
223.625,446.95,147.01,0.07225891
228.65,446.95,147.37,0.0736306
233.675,446.95,147.73,0.07080618
238.7,446.95,148.07,0.06585658
243.725,446.95,148.39,0.0605424
248.75,446.95,148.63,0.05570264
253.775,446.95,148.78,0.05152484
258.8,446.95,148.94,0.04827359
263.825,446.95,149.09,0.04621002
268.85,446.95,149.25,0.04536977
273.875,446.95,149.41,0.0453303
278.9,446.95,149.52,0.04565966
283.925,446.95,149.59,0.04609649
288.95,446.95,149.65,0.04645384
293.975,446.95,149.71,0.04664089
299,446.95,149.77,0.04688627
304.025,446.95,149.83,0.04736023
309.05,446.95,149.92,0.04826267
314.075,446.95,149.99,0.04973528
319.1,446.95,149.97,0.05183762
324.125,446.95,149.9,0.05474256
329.15,446.95,149.83,0.05875264
334.175,446.95,149.76,0.06386864
339.2,446.95,149.69,0.06949303
344.225,446.95,149.55,0.07483358
349.25,446.95,149.25,0.07964654
354.275,446.95,148.82,0.08386758
359.3,446.95,148.44,0.08731272
364.325,446.95,148.1,0.08976068
369.35,446.95,147.78,0.09093233
374.375,446.95,147.44,0.09098488
379.4,446.95,147.03,0.09036676
384.425,446.95,146.6,0.08809923
389.45,446.95,146.16,0.08159982
394.475,446.95,145.75,0.06877954
399.5,446.95,145.36,0.05020558
404.525,446.95,144.99,0.02935907
409.55,446.95,144.87,0.021253
414.575,446.95,145.15,0.03902058
419.6,446.95,145.72,0.06195342
424.625,446.95,146.4,0.08301912
429.65,446.95,147.05,0.09976658
434.675,446.95,147.73,0.1099953
439.7,446.95,148.3,0.1126405
444.725,446.95,148.87,0.1098125
449.75,446.95,149.42,0.1040082
454.775,446.95,149.95,0.09644707
459.8,446.95,150.37,0.08797245
464.825,446.95,150.71,0.07956114
469.85,446.95,151.01,0.07201017
474.875,446.95,151.26,0.06599071
479.9,446.95,151.44,0.06214849
484.925,446.95,151.61,0.05995941
489.95,446.95,151.82,0.0585726
494.975,446.95,152.07,0.05756278
500,446.95,152.35,0.05639879
505.025,446.95,152.6,0.05481796
510.05,446.95,152.88,0.05299458
515.075,446.95,153.15,0.05102087
520.1,446.95,153.4,0.04936048
525.125,446.95,153.64,0.04807126
530.15,446.95,153.81,0.04753818
535.175,446.95,153.92,0.04771424
540.2,446.95,154.08,0.04858001
545.225,446.95,154.22,0.05001604
550.25,446.95,154.4,0.05200645
555.275,446.95,154.57,0.05433655
560.3,446.95,154.78,0.0568694
565.325,446.95,155.02,0.05933169
570.35,446.95,155.29,0.06145945
575.375,446.95,155.56,0.06292845
580.4,446.95,155.84,0.06355489
585.425,446.95,156.14,0.06347987
590.45,446.95,156.41,0.06280541
595.475,446.95,156.63,0.06175795
600.5,446.95,156.82,0.06020438
605.525,446.95,157.01,0.05785408
610.55,446.95,157.24,0.05485737
615.575,446.95,157.48,0.05165037
620.6,446.95,157.71,0.04873687
625.625,446.95,157.9,0.04615131
630.65,446.95,158.01,0.04344952
635.675,446.95,158.05,0.04027173
640.7,446.95,158.13,0.03690969
645.725,446.95,158.25,0.03396229
650.75,446.95,158.46,0.03194334
655.775,446.95,158.63,0.03130846
660.8,446.95,158.56,0.03207143
665.825,446.95,158.41,0.03345205
670.85,446.95,158.21,0.03536304
675.875,446.95,157.97,0.03718845
680.9,446.95,157.8,0.03810642
685.925,446.95,157.65,0.03758586
690.95,446.95,157.7,0.03552245
695.975,446.95,157.79,0.03203943
701,446.95,157.73,0.02717079
706.025,446.95,157.61,0.02122429
711.05,446.95,157.45,0.01560041
716.075,446.95,157.28,0.01159106
721.1,446.95,157.18,0.009278605
726.125,446.95,157.2,0.008000414
731.15,446.95,157.34,0.007795556
736.175,446.95,157.51,0.008476513
741.2,446.95,157.51,0.01006391
746.225,446.95,157.44,0.01277521
751.25,446.95,157.38,0.01667326
756.275,446.95,157.32,0.02085376
761.3,446.95,157.23,0.02414413
766.325,446.95,157.11,0.02702499
771.35,446.95,156.98,0.03131387
776.375,446.95,156.85,0.03821732
781.4,446.95,156.71,0.04776159
786.425,446.95,156.55,0.05954253
791.45,446.95,156.3,0.07301997
796.475,446.95,155.96,0.08743255
801.5,446.95,155.45,0.1021739
806.525,446.95,154.85,0.1171956
811.55,446.95,154.19,0.132241
816.575,446.95,153.56,0.1468155
821.6,446.95,152.93,0.1598826
826.625,446.95,152.24,0.1708699
831.65,446.95,151.5,0.1810689
836.675,446.95,150.81,0.1907672
841.7,446.95,150.05,0.2009079
846.725,446.95,149.26,0.211953
851.75,446.95,148.54,0.2197753
856.775,446.95,147.84,0.2196045
861.8,446.95,146.67,0.2137365
866.825,446.95,145.42,0.2014287
871.85,446.95,143.79,0.1898634
876.875,446.95,142.02,0.1736804
881.9,446.95,141.51,0.1514415
886.925,446.95,142.22,0.1278716
891.95,446.95,143.43,0.1099824
896.975,446.95,142.94,0.09771622
902,446.95,141.9,0.09021607
907.025,446.95,141.57,0.09209313
912.05,446.95,141.45,0.1006531
917.075,446.95,140.11,0.1105529
922.1,446.95,139.53,0.1146875
927.125,446.95,138.52,0.1145108
932.15,446.95,137.75,0.1111391
937.175,446.95,137.41,0.1063871
942.2,446.95,136.61,0.1003602
947.225,446.95,136.87,0.09929199
952.25,446.95,137.02,0.1043754
957.275,446.95,137.26,0.1055544
962.3,446.95,137.5,0.1140708
967.325,446.95,137.57,0.1362666
972.35,446.95,137.03,0.1657696
977.375,446.95,135.99,0.1949884
982.4,446.95,134.75,0.2235779
987.425,446.95,133.77,0.2446221
992.45,446.95,132.39,0.2594401
997.475,446.95,130.73,0.2535759
1002.5,446.95,129.38,0.2095014
-2.5,452,137.62,0.2236029
2.525,452,138.44,0.2323686
7.55,452,139.34,0.2322903
12.575,452,140.19,0.2298044
17.6,452,140.83,0.2276915
22.625,452,141.27,0.225702
27.65,452,141.61,0.2222612
32.675,452,142.28,0.2159864
37.7,452,143.1,0.2095033
42.725,452,143.88,0.2016582
47.75,452,144.5,0.1924105
52.775,452,145.09,0.1831253
57.8,452,145.76,0.1721862
62.825,452,146.35,0.1592092
67.85,452,146.82,0.1451662
72.875,452,147.34,0.1296486
77.9,452,147.86,0.1126763
82.925,452,148.3,0.09493296
87.95,452,148.61,0.07728392
92.975,452,148.71,0.0605342
98,452,148.71,0.04504028
103.025,452,148.66,0.03152676
108.05,452,148.61,0.02212234
113.075,452,148.57,0.0189416
118.1,452,148.51,0.02128824
123.125,452,148.4,0.02628783
128.15,452,148.24,0.03229037
133.175,452,148.04,0.03826574
138.2,452,147.8,0.04289404
143.225,452,147.54,0.04471026
148.25,452,147.28,0.04419769
153.275,452,147.05,0.04315443
158.3,452,146.83,0.04247406
163.325,452,146.73,0.04253985
168.35,452,146.76,0.04319828
173.375,452,146.81,0.04415762
178.4,452,146.74,0.04510447
183.425,452,146.54,0.04522234
188.45,452,146.33,0.043964
193.475,452,146.13,0.04185472
198.5,452,145.95,0.04017527
203.525,452,145.9,0.04176313
208.55,452,146.1,0.04768527
213.575,452,146.46,0.05602524
218.6,452,146.87,0.0641381
223.625,452,147.21,0.06964661
228.65,452,147.53,0.07108392
233.675,452,147.86,0.06845135
238.7,452,148.19,0.06373343
243.725,452,148.49,0.05885915
248.75,452,148.74,0.0544701
253.775,452,148.93,0.05065079
258.8,452,149.09,0.04754996
263.825,452,149.26,0.04541443
268.85,452,149.43,0.04435893
273.875,452,149.58,0.04414082
278.9,452,149.71,0.04437194
283.925,452,149.79,0.04481187
288.95,452,149.86,0.04529061
293.975,452,149.93,0.04567998
299,452,150,0.04610597
304.025,452,150.08,0.04677086
309.05,452,150.14,0.04776737
314.075,452,150.19,0.04917401
319.1,452,150.19,0.05107229
324.125,452,150.15,0.05364725
329.15,452,150.1,0.0573369
334.175,452,150.05,0.06219518
339.2,452,150,0.06783812
344.225,452,149.86,0.07354
349.25,452,149.56,0.07899222
354.275,452,149.17,0.0841108
359.3,452,148.77,0.08842327
364.325,452,148.42,0.0916561
369.35,452,148.09,0.09349388
374.375,452,147.73,0.0940806
379.4,452,147.31,0.09403208
384.425,452,146.87,0.0926736
389.45,452,146.43,0.08766547
394.475,452,146,0.07669856
399.5,452,145.62,0.05971937
404.525,452,145.21,0.03888309
409.55,452,144.87,0.0210543
414.575,452,145.02,0.02786602
419.6,452,145.5,0.04993155
424.625,452,146.13,0.07234651
429.65,452,146.75,0.09166874
434.675,452,147.33,0.1057652
439.7,452,147.9,0.1129161
444.725,452,148.51,0.1138853
449.75,452,149.19,0.1113865
454.775,452,149.74,0.1065969
459.8,452,150.21,0.1004421
464.825,452,150.57,0.09390298
469.85,452,150.89,0.08740718
474.875,452,151.17,0.08119277
479.9,452,151.36,0.07605424
484.925,452,151.54,0.07235757
489.95,452,151.83,0.0693003
494.975,452,152.15,0.06651005
500,452,152.46,0.063621
505.025,452,152.73,0.06036648
510.05,452,153.01,0.05709501
515.075,452,153.31,0.05401787
520.1,452,153.57,0.05126825
525.125,452,153.8,0.04929873
530.15,452,154.04,0.04818762
535.175,452,154.21,0.048034
540.2,452,154.37,0.04875874
545.225,452,154.49,0.05030493
550.25,452,154.62,0.05246289
555.275,452,154.84,0.05496146
560.3,452,155.06,0.05763792
565.325,452,155.3,0.06034212
570.35,452,155.55,0.06273003
575.375,452,155.83,0.06431981
580.4,452,156.09,0.06494084
585.425,452,156.37,0.06468737
590.45,452,156.69,0.06386675
595.475,452,156.94,0.06259114
600.5,452,157.14,0.06081554
605.525,452,157.31,0.05828141
610.55,452,157.51,0.05503571
615.575,452,157.74,0.0515462
620.6,452,157.95,0.0481738
625.625,452,158.1,0.04509385
630.65,452,158.18,0.04188829
635.675,452,158.23,0.03833634
640.7,452,158.28,0.03471447
645.725,452,158.4,0.03167548
650.75,452,158.55,0.02968672
655.775,452,158.71,0.02912878
660.8,452,158.72,0.03000627
665.825,452,158.63,0.03166635
670.85,452,158.55,0.03365457
675.875,452,158.4,0.03606532
680.9,452,158.22,0.03797333
685.925,452,158.04,0.03882204
690.95,452,157.86,0.03849119
695.975,452,157.88,0.03677674
701,452,157.82,0.03355286
706.025,452,157.68,0.0285947
711.05,452,157.53,0.02284388
716.075,452,157.36,0.01809601
721.1,452,157.23,0.01486452
726.125,452,157.26,0.01289966
731.15,452,157.43,0.01199882
736.175,452,157.58,0.01184411
741.2,452,157.6,0.01225119
746.225,452,157.53,0.01389219
751.25,452,157.48,0.01706676
756.275,452,157.41,0.02126399
761.3,452,157.29,0.02505971
766.325,452,157.15,0.02845738
771.35,452,156.99,0.03334126
776.375,452,156.83,0.04127637
781.4,452,156.68,0.0522492
786.425,452,156.54,0.06566083
791.45,452,156.23,0.08065634
796.475,452,155.74,0.09637037
801.5,452,155.11,0.1123711
806.525,452,154.42,0.1284626
811.55,452,153.66,0.1440838
816.575,452,152.91,0.1581436
821.6,452,152.25,0.1698558
826.625,452,151.54,0.1785948
831.65,452,150.62,0.1858088
836.675,452,149.77,0.192646
841.7,452,148.98,0.1985865
846.725,452,148.28,0.2047242
851.75,452,147.53,0.2082646
856.775,452,146.73,0.2052162
861.8,452,145.81,0.1965325
866.825,452,144.58,0.1816795
871.85,452,143.74,0.1693916
876.875,452,142.77,0.1530801
881.9,452,142.28,0.1332904
886.925,452,141.95,0.1151988
891.95,452,143.11,0.1005413
896.975,452,142.69,0.09167593
902,452,141.12,0.08761656
907.025,452,140.81,0.09173487
912.05,452,139.93,0.1001348
917.075,452,136.8,0.1094223
922.1,452,136.62,0.1120569
927.125,452,136.51,0.1110297
932.15,452,137.22,0.1072788
937.175,452,136.64,0.1020119
942.2,452,136.44,0.09782124
947.225,452,136.34,0.0991697
952.25,452,136.59,0.1010483
957.275,452,136.69,0.1035905
962.3,452,136.76,0.1154832
967.325,452,137.18,0.1374869
972.35,452,136.54,0.1643461
977.375,452,135.48,0.1899505
982.4,452,134.58,0.2121863
987.425,452,133.54,0.2266332
992.45,452,132.37,0.2301413
997.475,452,130.78,0.2082
1002.5,452,129.74,0.1517906
-2.5,457.05,136.93,0.2003297
2.525,457.05,137.62,0.2103597
7.55,457.05,138.39,0.2120492
12.575,457.05,139.13,0.2140132
17.6,457.05,139.73,0.2169159
22.625,457.05,140.18,0.2176403
27.65,457.05,140.56,0.2159684
32.675,457.05,141.05,0.2131013
37.7,457.05,141.88,0.2092664
42.725,457.05,142.75,0.2034379
47.75,457.05,143.52,0.1945895
52.775,457.05,144.2,0.1857272
57.8,457.05,144.95,0.1766492
62.825,457.05,145.65,0.1659362
67.85,457.05,146.19,0.153458
72.875,457.05,146.7,0.1395143
77.9,457.05,147.29,0.1235123
82.925,457.05,147.81,0.1063228
87.95,457.05,148.23,0.0888609
92.975,457.05,148.46,0.07163834
98,457.05,148.53,0.05505342
103.025,457.05,148.55,0.0395763
108.05,457.05,148.53,0.0265618
113.075,457.05,148.53,0.01802765
118.1,457.05,148.52,0.01594465
123.125,457.05,148.47,0.01952033
128.15,457.05,148.32,0.02558378
133.175,457.05,148.13,0.03214681
138.2,457.05,147.93,0.03751997
143.225,457.05,147.71,0.04034257
148.25,457.05,147.46,0.04076076
153.275,457.05,147.22,0.0406688
158.3,457.05,147.01,0.04109777
163.325,457.05,146.9,0.04205782
168.35,457.05,147.01,0.04340082
173.375,457.05,147.05,0.04500166
178.4,457.05,146.93,0.04635383
183.425,457.05,146.73,0.04680351
188.45,457.05,146.53,0.04568771
193.475,457.05,146.34,0.04322547
198.5,457.05,146.16,0.04102834
203.525,457.05,146.09,0.04163457
208.55,457.05,146.33,0.04643426
213.575,457.05,146.7,0.05388561
218.6,457.05,147.07,0.06141177
223.625,457.05,147.39,0.06680741
228.65,457.05,147.69,0.06846793
233.675,457.05,147.99,0.0663339
238.7,457.05,148.3,0.06203361
243.725,457.05,148.59,0.05760194
248.75,457.05,148.83,0.05368258
253.775,457.05,149.04,0.05023496
258.8,457.05,149.22,0.04731029
263.825,457.05,149.4,0.04515207
268.85,457.05,149.59,0.04392448
273.875,457.05,149.75,0.04352797
278.9,457.05,149.87,0.04370856
283.925,457.05,149.97,0.0441489
288.95,457.05,150.05,0.04470369
293.975,457.05,150.14,0.0451847
299,457.05,150.22,0.0457294
304.025,457.05,150.31,0.04646192
309.05,457.05,150.38,0.04745384
314.075,457.05,150.41,0.0487555
319.1,457.05,150.41,0.05041681
324.125,457.05,150.38,0.05266308
329.15,457.05,150.36,0.05599201
334.175,457.05,150.33,0.0606154
339.2,457.05,150.3,0.06620819
344.225,457.05,150.19,0.07219533
349.25,457.05,149.87,0.07814534
354.275,457.05,149.48,0.08387201
359.3,457.05,149.1,0.08895307
364.325,457.05,148.74,0.09287534
369.35,457.05,148.41,0.09528024
374.375,457.05,148.05,0.09631807
379.4,457.05,147.62,0.09679906
384.425,457.05,147.19,0.09647343
389.45,457.05,146.74,0.09307929
394.475,457.05,146.3,0.08432182
399.5,457.05,145.92,0.06952298
404.525,457.05,145.55,0.04999268
409.55,457.05,145.1,0.02853253
414.575,457.05,144.98,0.01770546
419.6,457.05,145.33,0.03508795
424.625,457.05,145.83,0.05857448
429.65,457.05,146.41,0.08034824
434.675,457.05,146.94,0.09789184
439.7,457.05,147.42,0.109635
444.725,457.05,147.97,0.1153281
449.75,457.05,148.72,0.1169385
454.775,457.05,149.39,0.1159766
459.8,457.05,149.88,0.1131982
464.825,457.05,150.29,0.1094432
469.85,457.05,150.62,0.1047698
474.875,457.05,150.9,0.0994819
479.9,457.05,151.12,0.09399277
484.925,457.05,151.32,0.0889893
489.95,457.05,151.7,0.08421277
494.975,457.05,152.14,0.07947808
500,457.05,152.52,0.07454807
505.025,457.05,152.84,0.06920081
510.05,457.05,153.12,0.06348157
515.075,457.05,153.41,0.05835877
520.1,457.05,153.69,0.05396502
525.125,457.05,153.93,0.05057427
530.15,457.05,154.18,0.04848599
535.175,457.05,154.43,0.04771912
540.2,457.05,154.63,0.04821574
545.225,457.05,154.78,0.04979207
550.25,457.05,154.87,0.05203311
555.275,457.05,155.06,0.05467049
560.3,457.05,155.33,0.05759647
565.325,457.05,155.6,0.06053475
570.35,457.05,155.83,0.06316221
575.375,457.05,156.09,0.06484155
580.4,457.05,156.34,0.06532166
585.425,457.05,156.61,0.0648209
590.45,457.05,156.93,0.06375055
595.475,457.05,157.23,0.06223968
600.5,457.05,157.45,0.06023851
605.525,457.05,157.65,0.05753088
610.55,457.05,157.82,0.05407642
615.575,457.05,158,0.05030435
620.6,457.05,158.19,0.04658458
625.625,457.05,158.32,0.0430241
630.65,457.05,158.36,0.03944774
635.675,457.05,158.38,0.03555881
640.7,457.05,158.43,0.03180693
645.725,457.05,158.52,0.02869242
650.75,457.05,158.66,0.0266904
655.775,457.05,158.79,0.02603585
660.8,457.05,158.84,0.0268623
665.825,457.05,158.82,0.02878674
670.85,457.05,158.78,0.03112832
675.875,457.05,158.75,0.03369998
680.9,457.05,158.64,0.03630013
685.925,457.05,158.49,0.03812897
690.95,457.05,158.23,0.03914835
695.975,457.05,158.03,0.03913761
701,457.05,157.92,0.03755251
706.025,457.05,157.77,0.0340273
711.05,457.05,157.62,0.02905856
716.075,457.05,157.48,0.02422043
721.1,457.05,157.35,0.02062582
726.125,457.05,157.34,0.01810258
731.15,457.05,157.55,0.01651559
736.175,457.05,157.71,0.01558097
741.2,457.05,157.7,0.01510057
746.225,457.05,157.62,0.01579804
751.25,457.05,157.58,0.01843445
756.275,457.05,157.49,0.02238017
761.3,457.05,157.35,0.02630908
766.325,457.05,157.18,0.03010293
771.35,457.05,157,0.03560376
776.375,457.05,156.82,0.04438189
781.4,457.05,156.65,0.05641536
786.425,457.05,156.48,0.0709878
791.45,457.05,156.2,0.0871711
796.475,457.05,155.61,0.1037916
801.5,457.05,154.82,0.1205858
806.525,457.05,153.99,0.1375208
811.55,457.05,153.2,0.1534376
816.575,457.05,152.38,0.1668176
821.6,457.05,151.65,0.1764879
826.625,457.05,150.9,0.1825048
831.65,457.05,149.93,0.1863499
836.675,457.05,148.88,0.189673
841.7,457.05,147.99,0.192517
846.725,457.05,147.23,0.1939455
851.75,457.05,146.66,0.1926549
856.775,457.05,145.91,0.1873178
861.8,457.05,145.06,0.1782206
866.825,457.05,144.05,0.1653331
871.85,457.05,142.97,0.1505112
876.875,457.05,142.74,0.1371126
881.9,457.05,142.86,0.1209073
886.925,457.05,141.77,0.1040706
891.95,457.05,141.4,0.09436053
896.975,457.05,138.44,0.0896102
902,457.05,138.8,0.09241485
907.025,457.05,137.44,0.09742907
912.05,457.05,137.73,0.1042178
917.075,457.05,138.02,0.1110737
922.1,457.05,138.1,0.1100525
927.125,457.05,139.13,0.1051938
932.15,457.05,137.72,0.1021708
937.175,457.05,137.06,0.09758151
942.2,457.05,136.67,0.09575612
947.225,457.05,136.2,0.0946104
952.25,457.05,136.27,0.09318978
957.275,457.05,136.24,0.09872875
962.3,457.05,136.13,0.1128895
967.325,457.05,136.37,0.1344447
972.35,457.05,135.81,0.1575204
977.375,457.05,134.86,0.1773799
982.4,457.05,134.23,0.1981931
987.425,457.05,132.67,0.2095573
992.45,457.05,131.15,0.2047267
997.475,457.05,129.91,0.1710569
1002.5,457.05,128.94,0.1138226
-2.5,462.1,136.19,0.192343
2.525,462.1,136.77,0.1844093
7.55,462.1,137.41,0.182988
12.575,462.1,138.05,0.1860413
17.6,462.1,138.65,0.190586
22.625,462.1,139.19,0.1950724
27.65,462.1,139.69,0.1974505
32.675,462.1,140.3,0.1985995
37.7,462.1,141.14,0.1987112
42.725,462.1,142.04,0.196399
47.75,462.1,142.78,0.191161
52.775,462.1,143.48,0.1830262
57.8,462.1,144.29,0.1756342
62.825,462.1,145.06,0.167629
67.85,462.1,145.64,0.1577604
72.875,462.1,146.16,0.1458429
77.9,462.1,146.75,0.1316976
82.925,462.1,147.33,0.1158077
87.95,462.1,147.83,0.09937164
92.975,462.1,148.16,0.08276049
98,462.1,148.29,0.06599927
103.025,462.1,148.36,0.04957293
108.05,462.1,148.41,0.03455299
113.075,462.1,148.45,0.02248623
118.1,462.1,148.47,0.01466586
123.125,462.1,148.46,0.01357615
128.15,462.1,148.36,0.01843496
133.175,462.1,148.2,0.02518541
138.2,462.1,148.02,0.03116115
143.225,462.1,147.83,0.03482226
148.25,462.1,147.62,0.03626668
153.275,462.1,147.4,0.03713933
158.3,462.1,147.19,0.03861345
163.325,462.1,147.07,0.04062584
168.35,462.1,147.16,0.04282415
173.375,462.1,147.26,0.04506152
178.4,462.1,147.14,0.04700878
183.425,462.1,146.94,0.04788384
188.45,462.1,146.75,0.04712065
193.475,462.1,146.57,0.04469188
198.5,462.1,146.39,0.04195104
203.525,462.1,146.3,0.04153944
208.55,462.1,146.5,0.04513856
213.575,462.1,146.88,0.05162247
218.6,462.1,147.23,0.0586092
223.625,462.1,147.54,0.06383449
228.65,462.1,147.84,0.06581825
233.675,462.1,148.12,0.06429671
238.7,462.1,148.41,0.06063951
243.725,462.1,148.69,0.05672258
248.75,462.1,148.94,0.05324925
253.775,462.1,149.15,0.05013368
258.8,462.1,149.34,0.04740974
263.825,462.1,149.52,0.04532332
268.85,462.1,149.72,0.04402311
273.875,462.1,149.9,0.04357532
278.9,462.1,150.03,0.04366902
283.925,462.1,150.14,0.04410474
288.95,462.1,150.24,0.04468278
293.975,462.1,150.34,0.04517404
299,462.1,150.44,0.04570681
304.025,462.1,150.54,0.04635158
309.05,462.1,150.61,0.04721862
314.075,462.1,150.65,0.04837318
319.1,462.1,150.64,0.0497831
324.125,462.1,150.62,0.05169125
329.15,462.1,150.62,0.05465783
334.175,462.1,150.61,0.05905214
339.2,462.1,150.59,0.0645809
344.225,462.1,150.51,0.07075513
349.25,462.1,150.21,0.07715618
354.275,462.1,149.79,0.08338958
359.3,462.1,149.41,0.08903616
364.325,462.1,149.05,0.09349295
369.35,462.1,148.71,0.09635395
374.375,462.1,148.35,0.09782585
379.4,462.1,147.93,0.0987883
384.425,462.1,147.5,0.09936737
389.45,462.1,147.05,0.09757074
394.475,462.1,146.62,0.09104413
399.5,462.1,146.25,0.07882602
404.525,462.1,145.89,0.06143155
409.55,462.1,145.4,0.04035006
414.575,462.1,145.13,0.01901187
419.6,462.1,145.33,0.01912998
424.625,462.1,145.71,0.04190618
429.65,462.1,146.15,0.06538978
434.675,462.1,146.6,0.0858114
439.7,462.1,147.03,0.1013968
444.725,462.1,147.52,0.1117378
449.75,462.1,148.2,0.1178478
454.775,462.1,148.89,0.1209523
459.8,462.1,149.41,0.1220057
464.825,462.1,149.83,0.1216873
469.85,462.1,150.19,0.1199018
474.875,462.1,150.48,0.1165356
479.9,462.1,150.69,0.1120764
484.925,462.1,150.94,0.1069614
489.95,462.1,151.43,0.101317
494.975,462.1,152,0.0950638
500,462.1,152.45,0.0881999
505.025,462.1,152.81,0.08071077
510.05,462.1,153.14,0.07252475
515.075,462.1,153.43,0.06466158
520.1,462.1,153.69,0.05829435
525.125,462.1,153.94,0.05341781
530.15,462.1,154.24,0.05015559
535.175,462.1,154.53,0.0485055
540.2,462.1,154.75,0.04843567
545.225,462.1,154.92,0.04966319
550.25,462.1,155.06,0.0516895
555.275,462.1,155.24,0.05415445
560.3,462.1,155.51,0.05712548
565.325,462.1,155.8,0.06021634
570.35,462.1,156.06,0.06286784
575.375,462.1,156.31,0.06442433
580.4,462.1,156.55,0.06460793
585.425,462.1,156.81,0.06374323
590.45,462.1,157.13,0.06235603
595.475,462.1,157.44,0.06062707
600.5,462.1,157.68,0.058398
605.525,462.1,157.89,0.05548301
610.55,462.1,158.07,0.05183925
615.575,462.1,158.23,0.04785999
620.6,462.1,158.39,0.04391359
625.625,462.1,158.52,0.04008499
630.65,462.1,158.55,0.03631392
635.675,462.1,158.55,0.03240232
640.7,462.1,158.58,0.02867586
645.725,462.1,158.64,0.02565029
650.75,462.1,158.75,0.0235997
655.775,462.1,158.86,0.0228325
660.8,462.1,158.91,0.02340668
665.825,462.1,158.93,0.0251923
670.85,462.1,158.95,0.02775416
675.875,462.1,158.95,0.0306315
680.9,462.1,158.89,0.03358904
685.925,462.1,158.77,0.0361469
690.95,462.1,158.52,0.03799703
695.975,462.1,158.24,0.03924199
701,462.1,158.05,0.03907484
706.025,462.1,157.89,0.0368335
711.05,462.1,157.74,0.03293381
716.075,462.1,157.61,0.02861573
721.1,462.1,157.49,0.0250235
726.125,462.1,157.46,0.0223187
731.15,462.1,157.62,0.02016718
736.175,462.1,157.8,0.01860743
741.2,462.1,157.78,0.01753371
746.225,462.1,157.7,0.01770553
751.25,462.1,157.64,0.02006855
756.275,462.1,157.56,0.02398059
761.3,462.1,157.4,0.02789427
766.325,462.1,157.21,0.03181413
771.35,462.1,157.02,0.03765505
776.375,462.1,156.83,0.04709188
781.4,462.1,156.64,0.05985186
786.425,462.1,156.45,0.07520701
791.45,462.1,156.13,0.09216567
796.475,462.1,155.55,0.1095114
801.5,462.1,154.69,0.1269569
806.525,462.1,153.78,0.1445272
811.55,462.1,152.89,0.1606181
816.575,462.1,152.05,0.1730848
821.6,462.1,151.3,0.1807234
826.625,462.1,150.51,0.1839687
831.65,462.1,149.44,0.1845054
836.675,462.1,148.31,0.1841163
841.7,462.1,147.36,0.1834593
846.725,462.1,146.56,0.1818083
851.75,462.1,145.96,0.177181
856.775,462.1,145.35,0.1691299
861.8,462.1,144.61,0.1583213
866.825,462.1,143.84,0.1453243
871.85,462.1,142.9,0.1337009
876.875,462.1,142.32,0.1206463
881.9,462.1,142.37,0.109539
886.925,462.1,141.42,0.09920426
891.95,462.1,141.82,0.0954219
896.975,462.1,139.94,0.09718457
902,462.1,139.11,0.1019756
907.025,462.1,139.83,0.1076254
912.05,462.1,139.7,0.111437
917.075,462.1,139.34,0.1144009
922.1,462.1,139.32,0.1105554
927.125,462.1,138.68,0.104962
932.15,462.1,138.02,0.09855164
937.175,462.1,137.4,0.0940262
942.2,462.1,136.67,0.08811744
947.225,462.1,136.38,0.0841727
952.25,462.1,136.08,0.08081555
957.275,462.1,135.71,0.08680524
962.3,462.1,135.71,0.1063533
967.325,462.1,135.34,0.1309564
972.35,462.1,134.73,0.1511864
977.375,462.1,133.86,0.1661413
982.4,462.1,133.26,0.1848972
987.425,462.1,131.77,0.1939878
992.45,462.1,129.49,0.1793207
997.475,462.1,128.66,0.1365005
1002.5,462.1,127.79,0.08154542
-2.5,467.15,135.41,0.1999971
2.525,467.15,136.03,0.164157
7.55,467.15,136.75,0.1530279
12.575,467.15,137.28,0.1537037
17.6,467.15,137.68,0.1576218
22.625,467.15,138.38,0.1637697
27.65,467.15,139.02,0.1688938
32.675,467.15,139.8,0.1747733
37.7,467.15,140.6,0.1783114
42.725,467.15,141.48,0.1801021
47.75,467.15,142.15,0.1800898
52.775,467.15,142.84,0.1758979
57.8,467.15,143.66,0.1701811
62.825,467.15,144.47,0.1641765
67.85,467.15,145.09,0.1574716
72.875,467.15,145.63,0.1485405
77.9,467.15,146.23,0.1370223
82.925,467.15,146.88,0.1230161
87.95,467.15,147.44,0.1082604
92.975,467.15,147.86,0.0931377
98,467.15,148.06,0.07722514
103.025,467.15,148.15,0.06083206
108.05,467.15,148.26,0.0449408
113.075,467.15,148.35,0.03095054
118.1,467.15,148.42,0.01980405
123.125,467.15,148.42,0.01233666
128.15,467.15,148.37,0.01203905
133.175,467.15,148.25,0.0176791
138.2,467.15,148.1,0.02383134
143.225,467.15,147.94,0.02798283
148.25,467.15,147.77,0.03039918
153.275,467.15,147.58,0.03237353
158.3,467.15,147.4,0.03497118
163.325,467.15,147.27,0.03806598
168.35,467.15,147.33,0.0412436
173.375,467.15,147.46,0.04434271
178.4,467.15,147.37,0.04703234
183.425,467.15,147.18,0.04846858
188.45,467.15,147,0.04811225
193.475,467.15,146.81,0.0459335
198.5,467.15,146.64,0.04289362
203.525,467.15,146.5,0.04159436
208.55,467.15,146.63,0.04394277
213.575,467.15,146.99,0.04935507
218.6,467.15,147.35,0.05572195
223.625,467.15,147.67,0.06080358
228.65,467.15,147.95,0.06314186
233.675,467.15,148.23,0.06235807
238.7,467.15,148.52,0.05948688
243.725,467.15,148.8,0.05610093
248.75,467.15,149.05,0.05303851
253.775,467.15,149.27,0.05023768
258.8,467.15,149.47,0.04777972
263.825,467.15,149.65,0.04583379
268.85,467.15,149.85,0.04461446
273.875,467.15,150.04,0.04417909
278.9,467.15,150.19,0.04429669
283.925,467.15,150.31,0.04467676
288.95,467.15,150.43,0.04513791
293.975,467.15,150.55,0.04550292
299,467.15,150.66,0.04587466
304.025,467.15,150.77,0.04639515
309.05,467.15,150.86,0.04701971
314.075,467.15,150.9,0.04790006
319.1,467.15,150.9,0.04902837
324.125,467.15,150.88,0.05061126
329.15,467.15,150.88,0.05322018
334.175,467.15,150.89,0.05737803
339.2,467.15,150.88,0.06283702
344.225,467.15,150.8,0.06912469
349.25,467.15,150.53,0.07585961
354.275,467.15,150.11,0.08254068
359.3,467.15,149.71,0.08860864
364.325,467.15,149.34,0.09357856
369.35,467.15,148.99,0.09691302
374.375,467.15,148.63,0.09869846
379.4,467.15,148.24,0.1000359
384.425,467.15,147.84,0.1014613
389.45,467.15,147.41,0.1012237
394.475,467.15,146.96,0.09691707
399.5,467.15,146.58,0.08741164
404.525,467.15,146.27,0.07268277
409.55,467.15,145.79,0.05373327
414.575,467.15,145.34,0.0319197
419.6,467.15,145.35,0.01184408
424.625,467.15,145.59,0.02342469
429.65,467.15,145.88,0.04698718
434.675,467.15,146.23,0.06893026
439.7,467.15,146.58,0.0872035
444.725,467.15,147.02,0.1012667
449.75,467.15,147.56,0.111685
454.775,467.15,148.26,0.1191045
459.8,467.15,148.77,0.1241759
464.825,467.15,149.18,0.1277775
469.85,467.15,149.5,0.1296075
474.875,467.15,149.85,0.1294299
479.9,467.15,150.13,0.1274471
484.925,467.15,150.54,0.1237042
489.95,467.15,151.1,0.1182943
494.975,467.15,151.82,0.1115182
500,467.15,152.35,0.1034383
505.025,467.15,152.73,0.0942893
510.05,467.15,153.09,0.08413306
515.075,467.15,153.4,0.07389031
520.1,467.15,153.66,0.06595234
525.125,467.15,153.94,0.06021564
530.15,467.15,154.28,0.0561432
535.175,467.15,154.61,0.0536407
540.2,467.15,154.85,0.05264624
545.225,467.15,154.99,0.05280669
550.25,467.15,155.16,0.05367321
555.275,467.15,155.37,0.05501925
560.3,467.15,155.66,0.05727804
565.325,467.15,155.95,0.0600236
570.35,467.15,156.23,0.06232497
575.375,467.15,156.49,0.06340211
580.4,467.15,156.74,0.06303785
585.425,467.15,156.98,0.06170237
590.45,467.15,157.29,0.05987501
595.475,467.15,157.61,0.05787348
600.5,467.15,157.87,0.05544583
605.525,467.15,158.07,0.05229533
610.55,467.15,158.25,0.0484653
615.575,467.15,158.42,0.04428354
620.6,467.15,158.57,0.0402094
625.625,467.15,158.68,0.03634015
630.65,467.15,158.73,0.03267177
635.675,467.15,158.71,0.02906452
640.7,467.15,158.73,0.0257076
645.725,467.15,158.73,0.02302888
650.75,467.15,158.79,0.02107267
655.775,467.15,158.9,0.02014274
660.8,467.15,158.96,0.02029318
665.825,467.15,158.99,0.02159542
670.85,467.15,159.02,0.02390762
675.875,467.15,159.07,0.02673607
680.9,467.15,159.05,0.02988549
685.925,467.15,158.96,0.03293643
690.95,467.15,158.72,0.03547937
695.975,467.15,158.41,0.0375445
701,467.15,158.21,0.03846511
706.025,467.15,158.07,0.03725723
711.05,467.15,157.93,0.03424622
716.075,467.15,157.78,0.03056831
721.1,467.15,157.65,0.02727952
726.125,467.15,157.58,0.02457783
731.15,467.15,157.69,0.02226681
736.175,467.15,157.86,0.02036447
741.2,467.15,157.85,0.0191747
746.225,467.15,157.76,0.01932622
751.25,467.15,157.69,0.02168022
756.275,467.15,157.6,0.02561444
761.3,467.15,157.44,0.02952974
766.325,467.15,157.24,0.03342389
771.35,467.15,157.04,0.03942883
776.375,467.15,156.83,0.04914035
781.4,467.15,156.64,0.06228823
786.425,467.15,156.45,0.07814361
791.45,467.15,156.11,0.09576115
796.475,467.15,155.5,0.1138655
801.5,467.15,154.62,0.1318351
806.525,467.15,153.7,0.1499518
811.55,467.15,152.78,0.1662921
816.575,467.15,151.87,0.1779443
821.6,467.15,151.07,0.1835638
826.625,467.15,150.2,0.1842022
831.65,467.15,149.11,0.1821763
836.675,467.15,147.88,0.1787684
841.7,467.15,146.9,0.1748174
846.725,467.15,146.16,0.1700623
851.75,467.15,145.57,0.1627664
856.775,467.15,145,0.1525745
861.8,467.15,144.32,0.1425364
866.825,467.15,143.71,0.1302581
871.85,467.15,143.13,0.1209062
876.875,467.15,142.64,0.1125512
881.9,467.15,142.41,0.1062515
886.925,467.15,141.71,0.1015335
891.95,467.15,141.66,0.1027369
896.975,467.15,141.53,0.1079
902,467.15,141.19,0.1135687
907.025,467.15,140.55,0.1185021
912.05,467.15,139.94,0.1193002
917.075,467.15,139.38,0.1164142
922.1,467.15,138.72,0.1079118
927.125,467.15,138.2,0.1020258
932.15,467.15,137.91,0.09355008
937.175,467.15,137.4,0.08541784
942.2,467.15,136.71,0.07857275
947.225,467.15,136.36,0.07348801
952.25,467.15,135.93,0.07462687
957.275,467.15,135.38,0.08839341
962.3,467.15,135.3,0.1078133
967.325,467.15,134.72,0.1298539
972.35,467.15,133.33,0.1458238
977.375,467.15,132.76,0.1556957
982.4,467.15,131.82,0.1675116
987.425,467.15,129.97,0.1714845
992.45,467.15,129.6,0.1488593
997.475,467.15,130.34,0.09772363
1002.5,467.15,130.01,0.06444019
-2.5,472.2,134.55,0.2130705
2.525,472.2,135.04,0.1542345
7.55,472.2,135.62,0.1331755
12.575,472.2,136.26,0.1287942
17.6,472.2,136.61,0.128707
22.625,472.2,136.91,0.1340208
27.65,472.2,138.4,0.1394399
32.675,472.2,139.3,0.1468506
37.7,472.2,140,0.1535566
42.725,472.2,140.91,0.1591578
47.75,472.2,141.57,0.1624805
52.775,472.2,142.23,0.1624022
57.8,472.2,143.03,0.1594783
62.825,472.2,143.83,0.1566672
67.85,472.2,144.47,0.1529514
72.875,472.2,145.05,0.1471796
77.9,472.2,145.66,0.1390823
82.925,472.2,146.37,0.1278601
87.95,472.2,147.06,0.1152632
92.975,472.2,147.53,0.1021666
98,472.2,147.81,0.08789412
103.025,472.2,147.95,0.07237705
108.05,472.2,148.06,0.05665895
113.075,472.2,148.21,0.04184422
118.1,472.2,148.34,0.02908672
123.125,472.2,148.38,0.01849357
128.15,472.2,148.32,0.01103285
133.175,472.2,148.26,0.01087044
138.2,472.2,148.17,0.01581769
143.225,472.2,148.05,0.02008365
148.25,472.2,147.93,0.0231109
153.275,472.2,147.79,0.02633859
158.3,472.2,147.64,0.03017788
163.325,472.2,147.56,0.03438999
168.35,472.2,147.6,0.03852174
173.375,472.2,147.68,0.04250565
178.4,472.2,147.62,0.04613952
183.425,472.2,147.44,0.04847816
188.45,472.2,147.27,0.04876335
193.475,472.2,147.1,0.04701038
198.5,472.2,146.92,0.04395868
203.525,472.2,146.78,0.04188601
208.55,472.2,146.76,0.04297135
213.575,472.2,147.04,0.0472179
218.6,472.2,147.4,0.05284134
223.625,472.2,147.73,0.05771461
228.65,472.2,148.05,0.06041739
233.675,472.2,148.33,0.06041777
238.7,472.2,148.62,0.05845254
243.725,472.2,148.9,0.05573183
248.75,472.2,149.15,0.05306253
253.775,472.2,149.37,0.05058042
258.8,472.2,149.58,0.04835716
263.825,472.2,149.77,0.04664475
268.85,472.2,149.97,0.04561725
273.875,472.2,150.16,0.04526324
278.9,472.2,150.33,0.04539571
283.925,472.2,150.47,0.04565639
288.95,472.2,150.61,0.04587459
293.975,472.2,150.74,0.04598709
299,472.2,150.89,0.04608453
304.025,472.2,151.01,0.04635808
309.05,472.2,151.11,0.04671145
314.075,472.2,151.17,0.04724382
319.1,472.2,151.17,0.04805055
324.125,472.2,151.16,0.04921209
329.15,472.2,151.15,0.05148402
334.175,472.2,151.16,0.05536173
339.2,472.2,151.16,0.06079256
344.225,472.2,151.06,0.0672408
349.25,472.2,150.79,0.07422954
354.275,472.2,150.41,0.08123092
359.3,472.2,150,0.08759727
364.325,472.2,149.64,0.09294868
369.35,472.2,149.27,0.09684043
374.375,472.2,148.91,0.09914764
379.4,472.2,148.55,0.1006586
384.425,472.2,148.19,0.1025272
389.45,472.2,147.83,0.1037571
394.475,472.2,147.4,0.1017073
399.5,472.2,146.98,0.09500985
404.525,472.2,146.61,0.08334624
409.55,472.2,146.24,0.06725821
414.575,472.2,145.75,0.04779753
419.6,472.2,145.48,0.0261903
424.625,472.2,145.51,0.00959648
429.65,472.2,145.6,0.02614402
434.675,472.2,145.77,0.04795056
439.7,472.2,146.02,0.067454
444.725,472.2,146.43,0.08383763
449.75,472.2,146.85,0.09754251
454.775,472.2,147.32,0.1089968
459.8,472.2,147.79,0.1184072
464.825,472.2,148.23,0.1262808
469.85,472.2,148.59,0.1324903
474.875,472.2,148.89,0.1362996
479.9,472.2,149.27,0.1379081
484.925,472.2,149.92,0.1371199
489.95,472.2,150.84,0.1334153
494.975,472.2,151.56,0.1270608
500,472.2,152.17,0.1187008
505.025,472.2,152.59,0.1087591
510.05,472.2,152.98,0.09779651
515.075,472.2,153.33,0.08656247
520.1,472.2,153.61,0.0777978
525.125,472.2,153.91,0.07233342
530.15,472.2,154.32,0.06833491
535.175,472.2,154.68,0.06521246
540.2,472.2,154.93,0.06308826
545.225,472.2,155.05,0.0618124
550.25,472.2,155.2,0.06085763
555.275,472.2,155.45,0.05998622
560.3,472.2,155.77,0.06003682
565.325,472.2,156.08,0.06116054
570.35,472.2,156.37,0.06229011
575.375,472.2,156.66,0.06242252
580.4,472.2,156.93,0.0612841
585.425,472.2,157.18,0.05928377
590.45,472.2,157.43,0.05702906
595.475,472.2,157.73,0.05462671
600.5,472.2,158.01,0.05191459
605.525,472.2,158.22,0.0485426
610.55,472.2,158.41,0.0445218
615.575,472.2,158.58,0.04023001
620.6,472.2,158.74,0.03602704
625.625,472.2,158.84,0.03216322
630.65,472.2,158.87,0.02873163
635.675,472.2,158.87,0.02569638
640.7,472.2,158.88,0.02297859
645.725,472.2,158.86,0.02083783
650.75,472.2,158.81,0.01914551
655.775,472.2,158.86,0.01805826
660.8,472.2,158.92,0.01773281
665.825,472.2,158.97,0.01821188
670.85,472.2,159.01,0.02002037
675.875,472.2,159.06,0.02255602
680.9,472.2,159.1,0.0255392
685.925,472.2,159.04,0.02880587
690.95,472.2,158.87,0.03181981
695.975,472.2,158.62,0.0344665
701,472.2,158.42,0.03619771
706.025,472.2,158.29,0.0358538
711.05,472.2,158.18,0.03355071
716.075,472.2,158.06,0.03047404
721.1,472.2,157.9,0.02756164
726.125,472.2,157.81,0.02507759
731.15,472.2,157.82,0.02280569
736.175,472.2,157.92,0.02097738
741.2,472.2,157.92,0.02010046
746.225,472.2,157.83,0.02073839
751.25,472.2,157.74,0.02331144
756.275,472.2,157.63,0.02723129
761.3,472.2,157.46,0.03100428
766.325,472.2,157.26,0.03469178
771.35,472.2,157.06,0.04050607
776.375,472.2,156.85,0.05023986
781.4,472.2,156.65,0.06350078
786.425,472.2,156.49,0.07958257
791.45,472.2,156.2,0.0977583
796.475,472.2,155.56,0.1167181
801.5,472.2,154.65,0.1354305
806.525,472.2,153.71,0.1539624
811.55,472.2,152.82,0.1706391
816.575,472.2,151.91,0.1819825
821.6,472.2,151.03,0.1864215
826.625,472.2,150.02,0.1849677
831.65,472.2,148.82,0.1808263
836.675,472.2,147.65,0.1757049
841.7,472.2,146.64,0.1695989
846.725,472.2,145.97,0.1629451
851.75,472.2,145.45,0.1537371
856.775,472.2,144.93,0.1414044
861.8,472.2,144.31,0.1314553
866.825,472.2,143.66,0.1218844
871.85,472.2,143.15,0.1156974
876.875,472.2,142.86,0.1107731
881.9,472.2,142.6,0.1084106
886.925,472.2,142.29,0.1079957
891.95,472.2,141.93,0.1114225
896.975,472.2,142.25,0.1179498
902,472.2,142.16,0.123516
907.025,472.2,140.68,0.1261861
912.05,472.2,139.89,0.1219128
917.075,472.2,138.97,0.1144247
922.1,472.2,138.04,0.1036286
927.125,472.2,137.8,0.0976999
932.15,472.2,137.72,0.09068681
937.175,472.2,137.32,0.08425109
942.2,472.2,136.73,0.07760255
947.225,472.2,136.48,0.07557237
952.25,472.2,136.23,0.08476523
957.275,472.2,135.73,0.09695362
962.3,472.2,134.32,0.1155408
967.325,472.2,133.18,0.1305259
972.35,472.2,134.16,0.1392835
977.375,472.2,132.84,0.1422791
982.4,472.2,130.31,0.1470081
987.425,472.2,129.65,0.1453305
992.45,472.2,129.01,0.1185689
997.475,472.2,130.54,0.06780434
1002.5,472.2,131.62,0.05280011
-2.5,477.25,133.58,0.2099789
2.525,477.25,134.04,0.1550742
7.55,477.25,134.26,0.1303505
12.575,477.25,135.03,0.1205386
17.6,477.25,136.04,0.1148262
22.625,477.25,136.37,0.1160113
27.65,477.25,137.66,0.1188863
32.675,477.25,138.63,0.1240364
37.7,477.25,139.5,0.1314476
42.725,477.25,140.27,0.138364
47.75,477.25,141.19,0.1424283
52.775,477.25,141.77,0.1435503
57.8,477.25,142.57,0.1439723
62.825,477.25,143.34,0.1449441
67.85,477.25,143.92,0.1448314
72.875,477.25,144.48,0.1423334
77.9,477.25,145.12,0.1374493
82.925,477.25,145.81,0.1297061
87.95,477.25,146.57,0.1199063
92.975,477.25,147.14,0.1090999
98,477.25,147.47,0.09693977
103.025,477.25,147.68,0.08304672
108.05,477.25,147.85,0.0682754
113.075,477.25,148.01,0.05373785
118.1,477.25,148.2,0.04026103
123.125,477.25,148.3,0.02835407
128.15,477.25,148.27,0.01791612
133.175,477.25,148.21,0.010217
138.2,477.25,148.17,0.008603146
143.225,477.25,148.12,0.01149592
148.25,477.25,148.03,0.01493457
153.275,477.25,147.95,0.01940379
158.3,477.25,147.84,0.02472035
163.325,477.25,147.79,0.03000231
168.35,477.25,147.89,0.03488338
173.375,477.25,147.95,0.03943355
178.4,477.25,147.87,0.04388539
183.425,477.25,147.71,0.04740788
188.45,477.25,147.54,0.04881496
193.475,477.25,147.37,0.04778088
198.5,477.25,147.2,0.04497709
203.525,477.25,147.06,0.04234533
208.55,477.25,147.02,0.04228973
213.575,477.25,147.15,0.04536209
218.6,477.25,147.45,0.05018451
223.625,477.25,147.77,0.05483168
228.65,477.25,148.1,0.05781314
233.675,477.25,148.42,0.05855753
238.7,477.25,148.72,0.05745994
243.725,477.25,149.01,0.05549784
248.75,477.25,149.25,0.05327299
253.775,477.25,149.47,0.05114427
258.8,477.25,149.68,0.04925416
263.825,477.25,149.88,0.04778846
268.85,477.25,150.09,0.04693696
273.875,477.25,150.29,0.04668143
278.9,477.25,150.46,0.04678098
283.925,477.25,150.62,0.04685402
288.95,477.25,150.78,0.04674879
293.975,477.25,150.93,0.04641985
299,477.25,151.1,0.04615703
304.025,477.25,151.24,0.04610631
309.05,477.25,151.35,0.04619425
314.075,477.25,151.42,0.04642599
319.1,477.25,151.44,0.04682815
324.125,477.25,151.44,0.04761227
329.15,477.25,151.43,0.0494882
334.175,477.25,151.43,0.05313012
339.2,477.25,151.43,0.05848181
344.225,477.25,151.34,0.06508356
349.25,477.25,151.05,0.07230795
354.275,477.25,150.67,0.07954461
359.3,477.25,150.29,0.08613908
364.325,477.25,149.93,0.09171108
369.35,477.25,149.57,0.09602779
374.375,477.25,149.22,0.09896906
379.4,477.25,148.87,0.1009858
384.425,477.25,148.54,0.1030107
389.45,477.25,148.21,0.1050157
394.475,477.25,147.84,0.1049066
399.5,477.25,147.4,0.1007838
404.525,477.25,146.99,0.0922409
409.55,477.25,146.56,0.079474
414.575,477.25,146.14,0.06318325
419.6,477.25,145.73,0.04412022
424.625,477.25,145.54,0.02379097
429.65,477.25,145.51,0.01044554
434.675,477.25,145.53,0.02516835
439.7,477.25,145.62,0.04423124
444.725,477.25,145.88,0.06169732
449.75,477.25,146.3,0.07733638
454.775,477.25,146.59,0.09150921
459.8,477.25,146.87,0.104886
464.825,477.25,147.19,0.1173208
469.85,477.25,147.62,0.1282237
474.875,477.25,147.98,0.1366789
479.9,477.25,148.37,0.142372
484.925,477.25,149.03,0.1453519
489.95,477.25,150.26,0.1447077
494.975,477.25,151.29,0.1402019
500,477.25,151.88,0.1325426
505.025,477.25,152.33,0.1228023
510.05,477.25,152.74,0.1118573
515.075,477.25,153.11,0.1012875
520.1,477.25,153.41,0.0930263
525.125,477.25,153.71,0.08815874
530.15,477.25,154.17,0.08479086
535.175,477.25,154.59,0.08159169
540.2,477.25,154.85,0.07861477
545.225,477.25,155.02,0.07605139
550.25,477.25,155.19,0.07345525
555.275,477.25,155.45,0.07034393
560.3,477.25,155.81,0.06733042
565.325,477.25,156.15,0.06539714
570.35,477.25,156.46,0.06397546
575.375,477.25,156.77,0.06224575
580.4,477.25,157.07,0.05993655
585.425,477.25,157.35,0.0571727
590.45,477.25,157.58,0.05444544
595.475,477.25,157.83,0.05170908
600.5,477.25,158.09,0.0486552
605.525,477.25,158.32,0.04506965
610.55,477.25,158.52,0.04093608
615.575,477.25,158.7,0.03655783
620.6,477.25,158.87,0.03228049
625.625,477.25,158.99,0.02835058
630.65,477.25,159,0.02506566
635.675,477.25,159,0.02249612
640.7,477.25,159.02,0.02050094
645.725,477.25,159.01,0.01899099
650.75,477.25,158.92,0.01772399
655.775,477.25,158.86,0.01657106
660.8,477.25,158.89,0.01573487
665.825,477.25,158.92,0.01538771
670.85,477.25,158.99,0.01624634
675.875,477.25,159.03,0.01841957
680.9,477.25,159.08,0.02119539
685.925,477.25,159.06,0.02445574
690.95,477.25,158.92,0.02772328
695.975,477.25,158.75,0.03069688
701,477.25,158.62,0.0328597
706.025,477.25,158.52,0.03321343
711.05,477.25,158.4,0.03154755
716.075,477.25,158.29,0.02898908
721.1,477.25,158.15,0.02649341
726.125,477.25,158.04,0.0243278
731.15,477.25,158.03,0.0223467
736.175,477.25,158.03,0.02086812
741.2,477.25,157.98,0.02057305
746.225,477.25,157.87,0.02186311
751.25,477.25,157.79,0.02481221
756.275,477.25,157.67,0.02870662
761.3,477.25,157.49,0.03230016
766.325,477.25,157.28,0.03564246
771.35,477.25,157.08,0.04093008
776.375,477.25,156.87,0.05016235
781.4,477.25,156.67,0.06341198
786.425,477.25,156.49,0.07970395
791.45,477.25,156.26,0.09822836
796.475,477.25,155.7,0.1178121
801.5,477.25,154.78,0.1374328
806.525,477.25,153.83,0.1564556
811.55,477.25,152.91,0.1734508
816.575,477.25,152.03,0.1849807
821.6,477.25,151.13,0.1892997
826.625,477.25,150.11,0.1873424
831.65,477.25,148.76,0.1819681
836.675,477.25,147.55,0.1757732
841.7,477.25,146.63,0.1689225
846.725,477.25,145.96,0.1612198
851.75,477.25,145.47,0.1518161
856.775,477.25,145,0.1393837
861.8,477.25,144.44,0.128447
866.825,477.25,143.84,0.1204594
871.85,477.25,143.2,0.1154877
876.875,477.25,142.78,0.1136807
881.9,477.25,142.56,0.1132418
886.925,477.25,142.23,0.1166081
891.95,477.25,141.74,0.1218876
896.975,477.25,141.26,0.1262849
902,477.25,140.95,0.1286876
907.025,477.25,140.08,0.1263439
912.05,477.25,139.18,0.119301
917.075,477.25,138.04,0.1103093
922.1,477.25,137.28,0.1030351
927.125,477.25,137.27,0.0967806
932.15,477.25,137.28,0.09377205
937.175,477.25,137.05,0.09187445
942.2,477.25,136.66,0.08676105
947.225,477.25,136.46,0.08607802
952.25,477.25,136.3,0.09014102
957.275,477.25,135.57,0.1019951
962.3,477.25,134.35,0.114272
967.325,477.25,135.1,0.1236956
972.35,477.25,134.52,0.1249484
977.375,477.25,133.72,0.1230585
982.4,477.25,131.87,0.1261356
987.425,477.25,130.62,0.1219287
992.45,477.25,129.56,0.09842424
997.475,477.25,130.72,0.05185499
1002.5,477.25,131.9,0.09038256
-2.5,482.3,134.6,0.2355157
2.525,482.3,135.3,0.1714156
7.55,482.3,135.08,0.1446324
12.575,482.3,136.2,0.1317535
17.6,482.3,136.75,0.124551
22.625,482.3,136.56,0.1209789
27.65,482.3,136.65,0.1166991
32.675,482.3,138.16,0.1141643
37.7,482.3,139.4,0.1160753
42.725,482.3,140.06,0.1192734
47.75,482.3,140.89,0.1226605
52.775,482.3,141.5,0.1246504
57.8,482.3,142.29,0.1275641
62.825,482.3,143.03,0.1303383
67.85,482.3,143.56,0.1327879
72.875,482.3,144.05,0.1342118
77.9,482.3,144.67,0.1328799
82.925,482.3,145.33,0.1287364
87.95,482.3,146.07,0.122107
92.975,482.3,146.69,0.1139685
98,482.3,147.06,0.1041582
103.025,482.3,147.33,0.09238717
108.05,482.3,147.58,0.07919277
113.075,482.3,147.79,0.06556517
118.1,482.3,148,0.05220851
123.125,482.3,148.15,0.03969498
128.15,482.3,148.18,0.02816397
133.175,482.3,148.15,0.0178547
138.2,482.3,148.13,0.009444914
143.225,482.3,148.12,0.003684307
148.25,482.3,148.09,0.006074642
153.275,482.3,148.03,0.01241443
158.3,482.3,147.96,0.01901459
163.325,482.3,147.93,0.02507823
168.35,482.3,148.06,0.0304561
173.375,482.3,148.17,0.03554226
178.4,482.3,148.09,0.04065114
183.425,482.3,147.94,0.04514095
188.45,482.3,147.79,0.04774594
193.475,482.3,147.63,0.04768549
198.5,482.3,147.47,0.04538502
203.525,482.3,147.32,0.04262638
208.55,482.3,147.25,0.04173665
213.575,482.3,147.34,0.0438192
218.6,482.3,147.58,0.04793508
223.625,482.3,147.87,0.05229438
228.65,482.3,148.19,0.0555586
233.675,482.3,148.51,0.0570362
238.7,482.3,148.82,0.05674316
243.725,482.3,149.11,0.05538304
248.75,482.3,149.36,0.05362017
253.775,482.3,149.57,0.05183977
258.8,482.3,149.78,0.05027285
263.825,482.3,149.99,0.0491394
268.85,482.3,150.21,0.0485147
273.875,482.3,150.42,0.04838522
278.9,482.3,150.6,0.04837312
283.925,482.3,150.77,0.04812878
288.95,482.3,150.95,0.04756394
293.975,482.3,151.13,0.04675313
299,482.3,151.3,0.04605594
304.025,482.3,151.46,0.04562227
309.05,482.3,151.58,0.0454741
314.075,482.3,151.64,0.04541757
319.1,482.3,151.67,0.04541164
324.125,482.3,151.68,0.04582485
329.15,482.3,151.69,0.0474527
334.175,482.3,151.68,0.05096431
339.2,482.3,151.67,0.05635083
344.225,482.3,151.6,0.06306021
349.25,482.3,151.34,0.0704637
354.275,482.3,150.97,0.07780536
359.3,482.3,150.6,0.08451044
364.325,482.3,150.25,0.09019943
369.35,482.3,149.89,0.09478428
374.375,482.3,149.55,0.09826794
379.4,482.3,149.22,0.1008811
384.425,482.3,148.9,0.1032256
389.45,482.3,148.58,0.1055232
394.475,482.3,148.22,0.1066009
399.5,482.3,147.8,0.1046242
404.525,482.3,147.36,0.0988713
409.55,482.3,146.9,0.08958846
414.575,482.3,146.44,0.07705983
419.6,482.3,146.02,0.0616155
424.625,482.3,145.69,0.04403227
429.65,482.3,145.54,0.02554607
434.675,482.3,145.51,0.01100504
439.7,482.3,145.54,0.01884346
444.725,482.3,145.68,0.03532531
449.75,482.3,145.92,0.0517862
454.775,482.3,146.16,0.06767563
459.8,482.3,146.34,0.08395412
464.825,482.3,146.56,0.1008181
469.85,482.3,146.89,0.1169485
474.875,482.3,147.3,0.1309128
479.9,482.3,147.73,0.1416464
484.925,482.3,148.38,0.1488557
489.95,482.3,149.59,0.1519898
494.975,482.3,150.81,0.1505487
500,482.3,151.49,0.145027
505.025,482.3,151.94,0.1368998
510.05,482.3,152.37,0.1273122
515.075,482.3,152.74,0.1180565
520.1,482.3,153.03,0.1111137
525.125,482.3,153.33,0.106735
530.15,482.3,153.8,0.1036763
535.175,482.3,154.25,0.1005048
540.2,482.3,154.53,0.09689116
545.225,482.3,154.76,0.09309902
550.25,482.3,155.06,0.08910424
555.275,482.3,155.41,0.08420672
560.3,482.3,155.8,0.0785416
565.325,482.3,156.17,0.07323178
570.35,482.3,156.51,0.0684263
575.375,482.3,156.85,0.06386319
580.4,482.3,157.16,0.05968511
585.425,482.3,157.45,0.05586379
590.45,482.3,157.69,0.05256258
595.475,482.3,157.92,0.04951007
600.5,482.3,158.15,0.04616656
605.525,482.3,158.38,0.04240652
610.55,482.3,158.59,0.03826777
615.575,482.3,158.78,0.03392652
620.6,482.3,158.95,0.02948899
625.625,482.3,159.08,0.02531017
630.65,482.3,159.11,0.02192606
635.675,482.3,159.11,0.01957599
640.7,482.3,159.13,0.01818395
645.725,482.3,159.12,0.01736935
650.75,482.3,159.03,0.01670279
655.775,482.3,158.95,0.01584896
660.8,482.3,158.93,0.0148214
665.825,482.3,158.95,0.01399303
670.85,482.3,159,0.01400586
675.875,482.3,159.06,0.01523061
680.9,482.3,159.11,0.01741951
685.925,482.3,159.11,0.02031603
690.95,482.3,158.99,0.02353416
695.975,482.3,158.83,0.02654363
701,482.3,158.74,0.02879433
706.025,482.3,158.66,0.02948138
711.05,482.3,158.56,0.02840991
716.075,482.3,158.44,0.02638415
721.1,482.3,158.3,0.02439898
726.125,482.3,158.18,0.02272123
731.15,482.3,158.14,0.02138209
736.175,482.3,158.13,0.02066521
741.2,482.3,158.04,0.02113843
746.225,482.3,157.92,0.0230102
751.25,482.3,157.82,0.0261544
756.275,482.3,157.71,0.02993995
761.3,482.3,157.52,0.03328131
766.325,482.3,157.31,0.03627527
771.35,482.3,157.1,0.0410083
776.375,482.3,156.89,0.04971227
781.4,482.3,156.69,0.06273159
786.425,482.3,156.51,0.07928656
791.45,482.3,156.29,0.09818606
796.475,482.3,155.79,0.1180533
801.5,482.3,154.93,0.1379747
806.525,482.3,153.97,0.1573263
811.55,482.3,153.03,0.1746687
816.575,482.3,152.12,0.1871059
821.6,482.3,151.23,0.1924146
826.625,482.3,150.25,0.1913865
831.65,482.3,148.94,0.1863022
836.675,482.3,147.66,0.1794782
841.7,482.3,146.78,0.1720378
846.725,482.3,146.1,0.1636026
851.75,482.3,145.55,0.1537371
856.775,482.3,145.03,0.1423715
861.8,482.3,144.49,0.1315662
866.825,482.3,143.94,0.1244203
871.85,482.3,143.3,0.1199952
876.875,482.3,142.76,0.1187654
881.9,482.3,142.42,0.1221607
886.925,482.3,142,0.1259234
891.95,482.3,141.42,0.131422
896.975,482.3,140.78,0.135148
902,482.3,140.16,0.1344176
907.025,482.3,139.4,0.1314362
912.05,482.3,138.3,0.1254894
917.075,482.3,137.22,0.1196079
922.1,482.3,136.66,0.1163217
927.125,482.3,136.65,0.1136942
932.15,482.3,136.72,0.1095405
937.175,482.3,136.62,0.1038772
942.2,482.3,136.34,0.09968402
947.225,482.3,135.85,0.09500977
952.25,482.3,135.14,0.09898761
957.275,482.3,134.74,0.1044036
962.3,482.3,135,0.1092218
967.325,482.3,136.21,0.1131729
972.35,482.3,135.92,0.1099246
977.375,482.3,133.81,0.1037639
982.4,482.3,132.3,0.1050136
987.425,482.3,131.24,0.1026244
992.45,482.3,130.53,0.08260641
997.475,482.3,129.73,0.07356262
1002.5,482.3,131.37,0.1549349
-2.5,487.35,135.36,0.2462688
2.525,487.35,136.5,0.2073944
7.55,487.35,137.64,0.1850073
12.575,487.35,138.01,0.1692716
17.6,487.35,138.03,0.1578147
22.625,487.35,138.03,0.1474333
27.65,487.35,138.48,0.1361917
32.675,487.35,139.04,0.1247549
37.7,487.35,139.64,0.1145089
42.725,487.35,140.37,0.1094108
47.75,487.35,141.07,0.107518
52.775,487.35,141.41,0.1063219
57.8,487.35,142,0.1083477
62.825,487.35,142.73,0.1126922
67.85,487.35,143.28,0.1174583
72.875,487.35,143.71,0.1222005
77.9,487.35,144.26,0.125033
82.925,487.35,144.85,0.1249846
87.95,487.35,145.54,0.1219029
92.975,487.35,146.21,0.1167355
98,487.35,146.63,0.1096866
103.025,487.35,146.96,0.1004601
108.05,487.35,147.27,0.0893722
113.075,487.35,147.56,0.07712683
118.1,487.35,147.81,0.06429737
123.125,487.35,147.98,0.05163904
128.15,487.35,148.05,0.03962185
133.175,487.35,148.06,0.02833536
138.2,487.35,148.08,0.01853797
143.225,487.35,148.07,0.01037123
148.25,487.35,148.06,0.004990915
153.275,487.35,148.07,0.008034425
158.3,487.35,148.05,0.01405972
163.325,487.35,148.06,0.01983709
168.35,487.35,148.18,0.02530277
173.375,487.35,148.34,0.03079666
178.4,487.35,148.31,0.03646841
183.425,487.35,148.16,0.04178773
188.45,487.35,148.01,0.04540965
193.475,487.35,147.87,0.04647687
198.5,487.35,147.73,0.04511332
203.525,487.35,147.59,0.04275072
208.55,487.35,147.5,0.04165152
213.575,487.35,147.53,0.04293332
218.6,487.35,147.72,0.04634281
223.625,487.35,148.01,0.05043116
228.65,487.35,148.31,0.05384037
233.675,487.35,148.61,0.0558419
238.7,487.35,148.91,0.05623617
243.725,487.35,149.2,0.05546439
248.75,487.35,149.46,0.05413206
253.775,487.35,149.67,0.0526133
258.8,487.35,149.89,0.05136998
263.825,487.35,150.1,0.05061916
268.85,487.35,150.33,0.05028633
273.875,487.35,150.55,0.0502041
278.9,487.35,150.75,0.05004444
283.925,487.35,150.94,0.04941435
288.95,487.35,151.14,0.0482866
293.975,487.35,151.33,0.04696308
299,487.35,151.51,0.04572943
304.025,487.35,151.66,0.04488046
309.05,487.35,151.77,0.04429434
314.075,487.35,151.85,0.04376413
319.1,487.35,151.88,0.04329393
324.125,487.35,151.91,0.04341393
329.15,487.35,151.93,0.04502295
334.175,487.35,151.93,0.04864321
339.2,487.35,151.91,0.05419529
344.225,487.35,151.85,0.06110221
349.25,487.35,151.64,0.0685604
354.275,487.35,151.28,0.07599993
359.3,487.35,150.93,0.08273299
364.325,487.35,150.59,0.08843103
369.35,487.35,150.25,0.09321453
374.375,487.35,149.92,0.0972492
379.4,487.35,149.59,0.1005067
384.425,487.35,149.26,0.103202
389.45,487.35,148.94,0.1056473
394.475,487.35,148.59,0.1073926
399.5,487.35,148.17,0.1070526
404.525,487.35,147.7,0.1037702
409.55,487.35,147.22,0.09762558
414.575,487.35,146.74,0.08893198
419.6,487.35,146.31,0.07770106
424.625,487.35,146.01,0.06416551
429.65,487.35,145.82,0.04911761
434.675,487.35,145.68,0.03342987
439.7,487.35,145.62,0.0186062
444.725,487.35,145.68,0.01051425
449.75,487.35,145.83,0.02040472
454.775,487.35,145.92,0.03576411
459.8,487.35,145.99,0.05377123
464.825,487.35,146.13,0.07502185
469.85,487.35,146.42,0.09706148
474.875,487.35,146.79,0.1173391
479.9,487.35,147.2,0.1339019
484.925,487.35,147.84,0.146133
489.95,487.35,148.98,0.1535768
494.975,487.35,150.29,0.1559244
500,487.35,151.04,0.1536039
505.025,487.35,151.44,0.148681
510.05,487.35,151.83,0.1425132
515.075,487.35,152.23,0.1361643
520.1,487.35,152.54,0.1309581
525.125,487.35,152.75,0.1270675
530.15,487.35,153.13,0.1239138
535.175,487.35,153.68,0.1209081
540.2,487.35,154.06,0.1172076
545.225,487.35,154.44,0.1126462
550.25,487.35,154.84,0.1075846
555.275,487.35,155.32,0.1013559
560.3,487.35,155.8,0.09344677
565.325,487.35,156.17,0.08460037
570.35,487.35,156.54,0.0759414
575.375,487.35,156.91,0.06775856
580.4,487.35,157.24,0.06103098
585.425,487.35,157.5,0.05570939
590.45,487.35,157.74,0.05155547
595.475,487.35,157.96,0.04816004
600.5,487.35,158.18,0.04465496
605.525,487.35,158.41,0.04082049
610.55,487.35,158.62,0.03686003
615.575,487.35,158.82,0.03276401
620.6,487.35,159,0.02826665
625.625,487.35,159.14,0.02362532
630.65,487.35,159.2,0.01971715
635.675,487.35,159.2,0.01721109
640.7,487.35,159.23,0.01618391
645.725,487.35,159.24,0.01608426
650.75,487.35,159.16,0.01624548
655.775,487.35,159.05,0.01607359
660.8,487.35,159.02,0.01538293
665.825,487.35,159.03,0.01458817
670.85,487.35,159.08,0.01431271
675.875,487.35,159.13,0.01478099
680.9,487.35,159.16,0.01588732
685.925,487.35,159.15,0.01770866
690.95,487.35,159.06,0.02001382
695.975,487.35,158.91,0.0224707
701,487.35,158.82,0.02435303
706.025,487.35,158.73,0.02494723
711.05,487.35,158.62,0.02414184
716.075,487.35,158.52,0.02264712
721.1,487.35,158.4,0.02128323
726.125,487.35,158.27,0.02037619
731.15,487.35,158.21,0.02000314
736.175,487.35,158.18,0.02036015
741.2,487.35,158.1,0.02168063
746.225,487.35,157.96,0.02410297
751.25,487.35,157.85,0.02736088
756.275,487.35,157.73,0.03092506
761.3,487.35,157.55,0.03397489
766.325,487.35,157.34,0.03650436
771.35,487.35,157.14,0.04072495
776.375,487.35,156.92,0.04900644
781.4,487.35,156.72,0.06170148
786.425,487.35,156.56,0.07823945
791.45,487.35,156.36,0.09713982
796.475,487.35,155.92,0.1168613
801.5,487.35,155.12,0.1367245
806.525,487.35,154.13,0.156365
811.55,487.35,153.18,0.1742189
816.575,487.35,152.23,0.187989
821.6,487.35,151.33,0.1949954
826.625,487.35,150.47,0.1954961
831.65,487.35,149.31,0.1913706
836.675,487.35,147.98,0.1845743
841.7,487.35,147.04,0.1771109
846.725,487.35,146.3,0.1689586
851.75,487.35,145.69,0.15944
856.775,487.35,145.09,0.1488647
861.8,487.35,144.49,0.138918
866.825,487.35,143.95,0.1327119
871.85,487.35,143.31,0.1305922
876.875,487.35,142.68,0.130802
881.9,487.35,142.23,0.1347651
886.925,487.35,141.7,0.1396592
891.95,487.35,141.05,0.1437345
896.975,487.35,140.39,0.1469953
902,487.35,139.66,0.145742
907.025,487.35,138.85,0.1428294
912.05,487.35,137.8,0.1370536
917.075,487.35,136.67,0.1328233
922.1,487.35,136.07,0.1282081
927.125,487.35,135.71,0.1217899
932.15,487.35,135.6,0.1151487
937.175,487.35,135.77,0.1084459
942.2,487.35,136.02,0.1042558
947.225,487.35,135.88,0.1045205
952.25,487.35,135.58,0.1082616
957.275,487.35,135.03,0.1067751
962.3,487.35,134.91,0.1025361
967.325,487.35,137.34,0.09947875
972.35,487.35,137.66,0.09530078
977.375,487.35,134.24,0.0860002
982.4,487.35,131.91,0.08209509
987.425,487.35,131.03,0.07882862
992.45,487.35,130.52,0.06627732
997.475,487.35,130.47,0.107899
1002.5,487.35,131.05,0.2188281
-2.5,492.4,136.29,0.2750283
2.525,492.4,137.66,0.2535611
7.55,492.4,138.91,0.2352696
12.575,492.4,139.27,0.2183327
17.6,492.4,139.2,0.2031069
22.625,492.4,139.33,0.1852756
27.65,492.4,139.99,0.1696162
32.675,492.4,140.02,0.1517508
37.7,492.4,139.91,0.1321226
42.725,492.4,140.38,0.1159295
47.75,492.4,141.12,0.1036202
52.775,492.4,141.56,0.0945378
57.8,492.4,141.9,0.091191
62.825,492.4,142.45,0.09440987
67.85,492.4,143.03,0.1009343
72.875,492.4,143.48,0.1088581
77.9,492.4,143.92,0.1152875
82.925,492.4,144.45,0.1192518
87.95,492.4,144.98,0.1201801
92.975,492.4,145.6,0.1184376
98,492.4,146.1,0.1146272
103.025,492.4,146.51,0.1085941
108.05,492.4,146.93,0.0999866
113.075,492.4,147.27,0.08925685
118.1,492.4,147.58,0.07689962
123.125,492.4,147.77,0.06380339
128.15,492.4,147.85,0.05125215
133.175,492.4,147.92,0.03949414
138.2,492.4,147.98,0.02932795
143.225,492.4,148,0.02134886
148.25,492.4,147.96,0.01582399
153.275,492.4,148,0.01325504
158.3,492.4,148.06,0.01372792
163.325,492.4,148.17,0.01624017
168.35,492.4,148.34,0.02039162
173.375,492.4,148.49,0.0257643
178.4,492.4,148.54,0.03164883
183.425,492.4,148.41,0.03761804
188.45,492.4,148.21,0.04240184
193.475,492.4,148.08,0.04483431
198.5,492.4,147.97,0.04472114
203.525,492.4,147.86,0.04321027
208.55,492.4,147.78,0.04233273
213.575,492.4,147.77,0.04312917
218.6,492.4,147.9,0.04576198
223.625,492.4,148.14,0.04932714
228.65,492.4,148.44,0.05266105
233.675,492.4,148.72,0.05485372
238.7,492.4,148.99,0.05572692
243.725,492.4,149.27,0.05548246
248.75,492.4,149.54,0.05458082
253.775,492.4,149.77,0.05346147
258.8,492.4,149.99,0.05256026
263.825,492.4,150.22,0.05220026
268.85,492.4,150.45,0.05222966
273.875,492.4,150.68,0.0522717
278.9,492.4,150.9,0.05194257
283.925,492.4,151.12,0.05089269
288.95,492.4,151.35,0.04916869
293.975,492.4,151.55,0.04716571
299,492.4,151.73,0.04528495
304.025,492.4,151.86,0.04387292
309.05,492.4,151.94,0.04273411
314.075,492.4,152.02,0.04160406
319.1,492.4,152.07,0.0404479
324.125,492.4,152.12,0.04012353
329.15,492.4,152.16,0.0417878
334.175,492.4,152.17,0.045683
339.2,492.4,152.15,0.05162876
344.225,492.4,152.06,0.05893107
349.25,492.4,151.89,0.06646826
354.275,492.4,151.61,0.07390962
359.3,492.4,151.29,0.08081635
364.325,492.4,150.97,0.08675493
369.35,492.4,150.64,0.09186986
374.375,492.4,150.32,0.09640077
379.4,492.4,149.99,0.1002139
384.425,492.4,149.65,0.1033364
389.45,492.4,149.3,0.1058591
394.475,492.4,148.94,0.1077388
399.5,492.4,148.54,0.108254
404.525,492.4,148.06,0.1069344
409.55,492.4,147.53,0.1035736
414.575,492.4,147.07,0.0988342
419.6,492.4,146.66,0.09279929
424.625,492.4,146.42,0.08444399
429.65,492.4,146.35,0.07435782
434.675,492.4,146.19,0.06339768
439.7,492.4,146.04,0.05180644
444.725,492.4,145.95,0.03901311
449.75,492.4,145.94,0.02572962
454.775,492.4,145.97,0.01509006
459.8,492.4,145.92,0.02098205
464.825,492.4,145.94,0.04351177
469.85,492.4,146.07,0.071121
474.875,492.4,146.39,0.09765971
479.9,492.4,146.78,0.1199526
484.925,492.4,147.48,0.1374466
489.95,492.4,148.49,0.1499501
494.975,492.4,149.64,0.1571063
500,492.4,150.47,0.1589625
505.025,492.4,150.87,0.1581794
510.05,492.4,151.12,0.1567494
515.075,492.4,151.47,0.1546978
520.1,492.4,151.83,0.1525521
525.125,492.4,152.07,0.1496139
530.15,492.4,152.25,0.1465734
535.175,492.4,152.73,0.1439159
540.2,492.4,153.28,0.1403464
545.225,492.4,153.88,0.1353687
550.25,492.4,154.6,0.1295097
555.275,492.4,155.18,0.1219306
560.3,492.4,155.76,0.1115251
565.325,492.4,156.2,0.09881247
570.35,492.4,156.54,0.08567251
575.375,492.4,156.92,0.07329109
580.4,492.4,157.27,0.06341786
585.425,492.4,157.53,0.05640694
590.45,492.4,157.73,0.05126129
595.475,492.4,157.94,0.04743141
600.5,492.4,158.16,0.0440102
605.525,492.4,158.39,0.04034831
610.55,492.4,158.61,0.03667438
615.575,492.4,158.81,0.0329231
620.6,492.4,159,0.02864203
625.625,492.4,159.14,0.02367893
630.65,492.4,159.24,0.01892388
635.675,492.4,159.28,0.01564449
640.7,492.4,159.31,0.01459079
645.725,492.4,159.33,0.01526777
650.75,492.4,159.3,0.01662116
655.775,492.4,159.22,0.01764781
660.8,492.4,159.17,0.01772441
665.825,492.4,159.16,0.01733261
670.85,492.4,159.17,0.01710981
675.875,492.4,159.2,0.01682855
680.9,492.4,159.2,0.0164994
685.925,492.4,159.16,0.01670331
690.95,492.4,159.06,0.01756285
695.975,492.4,158.93,0.01895995
701,492.4,158.83,0.0202564
706.025,492.4,158.74,0.02057841
711.05,492.4,158.62,0.01985882
716.075,492.4,158.51,0.01877707
721.1,492.4,158.42,0.01808007
726.125,492.4,158.34,0.01799649
731.15,492.4,158.28,0.01861603
736.175,492.4,158.23,0.02004738
741.2,492.4,158.15,0.02213385
746.225,492.4,158.03,0.02495942
751.25,492.4,157.89,0.02833539
756.275,492.4,157.76,0.03174337
761.3,492.4,157.59,0.03442175
766.325,492.4,157.38,0.0365084
771.35,492.4,157.17,0.04008081
776.375,492.4,156.97,0.0477489
781.4,492.4,156.76,0.06011305
786.425,492.4,156.62,0.07632305
791.45,492.4,156.5,0.09496805
796.475,492.4,156.14,0.114472
801.5,492.4,155.44,0.1337703
806.525,492.4,154.46,0.1534744
811.55,492.4,153.37,0.1723136
816.575,492.4,152.43,0.1876745
821.6,492.4,151.51,0.1969215
826.625,492.4,150.64,0.1991915
831.65,492.4,149.8,0.1961299
836.675,492.4,148.64,0.1898134
841.7,492.4,147.6,0.1827692
846.725,492.4,146.74,0.1760762
851.75,492.4,145.9,0.168455
856.775,492.4,145.21,0.1593952
861.8,492.4,144.49,0.1508094
866.825,492.4,143.86,0.1455679
871.85,492.4,143.26,0.1455364
876.875,492.4,142.54,0.1488827
881.9,492.4,141.92,0.1530883
886.925,492.4,141.24,0.1574918
891.95,492.4,140.38,0.1573514
896.975,492.4,139.63,0.1571208
902,492.4,138.94,0.1515001
907.025,492.4,138.17,0.1416982
912.05,492.4,137.51,0.132556
917.075,492.4,136.62,0.1267582
922.1,492.4,135.94,0.1207069
927.125,492.4,135.46,0.1160801
932.15,492.4,135.21,0.112084
937.175,492.4,135.7,0.1104313
942.2,492.4,135.58,0.1150218
947.225,492.4,135.37,0.1226148
952.25,492.4,134.81,0.1298608
957.275,492.4,134.27,0.1260599
962.3,492.4,134.13,0.1115891
967.325,492.4,133.67,0.09584318
972.35,492.4,133.37,0.08277534
977.375,492.4,132.37,0.06997532
982.4,492.4,131.69,0.05844905
987.425,492.4,131,0.04669501
992.45,492.4,130.74,0.04796734
997.475,492.4,131.88,0.115159
1002.5,492.4,131.78,0.1660192
-2.5,497.45,136.78,0.3055976
2.525,497.45,138.13,0.2819709
7.55,497.45,139.3,0.2579746
12.575,497.45,139.97,0.2420422
17.6,497.45,140.08,0.2245986
22.625,497.45,140.41,0.2029672
27.65,497.45,140.6,0.1872668
32.675,497.45,140.61,0.1716324
37.7,497.45,140.55,0.152322
42.725,497.45,141,0.1337876
47.75,497.45,141.23,0.1123261
52.775,497.45,141.66,0.09237746
57.8,497.45,141.96,0.08086987
62.825,497.45,142.34,0.07796572
67.85,497.45,142.78,0.0821246
72.875,497.45,143.25,0.09152953
77.9,497.45,143.65,0.1020497
82.925,497.45,144.09,0.1094317
87.95,497.45,144.56,0.1140778
92.975,497.45,145.03,0.1159629
98,497.45,145.52,0.1159915
103.025,497.45,145.97,0.113837
108.05,497.45,146.48,0.1087187
113.075,497.45,146.93,0.1005351
118.1,497.45,147.27,0.08930585
123.125,497.45,147.51,0.07627003
128.15,497.45,147.63,0.0631191
133.175,497.45,147.71,0.05086443
138.2,497.45,147.83,0.04027747
143.225,497.45,147.9,0.03227656
148.25,497.45,147.9,0.02683286
153.275,497.45,147.93,0.02309619
158.3,497.45,148.04,0.0199712
163.325,497.45,148.2,0.01760358
168.35,497.45,148.45,0.01814307
173.375,497.45,148.65,0.02249891
178.4,497.45,148.72,0.02794566
183.425,497.45,148.67,0.03375548
188.45,497.45,148.48,0.03885228
193.475,497.45,148.3,0.04171438
198.5,497.45,148.21,0.04248515
203.525,497.45,148.13,0.04166694
208.55,497.45,148.06,0.04159619
213.575,497.45,148.04,0.04291681
218.6,497.45,148.12,0.04523999
223.625,497.45,148.3,0.04846606
228.65,497.45,148.57,0.05174994
233.675,497.45,148.84,0.05407891
238.7,497.45,149.08,0.05525868
243.725,497.45,149.34,0.05545214
248.75,497.45,149.6,0.05501773
253.775,497.45,149.85,0.05438089
258.8,497.45,150.09,0.05397062
263.825,497.45,150.33,0.05397354
268.85,497.45,150.57,0.05424562
273.875,497.45,150.81,0.05431876
278.9,497.45,151.05,0.05367718
283.925,497.45,151.28,0.05195638
288.95,497.45,151.53,0.04954338
293.975,497.45,151.75,0.04693852
299,497.45,151.92,0.0445184
304.025,497.45,152.05,0.04267102
309.05,497.45,152.12,0.04106715
314.075,497.45,152.17,0.03920283
319.1,497.45,152.23,0.03712806
324.125,497.45,152.29,0.03617246
329.15,497.45,152.35,0.03799717
334.175,497.45,152.38,0.04259762
339.2,497.45,152.35,0.04923387
344.225,497.45,152.26,0.05694939
349.25,497.45,152.09,0.0642995
354.275,497.45,151.88,0.07106449
359.3,497.45,151.63,0.07761777
364.325,497.45,151.35,0.08368927
369.35,497.45,151.03,0.08939596
374.375,497.45,150.71,0.0948038
379.4,497.45,150.39,0.0995277
384.425,497.45,150.04,0.1034649
389.45,497.45,149.68,0.1065176
394.475,497.45,149.3,0.1087727
399.5,497.45,148.9,0.109818
404.525,497.45,148.44,0.1095339
409.55,497.45,147.91,0.1075421
414.575,497.45,147.44,0.1046876
419.6,497.45,147.09,0.1029368
424.625,497.45,146.86,0.1000473
429.65,497.45,146.82,0.0950644
434.675,497.45,146.78,0.08934452
439.7,497.45,146.6,0.08267212
444.725,497.45,146.45,0.07433936
449.75,497.45,146.25,0.06375001
454.775,497.45,146.13,0.05260426
459.8,497.45,146.04,0.03969117
464.825,497.45,145.98,0.03315107
469.85,497.45,145.97,0.04846946
474.875,497.45,146.15,0.07464203
479.9,497.45,146.5,0.09987874
484.925,497.45,147.12,0.1204499
489.95,497.45,148.14,0.1369855
494.975,497.45,149.1,0.1485872
500,497.45,149.82,0.1558003
505.025,497.45,150.24,0.1606756
510.05,497.45,150.48,0.1659557
515.075,497.45,150.68,0.1696751
520.1,497.45,151.02,0.1706524
525.125,497.45,151.3,0.1685791
530.15,497.45,151.52,0.1655779
535.175,497.45,151.84,0.1639865
540.2,497.45,152.42,0.1618577
545.225,497.45,153.12,0.1580264
550.25,497.45,154.09,0.152384
555.275,497.45,154.97,0.1444224
560.3,497.45,155.64,0.1320923
565.325,497.45,156.19,0.1160385
570.35,497.45,156.56,0.09851149
575.375,497.45,156.89,0.081795
580.4,497.45,157.25,0.06817005
585.425,497.45,157.53,0.05862521
590.45,497.45,157.72,0.05216586
595.475,497.45,157.9,0.04767054
600.5,497.45,158.12,0.04424485
605.525,497.45,158.34,0.0409185
610.55,497.45,158.57,0.03756287
615.575,497.45,158.77,0.03425003
620.6,497.45,158.96,0.03038963
625.625,497.45,159.11,0.02559008
630.65,497.45,159.23,0.02044672
635.675,497.45,159.31,0.01611891
640.7,497.45,159.37,0.01380359
645.725,497.45,159.41,0.0137605
650.75,497.45,159.4,0.0155197
655.775,497.45,159.37,0.01769879
660.8,497.45,159.34,0.01879113
665.825,497.45,159.32,0.01926465
670.85,497.45,159.3,0.02008044
675.875,497.45,159.28,0.02043917
680.9,497.45,159.24,0.01941995
685.925,497.45,159.16,0.01812612
690.95,497.45,159.05,0.0173454
695.975,497.45,158.92,0.01786125
701,497.45,158.82,0.01880534
706.025,497.45,158.72,0.01903063
711.05,497.45,158.61,0.01844882
716.075,497.45,158.49,0.01748222
721.1,497.45,158.41,0.01689434
726.125,497.45,158.35,0.01702068
731.15,497.45,158.33,0.01781494
736.175,497.45,158.28,0.01963598
741.2,497.45,158.2,0.02222464
746.225,497.45,158.09,0.02526957
751.25,497.45,157.94,0.02875104
756.275,497.45,157.79,0.03216582
761.3,497.45,157.63,0.03462856
766.325,497.45,157.43,0.0362444
771.35,497.45,157.21,0.03934781
776.375,497.45,157.01,0.04639232
781.4,497.45,156.8,0.05857184
786.425,497.45,156.63,0.07483646
791.45,497.45,156.55,0.09300737
796.475,497.45,156.31,0.1117313
801.5,497.45,155.72,0.1299942
806.525,497.45,154.87,0.1483202
811.55,497.45,153.72,0.1670562
816.575,497.45,152.64,0.1835778
821.6,497.45,151.73,0.1954867
826.625,497.45,150.86,0.2006205
831.65,497.45,150.06,0.1992543
836.675,497.45,149.24,0.1940478
841.7,497.45,148.25,0.1882905
846.725,497.45,147.34,0.1836391
851.75,497.45,146.33,0.1791661
856.775,497.45,145.39,0.1731402
861.8,497.45,144.55,0.166753
866.825,497.45,143.76,0.1636198
871.85,497.45,143.08,0.1645735
876.875,497.45,142.35,0.1683214
881.9,497.45,141.57,0.1707963
886.925,497.45,140.75,0.1696696
891.95,497.45,139.78,0.1618458
896.975,497.45,138.88,0.1496002
902,497.45,138.22,0.1372502
907.025,497.45,137.6,0.1262467
912.05,497.45,137.15,0.1148468
917.075,497.45,136.77,0.1099543
922.1,497.45,136.26,0.1094124
927.125,497.45,136.18,0.1096061
932.15,497.45,135.27,0.1070904
937.175,497.45,134.51,0.1133918
942.2,497.45,134.13,0.1236203
947.225,497.45,133.92,0.1460272
952.25,497.45,133.45,0.1574918
957.275,497.45,132.59,0.1526073
962.3,497.45,132.6,0.130212
967.325,497.45,131.04,0.1084994
972.35,497.45,131.58,0.0882318
977.375,497.45,130.93,0.06912964
982.4,497.45,132.02,0.04375036
987.425,497.45,131.88,0.00590139
992.45,497.45,131.69,0.0618908
997.475,497.45,131.6,0.1379562
1002.5,497.45,131.97,0.1692481
-2.5,502.5,137.27,0.3112909
2.525,502.5,138.42,0.2522336
7.55,502.5,139.65,0.2120256
12.575,502.5,140.59,0.1940104
17.6,502.5,140.98,0.1759318
22.625,502.5,141.12,0.1529059
27.65,502.5,140.97,0.1443549
32.675,502.5,140.92,0.1420181
37.7,502.5,141.33,0.1403018
42.725,502.5,141.8,0.1367726
47.75,502.5,141.87,0.1164977
52.775,502.5,141.82,0.09128746
57.8,502.5,141.99,0.07678001
62.825,502.5,142.26,0.06816134
67.85,502.5,142.6,0.06326222
72.875,502.5,142.98,0.0703697
77.9,502.5,143.36,0.08307116
82.925,502.5,143.74,0.09464884
87.95,502.5,144.14,0.1019193
92.975,502.5,144.56,0.1071882
98,502.5,145,0.1110328
103.025,502.5,145.47,0.1131818
108.05,502.5,146.02,0.1124328
113.075,502.5,146.53,0.1077258
118.1,502.5,146.92,0.098978
123.125,502.5,147.21,0.08705061
128.15,502.5,147.4,0.07500311
133.175,502.5,147.53,0.06277689
138.2,502.5,147.67,0.05142242
143.225,502.5,147.79,0.04318716
148.25,502.5,147.85,0.03789781
153.275,502.5,147.93,0.03360604
158.3,502.5,148.06,0.02884693
163.325,502.5,148.24,0.02330198
168.35,502.5,148.51,0.02066867
173.375,502.5,148.75,0.02427428
178.4,502.5,148.85,0.02898885
183.425,502.5,148.85,0.0330163
188.45,502.5,148.72,0.03612924
193.475,502.5,148.56,0.03715485
198.5,502.5,148.47,0.03684495
203.525,502.5,148.41,0.03600895
208.55,502.5,148.34,0.03534062
213.575,502.5,148.32,0.03837098
218.6,502.5,148.38,0.04221172
223.625,502.5,148.5,0.04642595
228.65,502.5,148.71,0.05110828
233.675,502.5,148.96,0.05433339
238.7,502.5,149.19,0.05611569
243.725,502.5,149.43,0.0565205
248.75,502.5,149.68,0.0561307
253.775,502.5,149.94,0.05565225
258.8,502.5,150.19,0.05570164
263.825,502.5,150.44,0.05586331
268.85,502.5,150.7,0.05591709
273.875,502.5,150.95,0.05553488
278.9,502.5,151.19,0.05427771
283.925,502.5,151.43,0.05184455
288.95,502.5,151.69,0.04882394
293.975,502.5,151.92,0.04572839
299,502.5,152.09,0.04353546
304.025,502.5,152.22,0.04153206
309.05,502.5,152.29,0.0393394
314.075,502.5,152.34,0.03659607
319.1,502.5,152.4,0.03344771
324.125,502.5,152.45,0.03193982
329.15,502.5,152.52,0.03460975
334.175,502.5,152.55,0.04096125
339.2,502.5,152.52,0.04877002
344.225,502.5,152.44,0.05639993
349.25,502.5,152.31,0.06218282
354.275,502.5,152.13,0.06686507
359.3,502.5,151.93,0.07160681
364.325,502.5,151.69,0.07711097
369.35,502.5,151.4,0.0831318
374.375,502.5,151.09,0.08991338
379.4,502.5,150.76,0.09676811
384.425,502.5,150.41,0.1029359
389.45,502.5,150.04,0.1084772
394.475,502.5,149.65,0.1120773
399.5,502.5,149.25,0.1137425
404.525,502.5,148.82,0.1131088
409.55,502.5,148.33,0.1111501
414.575,502.5,147.87,0.1072099
419.6,502.5,147.54,0.1048678
424.625,502.5,147.32,0.1044056
429.65,502.5,147.24,0.1032647
434.675,502.5,147.18,0.1026052
439.7,502.5,147.03,0.1008535
444.725,502.5,146.82,0.09802308
449.75,502.5,146.53,0.09098817
454.775,502.5,146.25,0.0823409
459.8,502.5,146.1,0.07166763
464.825,502.5,146.02,0.05516973
469.85,502.5,145.95,0.04090981
474.875,502.5,146.02,0.05518194
479.9,502.5,146.32,0.0798034
484.925,502.5,146.83,0.09958806
489.95,502.5,147.67,0.1133343
494.975,502.5,148.54,0.1261402
500,502.5,149.14,0.1366121
505.025,502.5,149.58,0.147124
510.05,502.5,149.83,0.1610237
515.075,502.5,150.03,0.173802
520.1,502.5,150.31,0.1784282
525.125,502.5,150.61,0.1761804
530.15,502.5,150.86,0.1730656
535.175,502.5,151.21,0.173419
540.2,502.5,151.77,0.1751705
545.225,502.5,152.52,0.1749455
550.25,502.5,153.58,0.1712931
555.275,502.5,154.64,0.1641441
560.3,502.5,155.43,0.1522898
565.325,502.5,156.05,0.1350861
570.35,502.5,156.51,0.1151774
575.375,502.5,156.86,0.09505602
580.4,502.5,157.2,0.0771896
585.425,502.5,157.49,0.06404869
590.45,502.5,157.7,0.05545322
595.475,502.5,157.88,0.04975355
600.5,502.5,158.09,0.04572057
605.525,502.5,158.3,0.04235661
610.55,502.5,158.53,0.03880829
615.575,502.5,158.74,0.03565838
620.6,502.5,158.92,0.03235635
625.625,502.5,159.08,0.02823107
630.65,502.5,159.21,0.023477
635.675,502.5,159.33,0.01894321
640.7,502.5,159.41,0.01521367
645.725,502.5,159.46,0.01232432
650.75,502.5,159.48,0.01061132
655.775,502.5,159.48,0.01175535
660.8,502.5,159.47,0.0135412
665.825,502.5,159.44,0.0159351
670.85,502.5,159.4,0.01929425
675.875,502.5,159.34,0.02202966
680.9,502.5,159.27,0.02277434
685.925,502.5,159.18,0.02126639
690.95,502.5,159.06,0.01929278
695.975,502.5,158.94,0.01867356
701,502.5,158.83,0.01934391
706.025,502.5,158.72,0.01941754
711.05,502.5,158.62,0.01887448
716.075,502.5,158.52,0.01812163
721.1,502.5,158.44,0.01779441
726.125,502.5,158.38,0.0178459
731.15,502.5,158.35,0.01806433
736.175,502.5,158.31,0.01936865
741.2,502.5,158.23,0.0221515
746.225,502.5,158.12,0.02542139
751.25,502.5,157.98,0.02885871
756.275,502.5,157.82,0.03221055
761.3,502.5,157.65,0.03452258
766.325,502.5,157.46,0.0357606
771.35,502.5,157.26,0.03835803
776.375,502.5,157.04,0.04503934
781.4,502.5,156.83,0.05739453
786.425,502.5,156.63,0.07489509
791.45,502.5,156.53,0.09381034
796.475,502.5,156.32,0.1109429
801.5,502.5,155.82,0.1264143
806.525,502.5,155.08,0.1417828
811.55,502.5,154.03,0.1587495
816.575,502.5,152.9,0.1750405
821.6,502.5,151.95,0.1887827
826.625,502.5,151.1,0.1967129
831.65,502.5,150.36,0.1973017
836.675,502.5,149.63,0.1943523
841.7,502.5,148.76,0.1909594
846.725,502.5,147.8,0.1897182
851.75,502.5,146.72,0.1896713
856.775,502.5,145.63,0.1878937
861.8,502.5,144.65,0.1849912
866.825,502.5,143.74,0.1840704
871.85,502.5,142.93,0.1851493
876.875,502.5,142.12,0.1851135
881.9,502.5,141.26,0.1814488
886.925,502.5,140.35,0.171438
891.95,502.5,139.31,0.1552316
896.975,502.5,138.35,0.13467
902,502.5,137.68,0.1182476
907.025,502.5,137.22,0.1050469
912.05,502.5,137.04,0.09965926
917.075,502.5,136.97,0.09936618
922.1,502.5,136.76,0.1045113
927.125,502.5,136.61,0.1044923
932.15,502.5,136.2,0.1050662
937.175,502.5,135.51,0.1022319
942.2,502.5,133.93,0.1124649
947.225,502.5,133.31,0.1360169
952.25,502.5,133.03,0.1394075
957.275,502.5,132.98,0.1173076
962.3,502.5,132.36,0.1040587
967.325,502.5,132.78,0.09005
972.35,502.5,132.76,0.0484693
977.375,502.5,132.87,0.03992794
982.4,502.5,133.44,0.03120638
987.425,502.5,134.16,0.05159688
992.45,502.5,133.47,0.1308638
997.475,502.5,132.39,0.2258891
1002.5,502.5,132.45,0.2447303
